batch_id,order_id,material_id,batch_size,uom,route,scheduled_start,scheduled_end,cycle_time_hr,yield_qty,yield_pct,status,deviations_count,rework_flag,primary_equipment_id,actual_start,actual_end,std_yield_pct,std_cycle_time_hr,steps,wait_time_min,active_time_min,lims_first_pass,alarm_count,wait_time_hr,active_time_hr,delay_vs_schedule_hr,on_time,rft,alarms_per_hr,month,iso_week
B2025-00001,PO2025-0001,FG-MAB1-FILL,23345,vial,Upstreamâ†’Downstreamâ†’Fill,06/01/2025 00:00,06/01/2025 22:14,22.23,22978,98.43,Quarantined,0,FALSE,VIAL-1,02/01/2025,11/01/2025,98.52,74.84,7,150,1184,1,,2.5,19.73333333,-97.76666667,1,1,0,2025-01,2
B2025-00002,PO2025-0001,FG-MAB1-FILL,25049,vial,Upstreamâ†’Downstreamâ†’Fill,06/01/2025 07:00,07/01/2025 08:35,25.58,24619,98.29,Released,0,FALSE,VIAL-2,02/01/2025,11/01/2025,98.52,74.84,7,120,1415,1,1,2,23.58333333,-87.41666667,1,1,0.039093041,2025-01,2
B2025-00003,PO2025-0001,FG-MAB1-FILL,26952,vial,Upstreamâ†’Downstreamâ†’Fill,07/01/2025 05:00,07/01/2025 20:41,15.68,27186,100.87,Released,0,FALSE,VIAL-1,02/01/2025,11/01/2025,98.52,74.84,7,60,881,1,,1,14.68333333,-75.31666667,1,1,0,2025-01,2
B2025-00004,PO2025-0002,FG-VA01,18562,vial,Upstreamâ†’Downstreamâ†’Fill,11/01/2025 04:00,12/01/2025 02:22,22.37,18049,97.24,Released,0,FALSE,VIAL-2,09/01/2025,20/01/2025,98.28,78.06,7,150,1192,0,1,2.5,19.86666667,-189.6333333,1,0,0.044702727,2025-01,2
B2025-00005,PO2025-0002,FG-VA01,20445,vial,Upstreamâ†’Downstreamâ†’Fill,18/01/2025 20:00,19/01/2025 14:50,18.83,19757,96.64,Rejected,0,FALSE,VIAL-1,09/01/2025,20/01/2025,98.28,78.06,7,210,920,1,1,3.5,15.33333333,-9.166666667,1,1,0.053106745,2025-01,3
B2025-00006,PO2025-0002,FG-VA01,21138,vial,Upstreamâ†’Downstreamâ†’Fill,19/01/2025 01:00,19/01/2025 23:16,22.27,20663,97.75,Quarantined,0,TRUE,VIAL-2,09/01/2025,20/01/2025,98.28,78.06,7,270,1066,1,2,4.5,17.76666667,-0.733333333,1,1,0.089806915,2025-01,3
B2025-00007,PO2025-0003,FG-VA01,21845,vial,Upstreamâ†’Downstreamâ†’Fill,10/01/2025 08:00,11/01/2025 08:00,24.0,20738,94.93,Released,0,FALSE,VIAL-1,07/01/2025,20/01/2025,98.16,73.4,7,60,1290,0,2,1,21.5,-209.5,1,0,0.088888889,2025-01,2
B2025-00008,PO2025-0003,FG-VA01,19568,vial,Upstreamâ†’Downstreamâ†’Fill,17/01/2025 02:00,17/01/2025 23:43,21.72,19071,97.46,Released,0,FALSE,VIAL-2,07/01/2025,20/01/2025,98.16,73.4,7,90,1213,1,2,1.5,20.21666667,-48.28333333,1,1,0.092081031,2025-01,3
B2025-00009,PO2025-0004,FG-SMALLM,516124,tablet,Blendâ†’Compressâ†’Coatâ†’Pack,17/01/2025 17:00,18/01/2025 02:23,9.38,488284,94.61,Released,0,FALSE,TAB-1,16/01/2025,26/01/2025,97.54,33.21,5,90,473,1,1,1.5,7.883333333,-189.6166667,1,1,0.106609808,2025-01,3
B2025-00010,PO2025-0004,FG-SMALLM,460570,tablet,Blendâ†’Compressâ†’Coatâ†’Pack,19/01/2025 08:00,19/01/2025 18:25,10.42,448211,97.32,Quarantined,0,FALSE,TAB-1,16/01/2025,26/01/2025,97.54,33.21,5,210,415,1,,3.5,6.916666667,-149.5833333,1,1,0,2025-01,3
B2025-00011,PO2025-0004,FG-SMALLM,408687,tablet,Blendâ†’Compressâ†’Coatâ†’Pack,19/01/2025 13:00,20/01/2025 01:10,12.17,402145,98.4,Quarantined,0,FALSE,COAT-1,16/01/2025,26/01/2025,97.54,33.21,5,210,520,0,,3.5,8.666666667,-142.8333333,1,0,0,2025-01,4
B2025-00012,PO2025-0004,FG-SMALLM,488997,tablet,Blendâ†’Compressâ†’Coatâ†’Pack,23/01/2025 02:00,23/01/2025 11:31,9.52,482943,98.76,Released,1,FALSE,COAT-1,16/01/2025,26/01/2025,97.54,33.21,5,90,481,1,1,1.5,8.016666667,-60.48333333,1,0,0.105042017,2025-01,4
B2025-00013,PO2025-0004,FG-SMALLM,460482,tablet,Blendâ†’Compressâ†’Coatâ†’Pack,25/01/2025 21:00,26/01/2025 05:50,8.83,440300,95.62,Released,0,FALSE,COAT-1,16/01/2025,26/01/2025,97.54,33.21,5,60,470,1,,1,7.833333333,5.833333333,0,1,0,2025-01,4
B2025-00014,PO2025-0005,FG-MAB1,915,L,Upstreamâ†’Downstream,13/01/2025 05:00,14/01/2025 02:59,21.98,886,96.94,Released,0,FALSE,F-301,13/01/2025,18/01/2025,97.57,68.81,7,240,1079,1,2,4,17.98333333,-93.01666667,1,1,0.090991811,2025-01,3
B2025-00015,PO2025-0005,FG-MAB1,931,L,Upstreamâ†’Downstream,13/01/2025 21:00,14/01/2025 14:27,17.45,907,97.5,Released,0,FALSE,F-301,13/01/2025,18/01/2025,97.57,68.81,7,60,987,0,,1,16.45,-81.55,1,0,0,2025-01,3
B2025-00016,PO2025-0005,FG-MAB1,971,L,Upstreamâ†’Downstream,15/01/2025 18:00,16/01/2025 12:36,18.6,935,96.3,Quarantined,0,FALSE,C-201,13/01/2025,18/01/2025,97.57,68.81,7,240,876,1,,4,14.6,-35.4,1,1,0,2025-01,3
B2025-00017,PO2025-0005,FG-MAB1,933,L,Upstreamâ†’Downstream,17/01/2025 18:00,18/01/2025 11:58,17.97,905,97.05,Rejected,0,FALSE,C-201,13/01/2025,18/01/2025,97.57,68.81,7,30,1048,0,2,0.5,17.46666667,11.96666667,0,0,0.111296605,2025-01,3
B2025-00018,PO2025-0006,FG-VA01,21492,vial,Upstreamâ†’Downstreamâ†’Fill,22/01/2025 16:00,23/01/2025 10:38,18.63,20920,97.34,Released,0,FALSE,VIAL-1,16/01/2025,30/01/2025,97.3,59.16,7,240,878,1,1,4,14.63333333,-157.3666667,1,1,0.053676865,2025-01,4
B2025-00019,PO2025-0006,FG-VA01,17341,vial,Upstreamâ†’Downstreamâ†’Fill,23/01/2025 13:00,24/01/2025 09:09,20.15,16918,97.56,Released,0,FALSE,VIAL-1,16/01/2025,30/01/2025,97.3,59.16,7,90,1119,1,1,1.5,18.65,-134.85,1,1,0.049627792,2025-01,4
B2025-00020,PO2025-0006,FG-VA01,17167,vial,Upstreamâ†’Downstreamâ†’Fill,26/01/2025 17:00,27/01/2025 15:20,22.33,16373,95.38,Released,0,FALSE,VIAL-2,16/01/2025,30/01/2025,97.3,59.16,7,240,1100,1,2,4,18.33333333,-56.66666667,1,1,0.089565607,2025-01,5
B2025-00021,PO2025-0006,FG-VA01,19307,vial,Upstreamâ†’Downstreamâ†’Fill,29/01/2025 00:00,29/01/2025 20:05,20.08,19053,98.69,Quarantined,0,FALSE,VIAL-1,16/01/2025,30/01/2025,97.3,59.16,7,120,1085,1,,2,18.08333333,-3.916666667,1,1,0,2025-01,5
B2025-00022,PO2025-0007,FG-VA01,21682,vial,Upstreamâ†’Downstreamâ†’Fill,24/01/2025 15:00,25/01/2025 09:50,18.83,20887,96.34,Released,0,FALSE,VIAL-2,22/01/2025,04/02/2025,99.49,71.85,7,150,980,1,,2.5,16.33333333,-230.1666667,1,1,0,2025-01,4
B2025-00023,PO2025-0007,FG-VA01,21830,vial,Upstreamâ†’Downstreamâ†’Fill,26/01/2025 13:00,27/01/2025 09:01,20.02,21207,97.15,Released,0,FALSE,VIAL-1,22/01/2025,04/02/2025,99.49,71.85,7,90,1111,1,1,1.5,18.51666667,-182.9833333,1,1,0.04995005,2025-01,5
B2025-00024,PO2025-0007,FG-VA01,22415,vial,Upstreamâ†’Downstreamâ†’Fill,30/01/2025 22:00,31/01/2025 21:54,23.9,22350,99.71,Released,0,FALSE,VIAL-2,22/01/2025,04/02/2025,99.49,71.85,7,330,1104,1,,5.5,18.4,-74.1,1,1,0,2025-01,5
B2025-00025,PO2025-0007,FG-VA01,22169,vial,Upstreamâ†’Downstreamâ†’Fill,02/02/2025 09:00,03/02/2025 03:57,18.95,20967,94.58,Released,0,FALSE,VIAL-2,22/01/2025,04/02/2025,99.49,71.85,7,210,927,1,1,3.5,15.45,-20.05,1,1,0.052770449,2025-02,6
B2025-00026,PO2025-0008,FG-SMALLM,507221,tablet,Blendâ†’Compressâ†’Coatâ†’Pack,27/01/2025 18:00,28/01/2025 08:25,14.42,478210,94.28,Released,0,FALSE,COAT-1,24/01/2025,02/02/2025,96.85,38.25,5,240,625,1,1,4,10.41666667,-111.5833333,1,1,0.069348128,2025-01,5
B2025-00027,PO2025-0008,FG-SMALLM,518858,tablet,Blendâ†’Compressâ†’Coatâ†’Pack,29/01/2025 06:00,29/01/2025 16:57,10.95,507711,97.85,Rejected,2,FALSE,TAB-1,24/01/2025,02/02/2025,96.85,38.25,5,90,567,0,1,1.5,9.45,-79.05,1,0,0.091324201,2025-01,5
B2025-00028,PO2025-0008,FG-SMALLM,600000,tablet,Blendâ†’Compressâ†’Coatâ†’Pack,29/01/2025 23:00,30/01/2025 08:19,9.32,571949,95.32,Quarantined,0,TRUE,COAT-1,24/01/2025,02/02/2025,96.85,38.25,5,90,469,1,1,1.5,7.816666667,-63.68333333,1,1,0.107296137,2025-01,5
B2025-00029,PO2025-0008,FG-SMALLM,433805,tablet,Blendâ†’Compressâ†’Coatâ†’Pack,30/01/2025 01:00,30/01/2025 11:00,10,415499,95.78,Released,0,FALSE,TAB-1,24/01/2025,02/02/2025,96.85,38.25,5,120,480,0,1,2,8,-61,1,0,0.1,2025-01,5
B2025-00030,PO2025-0008,FG-SMALLM,499733,tablet,Blendâ†’Compressâ†’Coatâ†’Pack,30/01/2025 07:00,30/01/2025 17:22,10.37,477236,95.5,Released,0,FALSE,COAT-1,24/01/2025,02/02/2025,96.85,38.25,5,180,442,1,3,3,7.366666667,-54.63333333,1,1,0.289296046,2025-01,5
B2025-00031,PO2025-0009,FG-VA02,16406,syringe,Upstreamâ†’Downstreamâ†’Fill,26/01/2025 20:00,27/01/2025 16:25,20.42,16252,99.07,Released,0,FALSE,VIAL-2,21/01/2025,02/02/2025,99.12,76.68,7,210,1015,1,2,3.5,16.91666667,-127.5833333,1,1,0.097943193,2025-01,5
B2025-00032,PO2025-0009,FG-VA02,21600,syringe,Upstreamâ†’Downstreamâ†’Fill,26/01/2025 21:00,27/01/2025 14:46,17.77,20894,96.74,Released,0,FALSE,VIAL-2,21/01/2025,02/02/2025,99.12,76.68,7,210,856,1,,3.5,14.26666667,-129.2333333,1,1,0,2025-01,5
B2025-00033,PO2025-0009,FG-VA02,16879,syringe,Upstreamâ†’Downstreamâ†’Fill,29/01/2025 12:00,30/01/2025 05:37,17.62,16375,97.02,Released,0,FALSE,VIAL-1,21/01/2025,02/02/2025,99.12,76.68,7,120,937,1,,2,15.61666667,-66.38333333,1,1,0,2025-01,5
B2025-00034,PO2025-0010,FG-VA02,18142,syringe,Upstreamâ†’Downstreamâ†’Fill,27/01/2025 09:00,28/01/2025 03:40,18.67,17351,95.65,Released,0,FALSE,VIAL-2,27/01/2025,05/02/2025,97.47,71.97,7,150,970,1,,2.5,16.16666667,-188.3333333,1,1,0,2025-01,5
B2025-00035,PO2025-0010,FG-VA02,19669,syringe,Upstreamâ†’Downstreamâ†’Fill,30/01/2025 16:00,31/01/2025 14:29,22.48,18575,94.44,Released,0,FALSE,VIAL-2,27/01/2025,05/02/2025,97.47,71.97,7,240,1109,1,,4,18.48333333,-105.5166667,1,1,0,2025-01,5
B2025-00036,PO2025-0010,FG-VA02,19795,syringe,Upstreamâ†’Downstreamâ†’Fill,01/02/2025 11:00,02/02/2025 06:50,19.83,19378,97.9,Released,0,FALSE,VIAL-2,27/01/2025,05/02/2025,97.47,71.97,7,150,1040,1,1,2.5,17.33333333,-65.16666667,1,1,0.050428643,2025-02,5
B2025-00037,PO2025-0010,FG-VA02,15537,syringe,Upstreamâ†’Downstreamâ†’Fill,02/02/2025 04:00,03/02/2025 01:04,21.07,15117,97.3,Rejected,0,FALSE,VIAL-1,27/01/2025,05/02/2025,97.47,71.97,7,180,1084,1,2,3,18.06666667,-46.93333333,1,1,0.09492169,2025-02,6
B2025-00038,PO2025-0011,FG-VA02,20333,syringe,Upstreamâ†’Downstreamâ†’Fill,07/02/2025 09:00,08/02/2025 03:50,18.83,19986,98.3,Released,0,FALSE,VIAL-1,31/01/2025,13/02/2025,97.59,69.32,7,150,980,1,,2.5,16.33333333,-116.1666667,1,1,0,2025-02,6
B2025-00039,PO2025-0011,FG-VA02,16954,syringe,Upstreamâ†’Downstreamâ†’Fill,11/02/2025 08:00,12/02/2025 03:44,19.73,15978,94.25,Released,0,FALSE,VIAL-2,31/01/2025,13/02/2025,97.59,69.32,7,210,974,1,1,3.5,16.23333333,-20.26666667,1,1,0.050684237,2025-02,7
B2025-00040,PO2025-0012,FG-MAB1-FILL,25190,vial,Upstreamâ†’Downstreamâ†’Fill,03/02/2025 19:00,04/02/2025 15:51,20.85,24046,95.46,Released,0,FALSE,VIAL-2,03/02/2025,13/02/2025,96.67,73.18,7,240,1011,0,,4,16.85,-200.15,1,0,0,2025-02,6
B2025-00041,PO2025-0012,FG-MAB1-FILL,28541,vial,Upstreamâ†’Downstreamâ†’Fill,06/02/2025 19:00,07/02/2025 15:33,20.55,28041,98.25,Released,1,FALSE,VIAL-1,03/02/2025,13/02/2025,96.67,73.18,7,270,963,1,,4.5,16.05,-128.45,1,0,0,2025-02,6
B2025-00042,PO2025-0012,FG-MAB1-FILL,24851,vial,Upstreamâ†’Downstreamâ†’Fill,10/02/2025 09:00,11/02/2025 06:32,21.53,23596,94.95,Released,0,FALSE,VIAL-1,03/02/2025,13/02/2025,96.67,73.18,7,150,1142,1,1,2.5,19.03333333,-41.46666667,1,1,0.046446818,2025-02,7
B2025-00043,PO2025-0013,FG-MAB1-FILL,26265,vial,Upstreamâ†’Downstreamâ†’Fill,08/02/2025 04:00,08/02/2025 23:02,19.03,25983,98.93,Rejected,1,FALSE,VIAL-2,07/02/2025,13/02/2025,99.2,76.19,7,150,992,1,2,2.5,16.53333333,-96.96666667,1,0,0.105097215,2025-02,6
B2025-00044,PO2025-0013,FG-MAB1-FILL,22189,vial,Upstreamâ†’Downstreamâ†’Fill,10/02/2025 05:00,10/02/2025 23:00,18,22091,99.56,Released,1,FALSE,VIAL-2,07/02/2025,13/02/2025,99.2,76.19,7,120,960,1,,2,16,-49,1,0,0,2025-02,7
B2025-00045,PO2025-0014,FG-VA01,17623,vial,Upstreamâ†’Downstreamâ†’Fill,08/02/2025 21:00,09/02/2025 19:20,22.33,17365,98.54,Released,0,FALSE,VIAL-2,07/02/2025,14/02/2025,96.99,62.5,7,90,1250,0,,1.5,20.83333333,-100.6666667,1,0,0,2025-02,6
B2025-00046,PO2025-0014,FG-VA01,19327,vial,Upstreamâ†’Downstreamâ†’Fill,12/02/2025 21:00,13/02/2025 16:42,19.7,18323,94.81,Released,1,FALSE,VIAL-2,07/02/2025,14/02/2025,96.99,62.5,7,330,852,0,1,5.5,14.2,-7.3,1,0,0.050761421,2025-02,7
B2025-00047,PO2025-0015,FG-MAB1-FILL,26365,vial,Upstreamâ†’Downstreamâ†’Fill,14/02/2025 19:00,15/02/2025 17:44,22.73,26079,98.92,Quarantined,0,TRUE,VIAL-2,14/02/2025,28/02/2025,99.07,72.58,7,270,1094,1,,4.5,18.23333333,-294.2666667,1,1,0,2025-02,7
B2025-00048,PO2025-0015,FG-MAB1-FILL,26110,vial,Upstreamâ†’Downstreamâ†’Fill,15/02/2025 21:00,16/02/2025 14:28,17.47,25590,98.01,Released,0,FALSE,VIAL-2,14/02/2025,28/02/2025,99.07,72.58,7,30,1018,1,,0.5,16.96666667,-273.5333333,1,1,0,2025-02,7
B2025-00049,PO2025-0015,FG-MAB1-FILL,26265,vial,Upstreamâ†’Downstreamâ†’Fill,17/02/2025 15:00,18/02/2025 14:28,23.47,26230,99.87,Quarantined,0,FALSE,VIAL-1,14/02/2025,28/02/2025,99.07,72.58,7,210,1198,1,2,3.5,19.96666667,-225.5333333,1,1,0.085215168,2025-02,8
B2025-00050,PO2025-0015,FG-MAB1-FILL,21502,vial,Upstreamâ†’Downstreamâ†’Fill,24/02/2025 11:00,25/02/2025 08:37,21.62,21272,98.93,Released,0,FALSE,VIAL-2,14/02/2025,28/02/2025,99.07,72.58,7,360,937,1,1,6,15.61666667,-63.38333333,1,1,0.046253469,2025-02,9
B2025-00051,PO2025-0016,FG-MAB1-FILL,27376,vial,Upstreamâ†’Downstreamâ†’Fill,11/02/2025 22:00,12/02/2025 19:41,21.68,26771,97.79,Released,1,FALSE,VIAL-1,11/02/2025,20/02/2025,98.32,69.69,7,240,1061,1,,4,17.68333333,-172.3166667,1,0,0,2025-02,7
B2025-00052,PO2025-0016,FG-MAB1-FILL,26640,vial,Upstreamâ†’Downstreamâ†’Fill,16/02/2025 06:00,17/02/2025 05:35,23.58,25782,96.78,Released,0,FALSE,VIAL-2,11/02/2025,20/02/2025,98.32,69.69,7,120,1295,1,,2,21.58333333,-66.41666667,1,1,0,2025-02,8
B2025-00053,PO2025-0016,FG-MAB1-FILL,25989,vial,Upstreamâ†’Downstreamâ†’Fill,17/02/2025 08:00,18/02/2025 04:11,20.18,26091,100.4,Released,0,FALSE,VIAL-1,11/02/2025,20/02/2025,98.32,69.69,7,60,1151,1,2,1,19.18333333,-43.81666667,1,1,0.099108028,2025-02,8
B2025-00054,PO2025-0016,FG-MAB1-FILL,25498,vial,Upstreamâ†’Downstreamâ†’Fill,18/02/2025 14:00,19/02/2025 10:45,20.75,24815,97.32,Released,0,FALSE,VIAL-1,11/02/2025,20/02/2025,98.32,69.69,7,120,1125,0,,2,18.75,-13.25,1,0,0,2025-02,8
B2025-00055,PO2025-0016,FG-MAB1-FILL,25349,vial,Upstreamâ†’Downstreamâ†’Fill,18/02/2025 19:00,19/02/2025 14:32,19.53,25534,100.73,Released,1,FALSE,VIAL-1,11/02/2025,20/02/2025,98.32,69.69,7,150,1022,1,1,2.5,17.03333333,-9.466666667,1,0,0.051203277,2025-02,8
B2025-00056,PO2025-0017,FG-VA02,16228,syringe,Upstreamâ†’Downstreamâ†’Fill,20/02/2025 05:00,21/02/2025 03:32,22.53,16077,99.07,Released,0,FALSE,VIAL-2,20/02/2025,26/02/2025,97.72,62.62,7,180,1172,1,1,3,19.53333333,-116.4666667,1,1,0.044385264,2025-02,8
B2025-00057,PO2025-0017,FG-VA02,16459,syringe,Upstreamâ†’Downstreamâ†’Fill,21/02/2025 00:00,21/02/2025 20:01,20.02,15882,96.5,Released,1,FALSE,VIAL-2,20/02/2025,26/02/2025,97.72,62.62,7,180,1021,1,,3,17.01666667,-99.98333333,1,0,0,2025-02,8
B2025-00058,PO2025-0017,FG-VA02,18493,syringe,Upstreamâ†’Downstreamâ†’Fill,22/02/2025 07:00,23/02/2025 09:27,26.45,17564,94.98,Rejected,0,FALSE,VIAL-1,20/02/2025,26/02/2025,97.72,62.62,7,360,1227,0,,6,20.45,-62.55,1,0,0,2025-02,8
B2025-00059,PO2025-0017,FG-VA02,17928,syringe,Upstreamâ†’Downstreamâ†’Fill,24/02/2025 10:00,25/02/2025 07:26,21.43,17260,96.28,Released,0,FALSE,VIAL-1,20/02/2025,26/02/2025,97.72,62.62,7,210,1076,1,1,3.5,17.93333333,-16.56666667,1,1,0.046663556,2025-02,9
B2025-00060,PO2025-0018,FG-VA01,19276,vial,Upstreamâ†’Downstreamâ†’Fill,18/02/2025 10:00,19/02/2025 06:45,20.75,19626,101.82,Released,0,FALSE,VIAL-1,17/02/2025,03/03/2025,98.58,77.33,7,270,975,1,1,4.5,16.25,-281.25,1,1,0.048192771,2025-02,8
B2025-00061,PO2025-0018,FG-VA01,19963,vial,Upstreamâ†’Downstreamâ†’Fill,24/02/2025 02:00,24/02/2025 20:25,18.42,19425,97.31,Released,0,FALSE,VIAL-2,17/02/2025,03/03/2025,98.58,77.33,7,270,835,1,1,4.5,13.91666667,-147.5833333,1,1,0.054288817,2025-02,9
B2025-00062,PO2025-0018,FG-VA01,19086,vial,Upstreamâ†’Downstreamâ†’Fill,26/02/2025 04:00,27/02/2025 06:04,26.07,18444,96.64,Released,0,FALSE,VIAL-1,17/02/2025,03/03/2025,98.58,77.33,7,360,1204,1,,6,20.06666667,-89.93333333,1,1,0,2025-02,9
B2025-00063,PO2025-0019,FG-SMALLM,543560,tablet,Blendâ†’Compressâ†’Coatâ†’Pack,18/02/2025 13:00,19/02/2025 03:02,14.03,540703,99.47,Released,0,FALSE,TAB-1,17/02/2025,22/02/2025,99.3,37.27,5,120,722,1,,2,12.03333333,-68.96666667,1,1,0,2025-02,8
B2025-00064,PO2025-0019,FG-SMALLM,473943,tablet,Blendâ†’Compressâ†’Coatâ†’Pack,19/02/2025 14:00,19/02/2025 23:45,9.75,487021,102.76,Released,0,FALSE,TAB-1,17/02/2025,22/02/2025,99.3,37.27,5,120,465,1,,2,7.75,-48.25,1,1,0,2025-02,8
B2025-00065,PO2025-0019,FG-SMALLM,496134,tablet,Blendâ†’Compressâ†’Coatâ†’Pack,20/02/2025 13:00,21/02/2025 00:41,11.68,473781,95.49,Released,0,FALSE,TAB-1,17/02/2025,22/02/2025,99.3,37.27,5,210,491,1,,3.5,8.183333333,-23.31666667,1,1,0,2025-02,8
B2025-00066,PO2025-0020,FG-SMALLM,480672,tablet,Blendâ†’Compressâ†’Coatâ†’Pack,28/02/2025 18:00,01/03/2025 05:21,11.35,468722,97.51,Released,1,FALSE,TAB-1,28/02/2025,08/03/2025,98.33,41.85,5,150,531,1,1,2.5,8.85,-162.65,1,0,0.088105727,2025-03,9
B2025-00067,PO2025-0020,FG-SMALLM,571233,tablet,Blendâ†’Compressâ†’Coatâ†’Pack,02/03/2025 17:00,03/03/2025 02:29,9.48,545538,95.5,Released,0,FALSE,TAB-1,28/02/2025,08/03/2025,98.33,41.85,5,60,509,1,,1,8.483333333,-117.5166667,1,1,0,2025-03,10
B2025-00068,PO2025-0020,FG-SMALLM,516065,tablet,Blendâ†’Compressâ†’Coatâ†’Pack,05/03/2025 21:00,06/03/2025 06:46,9.77,506679,98.18,Released,0,FALSE,TAB-1,28/02/2025,08/03/2025,98.33,41.85,5,120,466,1,,2,7.766666667,-41.23333333,1,1,0,2025-03,10
B2025-00069,PO2025-0021,FG-MAB1-FILL,20000,vial,Upstreamâ†’Downstreamâ†’Fill,02/03/2025 03:00,03/03/2025 01:24,22.4,19194,95.97,Released,1,FALSE,VIAL-2,28/02/2025,07/03/2025,97.23,79.27,7,270,1074,1,2,4.5,17.9,-94.6,1,0,0.089285714,2025-03,10
B2025-00070,PO2025-0021,FG-MAB1-FILL,25153,vial,Upstreamâ†’Downstreamâ†’Fill,02/03/2025 17:00,03/03/2025 14:35,21.58,24712,98.25,Released,0,FALSE,VIAL-1,28/02/2025,07/03/2025,97.23,79.27,7,240,1055,0,1,4,17.58333333,-81.41666667,1,0,0.046339203,2025-03,10
B2025-00071,PO2025-0022,FG-MAB1-FILL,27445,vial,Upstreamâ†’Downstreamâ†’Fill,04/03/2025 04:00,05/03/2025 01:16,21.27,26788,97.61,Released,1,FALSE,VIAL-2,03/03/2025,09/03/2025,98.46,61.89,7,180,1096,1,,3,18.26666667,-94.73333333,1,0,0,2025-03,10
B2025-00072,PO2025-0022,FG-MAB1-FILL,24738,vial,Upstreamâ†’Downstreamâ†’Fill,05/03/2025 00:00,05/03/2025 18:04,18.07,24405,98.66,Released,0,FALSE,VIAL-1,03/03/2025,09/03/2025,98.46,61.89,7,90,994,1,,1.5,16.56666667,-77.93333333,1,1,0,2025-03,10
B2025-00073,PO2025-0022,FG-MAB1-FILL,20000,vial,Upstreamâ†’Downstreamâ†’Fill,05/03/2025 10:00,06/03/2025 06:16,20.27,19589,97.95,Released,0,FALSE,VIAL-2,03/03/2025,09/03/2025,98.46,61.89,7,120,1096,1,1,2,18.26666667,-65.73333333,1,1,0.049333991,2025-03,10
B2025-00074,PO2025-0023,FG-MAB1,997,L,Upstreamâ†’Downstream,06/03/2025 08:00,07/03/2025 04:57,20.95,970,97.29,Released,0,FALSE,F-301,06/03/2025,11/03/2025,97.35,74.17,7,90,1167,1,2,1.5,19.45,-91.05,1,1,0.095465394,2025-03,10
B2025-00075,PO2025-0023,FG-MAB1,908,L,Upstreamâ†’Downstream,06/03/2025 21:00,07/03/2025 23:07,26.12,883,97.28,Released,0,FALSE,F-301,06/03/2025,11/03/2025,97.35,74.17,7,420,1147,1,2,7,19.11666667,-72.88333333,1,1,0.076569678,2025-03,10
B2025-00076,PO2025-0023,FG-MAB1,1083,L,Upstreamâ†’Downstream,09/03/2025 15:00,10/03/2025 11:56,20.93,1036,95.7,Quarantined,0,FALSE,C-201,06/03/2025,11/03/2025,97.35,74.17,7,90,1166,1,,1.5,19.43333333,-12.06666667,1,1,0,2025-03,11
B2025-00077,PO2025-0023,FG-MAB1,884,L,Upstreamâ†’Downstream,09/03/2025 21:00,10/03/2025 15:39,18.65,842,95.3,Released,0,FALSE,F-301,06/03/2025,11/03/2025,97.35,74.17,7,120,999,1,2,2,16.65,-8.35,1,1,0.107238606,2025-03,11
B2025-00078,PO2025-0024,FG-MAB1-FILL,20501,vial,Upstreamâ†’Downstreamâ†’Fill,06/03/2025 12:00,07/03/2025 05:49,17.82,20157,98.33,Released,0,FALSE,VIAL-2,05/03/2025,11/03/2025,97.39,74,7,150,919,1,1,2.5,15.31666667,-90.18333333,1,1,0.056116723,2025-03,10
B2025-00079,PO2025-0024,FG-MAB1-FILL,29879,vial,Upstreamâ†’Downstreamâ†’Fill,06/03/2025 16:00,07/03/2025 15:27,23.45,28558,95.58,Released,0,FALSE,VIAL-2,05/03/2025,11/03/2025,97.39,74,7,300,1107,0,1,5,18.45,-80.55,1,0,0.042643923,2025-03,10
B2025-00080,PO2025-0024,FG-MAB1-FILL,26941,vial,Upstreamâ†’Downstreamâ†’Fill,07/03/2025 02:00,07/03/2025 21:52,19.87,26410,98.03,Released,0,FALSE,VIAL-1,05/03/2025,11/03/2025,97.39,74,7,180,1012,1,2,3,16.86666667,-74.13333333,1,1,0.100654253,2025-03,10
B2025-00081,PO2025-0024,FG-MAB1-FILL,23063,vial,Upstreamâ†’Downstreamâ†’Fill,09/03/2025 21:00,10/03/2025 17:38,20.63,22264,96.54,Released,1,FALSE,VIAL-1,05/03/2025,11/03/2025,97.39,74,7,180,1058,1,3,3,17.63333333,-6.366666667,1,0,0.145419292,2025-03,11
B2025-00082,PO2025-0024,FG-MAB1-FILL,25097,vial,Upstreamâ†’Downstreamâ†’Fill,09/03/2025 22:00,10/03/2025 14:01,16.02,24450,97.42,Released,0,FALSE,VIAL-2,05/03/2025,11/03/2025,97.39,74,7,90,871,1,1,1.5,14.51666667,-9.983333333,1,1,0.062421973,2025-03,11
B2025-00083,PO2025-0025,FG-MAB1-FILL,23879,vial,Upstreamâ†’Downstreamâ†’Fill,13/03/2025 16:00,14/03/2025 15:28,23.47,23720,99.34,Released,0,FALSE,VIAL-2,13/03/2025,20/03/2025,99.04,77.42,7,180,1228,0,1,3,20.46666667,-128.5333333,1,0,0.042607584,2025-03,11
B2025-00084,PO2025-0025,FG-MAB1-FILL,25087,vial,Upstreamâ†’Downstreamâ†’Fill,17/03/2025 06:00,18/03/2025 06:36,24.6,24630,98.18,Rejected,0,FALSE,VIAL-1,13/03/2025,20/03/2025,99.04,77.42,7,150,1326,1,,2.5,22.1,-41.4,1,1,0,2025-03,12
B2025-00085,PO2025-0026,FG-MAB1,938,L,Upstreamâ†’Downstream,20/03/2025 18:00,21/03/2025 20:06,26.1,909,97.01,Released,0,FALSE,F-301,13/03/2025,26/03/2025,98.87,85.72,7,390,1176,1,1,6.5,19.6,-99.9,1,1,0.038314176,2025-03,12
B2025-00086,PO2025-0026,FG-MAB1,1002,L,Upstreamâ†’Downstream,23/03/2025 15:00,24/03/2025 10:25,19.42,996,99.41,Released,0,FALSE,F-301,13/03/2025,26/03/2025,98.87,85.72,7,180,985,1,,3,16.41666667,-37.58333333,1,1,0,2025-03,13
B2025-00087,PO2025-0026,FG-MAB1,1155,L,Upstreamâ†’Downstream,25/03/2025 18:00,26/03/2025 13:00,19,1115,96.6,Released,0,FALSE,F-301,13/03/2025,26/03/2025,98.87,85.72,7,120,1020,1,1,2,17,13,0,1,0.052631579,2025-03,13
B2025-00088,PO2025-0027,FG-SMALLM,470578,tablet,Blendâ†’Compressâ†’Coatâ†’Pack,10/03/2025 01:00,10/03/2025 13:45,12.75,452323,96.12,Released,1,FALSE,TAB-1,10/03/2025,18/03/2025,97.5,41.49,5,210,555,1,2,3.5,9.25,-178.25,1,0,0.156862745,2025-03,11
B2025-00089,PO2025-0027,FG-SMALLM,531203,tablet,Blendâ†’Compressâ†’Coatâ†’Pack,15/03/2025 09:00,15/03/2025 21:00,12,516916,97.31,Released,0,FALSE,COAT-1,10/03/2025,18/03/2025,97.5,41.49,5,210,510,1,3,3.5,8.5,-51,1,1,0.25,2025-03,11
B2025-00090,PO2025-0028,FG-MAB1,914,L,Upstreamâ†’Downstream,21/03/2025 10:00,22/03/2025 02:45,16.75,891,97.5,Released,1,FALSE,C-201,20/03/2025,25/03/2025,97.59,63.61,7,120,885,1,,2,14.75,-69.25,1,0,0,2025-03,12
B2025-00091,PO2025-0028,FG-MAB1,1199,L,Upstreamâ†’Downstream,24/03/2025 15:00,25/03/2025 11:29,20.48,1186,98.96,Released,0,FALSE,C-201,20/03/2025,25/03/2025,97.59,63.61,7,210,1019,1,2,3.5,16.98333333,11.48333333,0,1,0.09765625,2025-03,13
B2025-00092,PO2025-0028,FG-MAB1,1042,L,Upstreamâ†’Downstream,24/03/2025 20:00,25/03/2025 16:12,20.2,997,95.71,Released,0,FALSE,C-201,20/03/2025,25/03/2025,97.59,63.61,7,60,1152,1,,1,19.2,16.2,0,1,0,2025-03,13
B2025-00093,PO2025-0029,FG-MAB1-FILL,26059,vial,Upstreamâ†’Downstreamâ†’Fill,19/03/2025 20:00,20/03/2025 16:01,20.02,25653,98.44,Released,0,FALSE,VIAL-2,19/03/2025,31/03/2025,98.18,70.14,7,240,961,1,1,4,16.01666667,-247.9833333,1,1,0.04995005,2025-03,12
B2025-00094,PO2025-0029,FG-MAB1-FILL,23121,vial,Upstreamâ†’Downstreamâ†’Fill,20/03/2025 10:00,21/03/2025 11:55,25.92,22484,97.25,Released,0,FALSE,VIAL-1,19/03/2025,31/03/2025,98.18,70.14,7,300,1255,1,1,5,20.91666667,-228.0833333,1,1,0.038580247,2025-03,12
B2025-00095,PO2025-0029,FG-MAB1-FILL,24178,vial,Upstreamâ†’Downstreamâ†’Fill,20/03/2025 17:00,21/03/2025 12:55,19.92,24058,99.51,Released,0,FALSE,VIAL-1,19/03/2025,31/03/2025,98.18,70.14,7,180,1015,1,,3,16.91666667,-227.0833333,1,1,0,2025-03,12
B2025-00096,PO2025-0029,FG-MAB1-FILL,20000,vial,Upstreamâ†’Downstreamâ†’Fill,29/03/2025 10:00,30/03/2025 06:07,20.12,19396,96.98,Released,0,FALSE,VIAL-1,19/03/2025,31/03/2025,98.18,70.14,7,270,937,1,,4.5,15.61666667,-17.88333333,1,1,0,2025-03,13
B2025-00097,PO2025-0030,FG-MAB1,986,L,Upstreamâ†’Downstream,20/03/2025 09:00,21/03/2025 08:05,23.08,953,96.71,Released,1,FALSE,C-201,20/03/2025,27/03/2025,98.85,64.13,7,360,1025,1,,6,17.08333333,-135.9166667,1,0,0,2025-03,12
B2025-00098,PO2025-0030,FG-MAB1,904,L,Upstreamâ†’Downstream,21/03/2025 04:00,21/03/2025 20:35,16.58,873,96.67,Released,0,FALSE,C-201,20/03/2025,27/03/2025,98.85,64.13,7,180,815,1,1,3,13.58333333,-123.4166667,1,1,0.060313631,2025-03,12
B2025-00099,PO2025-0030,FG-MAB1,1083,L,Upstreamâ†’Downstream,21/03/2025 06:00,22/03/2025 05:10,23.17,1073,99.13,Released,0,FALSE,C-201,20/03/2025,27/03/2025,98.85,64.13,7,240,1150,1,3,4,19.16666667,-114.8333333,1,1,0.129477773,2025-03,12
B2025-00100,PO2025-0030,FG-MAB1,904,L,Upstreamâ†’Downstream,21/03/2025 07:00,22/03/2025 04:57,21.95,874,96.72,Released,0,FALSE,F-301,20/03/2025,27/03/2025,98.85,64.13,7,240,1077,1,,4,17.95,-115.05,1,1,0,2025-03,12
B2025-00101,PO2025-0030,FG-MAB1,922,L,Upstreamâ†’Downstream,22/03/2025 15:00,23/03/2025 11:24,20.4,923,100.14,Released,0,FALSE,F-301,20/03/2025,27/03/2025,98.85,64.13,7,210,1014,1,1,3.5,16.9,-84.6,1,1,0.049019608,2025-03,12
B2025-00102,PO2025-0031,FG-MAB1-FILL,26214,vial,Upstreamâ†’Downstreamâ†’Fill,29/03/2025 06:00,30/03/2025 03:42,21.7,25296,96.5,Released,1,FALSE,VIAL-2,28/03/2025,02/04/2025,98.26,72.03,7,210,1092,1,,3.5,18.2,-68.3,1,0,0,2025-03,13
B2025-00103,PO2025-0031,FG-MAB1-FILL,26855,vial,Upstreamâ†’Downstreamâ†’Fill,30/03/2025 01:00,30/03/2025 21:47,20.78,25418,94.65,Quarantined,0,TRUE,VIAL-1,28/03/2025,02/04/2025,98.26,72.03,7,120,1127,1,,2,18.78333333,-50.21666667,1,1,0,2025-03,13
B2025-00104,PO2025-0031,FG-MAB1-FILL,24557,vial,Upstreamâ†’Downstreamâ†’Fill,31/03/2025 16:00,01/04/2025 12:46,20.77,24298,98.95,Released,0,FALSE,VIAL-2,28/03/2025,02/04/2025,98.26,72.03,7,120,1126,0,,2,18.76666667,-11.23333333,1,0,0,2025-04,14
B2025-00105,PO2025-0031,FG-MAB1-FILL,24719,vial,Upstreamâ†’Downstreamâ†’Fill,01/04/2025 04:00,01/04/2025 20:44,16.73,24318,98.38,Released,1,FALSE,VIAL-2,28/03/2025,02/04/2025,98.26,72.03,7,0,1004,1,,0,16.73333333,-3.266666667,1,0,0,2025-04,14
B2025-00106,PO2025-0031,FG-MAB1-FILL,29600,vial,Upstreamâ†’Downstreamâ†’Fill,01/04/2025 13:00,02/04/2025 11:35,22.58,28685,96.91,Released,0,FALSE,VIAL-2,28/03/2025,02/04/2025,98.26,72.03,7,120,1235,1,,2,20.58333333,11.58333333,0,1,0,2025-04,14
B2025-00107,PO2025-0032,FG-MAB1-FILL,22551,vial,Upstreamâ†’Downstreamâ†’Fill,04/04/2025 00:00,04/04/2025 21:46,21.77,22965,101.84,Released,0,FALSE,VIAL-2,04/04/2025,11/04/2025,99.95,71.08,7,270,1036,1,,4.5,17.26666667,-146.2333333,1,1,0,2025-04,14
B2025-00108,PO2025-0032,FG-MAB1-FILL,25555,vial,Upstreamâ†’Downstreamâ†’Fill,07/04/2025 14:00,08/04/2025 03:59,13.98,25351,99.2,Released,0,FALSE,VIAL-2,04/04/2025,11/04/2025,99.95,71.08,7,30,809,1,,0.5,13.48333333,-68.01666667,1,1,0,2025-04,15
B2025-00109,PO2025-0032,FG-MAB1-FILL,26865,vial,Upstreamâ†’Downstreamâ†’Fill,08/04/2025 00:00,08/04/2025 22:31,22.52,26706,99.41,Released,0,FALSE,VIAL-2,04/04/2025,11/04/2025,99.95,71.08,7,150,1201,0,,2.5,20.01666667,-49.48333333,1,0,0,2025-04,15
B2025-00110,PO2025-0032,FG-MAB1-FILL,28722,vial,Upstreamâ†’Downstreamâ†’Fill,10/04/2025 22:00,11/04/2025 22:48,24.8,28601,99.58,Released,0,FALSE,VIAL-1,04/04/2025,11/04/2025,99.95,71.08,7,180,1308,0,2,3,21.8,22.8,0,0,0.080645161,2025-04,15
B2025-00111,PO2025-0033,FG-MAB1,963,L,Upstreamâ†’Downstream,02/04/2025 21:00,03/04/2025 18:45,21.75,936,97.3,Released,0,FALSE,F-301,31/03/2025,14/04/2025,97.83,73.29,7,300,1005,1,,5,16.75,-245.25,1,1,0,2025-04,14
B2025-00112,PO2025-0033,FG-MAB1,1015,L,Upstreamâ†’Downstream,09/04/2025 13:00,10/04/2025 11:43,22.72,1015,100.08,Released,0,FALSE,F-301,31/03/2025,14/04/2025,97.83,73.29,7,210,1153,0,2,3.5,19.21666667,-84.28333333,1,0,0.088028169,2025-04,15
B2025-00113,PO2025-0033,FG-MAB1,1123,L,Upstreamâ†’Downstream,10/04/2025 02:00,10/04/2025 23:19,21.32,1081,96.27,Released,0,FALSE,C-201,31/03/2025,14/04/2025,97.83,73.29,7,270,1009,1,,4.5,16.81666667,-72.68333333,1,1,0,2025-04,15
B2025-00114,PO2025-0034,FG-MAB1-FILL,24615,vial,Upstreamâ†’Downstreamâ†’Fill,02/04/2025 01:00,02/04/2025 22:08,21.13,23468,95.34,Released,0,FALSE,VIAL-2,31/03/2025,14/04/2025,97.34,71.12,7,330,938,1,2,5.5,15.63333333,-265.8666667,1,1,0.094652153,2025-04,14
B2025-00115,PO2025-0034,FG-MAB1-FILL,25937,vial,Upstreamâ†’Downstreamâ†’Fill,05/04/2025 17:00,06/04/2025 11:31,18.52,25063,96.63,Released,0,FALSE,VIAL-1,31/03/2025,14/04/2025,97.34,71.12,7,120,991,1,2,2,16.51666667,-180.4833333,1,1,0.107991361,2025-04,14
B2025-00116,PO2025-0034,FG-MAB1-FILL,24392,vial,Upstreamâ†’Downstreamâ†’Fill,11/04/2025 10:00,12/04/2025 03:59,17.98,23438,96.09,Released,1,FALSE,VIAL-1,31/03/2025,14/04/2025,97.34,71.12,7,150,929,0,2,2.5,15.48333333,-44.01666667,1,0,0.111234705,2025-04,15
B2025-00117,PO2025-0035,FG-MAB1-FILL,26031,vial,Upstreamâ†’Downstreamâ†’Fill,07/04/2025 20:00,08/04/2025 14:09,18.15,25251,97,Released,0,FALSE,VIAL-2,07/04/2025,18/04/2025,97.97,72.36,7,180,909,1,1,3,15.15,-225.85,1,1,0.055096419,2025-04,15
B2025-00118,PO2025-0035,FG-MAB1-FILL,23530,vial,Upstreamâ†’Downstreamâ†’Fill,10/04/2025 09:00,11/04/2025 05:04,20.07,23162,98.44,Quarantined,0,FALSE,VIAL-2,07/04/2025,18/04/2025,97.97,72.36,7,150,1054,1,,2.5,17.56666667,-162.9333333,1,1,0,2025-04,15
B2025-00119,PO2025-0035,FG-MAB1-FILL,28623,vial,Upstreamâ†’Downstreamâ†’Fill,12/04/2025 01:00,12/04/2025 20:07,19.12,28898,100.96,Released,0,FALSE,VIAL-1,07/04/2025,18/04/2025,97.97,72.36,7,210,937,1,,3.5,15.61666667,-123.8833333,1,1,0,2025-04,15
B2025-00120,PO2025-0035,FG-MAB1-FILL,24634,vial,Upstreamâ†’Downstreamâ†’Fill,17/04/2025 10:00,18/04/2025 05:18,19.3,23925,97.12,Released,0,FALSE,VIAL-2,07/04/2025,18/04/2025,97.97,72.36,7,90,1068,1,1,1.5,17.8,5.3,0,1,0.051813472,2025-04,16
B2025-00121,PO2025-0036,FG-SMALLM,520456,tablet,Blendâ†’Compressâ†’Coatâ†’Pack,22/04/2025 05:00,22/04/2025 17:53,12.88,497343,95.56,Rejected,0,FALSE,COAT-1,16/04/2025,27/04/2025,97.92,34.55,5,180,593,1,1,3,9.883333333,-102.1166667,1,1,0.077639752,2025-04,17
B2025-00122,PO2025-0036,FG-SMALLM,504530,tablet,Blendâ†’Compressâ†’Coatâ†’Pack,23/04/2025 01:00,23/04/2025 14:25,13.42,493789,97.87,Released,0,FALSE,TAB-1,16/04/2025,27/04/2025,97.92,34.55,5,210,595,1,1,3.5,9.916666667,-81.58333333,1,1,0.074515648,2025-04,17
B2025-00123,PO2025-0036,FG-SMALLM,492327,tablet,Blendâ†’Compressâ†’Coatâ†’Pack,23/04/2025 11:00,23/04/2025 21:09,10.15,477745,97.04,Released,1,FALSE,TAB-1,16/04/2025,27/04/2025,97.92,34.55,5,150,459,1,,2.5,7.65,-74.85,1,0,0,2025-04,17
B2025-00124,PO2025-0037,FG-MAB1,984,L,Upstreamâ†’Downstream,16/04/2025 04:00,17/04/2025 00:44,20.73,938,95.36,Released,1,FALSE,F-301,16/04/2025,22/04/2025,97.58,74.04,7,240,1004,1,1,4,16.73333333,-119.2666667,1,0,0.048239267,2025-04,16
B2025-00125,PO2025-0037,FG-MAB1,1034,L,Upstreamâ†’Downstream,16/04/2025 07:00,17/04/2025 07:36,24.6,991,95.91,Released,0,FALSE,F-301,16/04/2025,22/04/2025,97.58,74.04,7,150,1326,0,3,2.5,22.1,-112.4,1,0,0.12195122,2025-04,16
B2025-00126,PO2025-0037,FG-MAB1,919,L,Upstreamâ†’Downstream,21/04/2025 11:00,22/04/2025 07:43,20.72,899,97.9,Released,1,FALSE,F-301,16/04/2025,22/04/2025,97.58,74.04,7,180,1063,1,1,3,17.71666667,7.716666667,0,0,0.048262548,2025-04,17
B2025-00127,PO2025-0038,FG-VA02,16790,syringe,Upstreamâ†’Downstreamâ†’Fill,26/04/2025 08:00,27/04/2025 02:53,18.88,16427,97.84,Quarantined,0,FALSE,VIAL-2,25/04/2025,03/05/2025,97.24,73.01,7,270,863,1,,4.5,14.38333333,-141.1166667,1,1,0,2025-04,17
B2025-00128,PO2025-0038,FG-VA02,18054,syringe,Upstreamâ†’Downstreamâ†’Fill,01/05/2025 17:00,02/05/2025 14:01,21.02,17564,97.29,Rejected,0,FALSE,VIAL-1,25/04/2025,03/05/2025,97.24,73.01,7,150,1111,1,1,2.5,18.51666667,-9.983333333,1,1,0.047573739,2025-05,18
B2025-00129,PO2025-0039,FG-MAB1,892,L,Upstreamâ†’Downstream,01/05/2025 17:00,02/05/2025 14:42,21.7,865,96.98,Released,0,FALSE,F-301,30/04/2025,09/05/2025,97.09,80.42,7,360,942,1,,6,15.7,-153.3,1,1,0,2025-05,18
B2025-00130,PO2025-0039,FG-MAB1,922,L,Upstreamâ†’Downstream,05/05/2025 21:00,06/05/2025 13:41,16.68,886,96.12,Released,0,FALSE,F-301,30/04/2025,09/05/2025,97.09,80.42,7,60,941,1,1,1,15.68333333,-58.31666667,1,1,0.059952038,2025-05,19
B2025-00131,PO2025-0039,FG-MAB1,992,L,Upstreamâ†’Downstream,05/05/2025 22:00,06/05/2025 20:43,22.72,951,95.88,Released,1,FALSE,C-201,30/04/2025,09/05/2025,97.09,80.42,7,210,1153,0,3,3.5,19.21666667,-51.28333333,1,0,0.132042254,2025-05,19
B2025-00132,PO2025-0040,FG-SMALLM,514691,tablet,Blendâ†’Compressâ†’Coatâ†’Pack,09/05/2025 02:00,09/05/2025 11:55,9.92,495948,96.36,Released,0,FALSE,TAB-1,09/05/2025,14/05/2025,99.22,33.66,5,90,505,1,,1.5,8.416666667,-108.0833333,1,1,0,2025-05,19
B2025-00133,PO2025-0040,FG-SMALLM,531169,tablet,Blendâ†’Compressâ†’Coatâ†’Pack,11/05/2025 12:00,12/05/2025 01:21,13.35,535776,100.87,Released,1,FALSE,COAT-1,09/05/2025,14/05/2025,99.22,33.66,5,210,591,1,1,3.5,9.85,-46.65,1,0,0.074906367,2025-05,20
B2025-00134,PO2025-0040,FG-SMALLM,510606,tablet,Blendâ†’Compressâ†’Coatâ†’Pack,12/05/2025 13:00,13/05/2025 00:20,11.33,507210,99.33,Released,1,FALSE,TAB-1,09/05/2025,14/05/2025,99.22,33.66,5,90,590,1,2,1.5,9.833333333,-23.66666667,1,0,0.176522507,2025-05,20
B2025-00135,PO2025-0040,FG-SMALLM,554946,tablet,Blendâ†’Compressâ†’Coatâ†’Pack,12/05/2025 16:00,13/05/2025 04:32,12.53,536414,96.66,Released,0,FALSE,COAT-1,09/05/2025,14/05/2025,99.22,33.66,5,90,662,1,,1.5,11.03333333,-19.46666667,1,1,0,2025-05,20
B2025-00136,PO2025-0041,FG-SMALLM,586837,tablet,Blendâ†’Compressâ†’Coatâ†’Pack,07/05/2025 08:00,07/05/2025 21:00,13,573988,97.81,Released,0,FALSE,TAB-1,07/05/2025,13/05/2025,98.92,46.24,5,150,630,0,1,2.5,10.5,-123,1,0,0.076923077,2025-05,19
B2025-00137,PO2025-0041,FG-SMALLM,492625,tablet,Blendâ†’Compressâ†’Coatâ†’Pack,11/05/2025 09:00,11/05/2025 19:10,10.17,482177,97.88,Quarantined,0,TRUE,TAB-1,07/05/2025,13/05/2025,98.92,46.24,5,210,400,1,,3.5,6.666666667,-28.83333333,1,1,0,2025-05,19
B2025-00138,PO2025-0042,FG-MAB1,1006,L,Upstreamâ†’Downstream,14/05/2025 00:00,14/05/2025 20:09,20.15,969,96.32,Released,0,FALSE,C-201,14/05/2025,28/05/2025,98.89,75.63,7,240,969,1,,4,16.15,-315.85,1,1,0,2025-05,20
B2025-00139,PO2025-0042,FG-MAB1,984,L,Upstreamâ†’Downstream,19/05/2025 18:00,20/05/2025 16:59,22.98,944,95.99,Released,0,FALSE,F-301,14/05/2025,28/05/2025,98.89,75.63,7,330,1049,1,,5.5,17.48333333,-175.0166667,1,1,0,2025-05,21
B2025-00140,PO2025-0042,FG-MAB1,1021,L,Upstreamâ†’Downstream,24/05/2025 19:00,25/05/2025 16:22,21.37,995,97.47,Released,0,FALSE,F-301,14/05/2025,28/05/2025,98.89,75.63,7,180,1102,0,,3,18.36666667,-55.63333333,1,0,0,2025-05,21
B2025-00141,PO2025-0042,FG-MAB1,823,L,Upstreamâ†’Downstream,25/05/2025 19:00,26/05/2025 12:48,17.8,810,98.53,Released,0,FALSE,C-201,14/05/2025,28/05/2025,98.89,75.63,7,120,948,1,,2,15.8,-35.2,1,1,0,2025-05,22
B2025-00142,PO2025-0043,FG-MAB1-FILL,24802,vial,Upstreamâ†’Downstreamâ†’Fill,16/05/2025 10:00,17/05/2025 07:46,21.77,24108,97.2,Released,0,FALSE,VIAL-2,14/05/2025,27/05/2025,98.47,66.48,7,150,1156,1,,2.5,19.26666667,-232.2333333,1,1,0,2025-05,20
B2025-00143,PO2025-0043,FG-MAB1-FILL,23510,vial,Upstreamâ†’Downstreamâ†’Fill,25/05/2025 10:00,26/05/2025 01:26,15.43,22666,96.41,Released,0,FALSE,VIAL-2,14/05/2025,27/05/2025,98.47,66.48,7,30,896,1,,0.5,14.93333333,-22.56666667,1,1,0,2025-05,22
B2025-00144,PO2025-0044,FG-VA01,21551,vial,Upstreamâ†’Downstreamâ†’Fill,24/05/2025 10:00,25/05/2025 04:58,18.97,21249,98.6,Released,1,FALSE,VIAL-2,22/05/2025,31/05/2025,98.48,77.56,7,90,1048,1,1,1.5,17.46666667,-139.0333333,1,0,0.052714813,2025-05,21
B2025-00145,PO2025-0044,FG-VA01,20781,vial,Upstreamâ†’Downstreamâ†’Fill,24/05/2025 15:00,25/05/2025 09:16,18.27,20875,100.45,Released,0,FALSE,VIAL-1,22/05/2025,31/05/2025,98.48,77.56,7,60,1036,1,,1,17.26666667,-134.7333333,1,1,0,2025-05,21
B2025-00146,PO2025-0044,FG-VA01,18456,vial,Upstreamâ†’Downstreamâ†’Fill,27/05/2025 06:00,27/05/2025 22:50,16.83,18356,99.46,Released,0,FALSE,VIAL-2,22/05/2025,31/05/2025,98.48,77.56,7,90,920,1,,1.5,15.33333333,-73.16666667,1,1,0,2025-05,22
B2025-00147,PO2025-0044,FG-VA01,22584,vial,Upstreamâ†’Downstreamâ†’Fill,28/05/2025 07:00,29/05/2025 01:10,18.17,22366,99.04,Released,0,FALSE,VIAL-2,22/05/2025,31/05/2025,98.48,77.56,7,120,970,1,2,2,16.16666667,-46.83333333,1,1,0.110071547,2025-05,22
B2025-00148,PO2025-0044,FG-VA01,18242,vial,Upstreamâ†’Downstreamâ†’Fill,28/05/2025 19:00,29/05/2025 14:24,19.4,17709,97.08,Released,0,FALSE,VIAL-2,22/05/2025,31/05/2025,98.48,77.56,7,180,984,0,,3,16.4,-33.6,1,0,0,2025-05,22
B2025-00149,PO2025-0045,FG-MAB1-FILL,25895,vial,Upstreamâ†’Downstreamâ†’Fill,28/05/2025 04:00,28/05/2025 21:37,17.62,25881,99.95,Released,0,FALSE,VIAL-2,28/05/2025,04/06/2025,98.56,78.26,7,120,937,1,,2,15.61666667,-146.3833333,1,1,0,2025-05,22
B2025-00150,PO2025-0045,FG-MAB1-FILL,22477,vial,Upstreamâ†’Downstreamâ†’Fill,28/05/2025 12:00,29/05/2025 06:45,18.75,21089,93.83,Released,2,FALSE,VIAL-1,28/05/2025,04/06/2025,98.56,78.26,7,120,1005,1,1,2,16.75,-137.25,1,0,0.053333333,2025-05,22
B2025-00151,PO2025-0045,FG-MAB1-FILL,24427,vial,Upstreamâ†’Downstreamâ†’Fill,30/05/2025 19:00,31/05/2025 14:24,19.4,23810,97.48,Released,1,FALSE,VIAL-1,28/05/2025,04/06/2025,98.56,78.26,7,180,984,1,,3,16.4,-81.6,1,0,0,2025-05,22
B2025-00152,PO2025-0045,FG-MAB1-FILL,27171,vial,Upstreamâ†’Downstreamâ†’Fill,02/06/2025 19:00,03/06/2025 16:51,21.85,26344,96.96,Released,1,FALSE,VIAL-2,28/05/2025,04/06/2025,98.56,78.26,7,270,1041,1,3,4.5,17.35,-7.15,1,0,0.137299771,2025-06,23
B2025-00153,PO2025-0046,FG-MAB1,906,L,Upstreamâ†’Downstream,26/05/2025 11:00,27/05/2025 08:44,21.73,832,91.92,Released,0,FALSE,C-201,26/05/2025,01/06/2025,96.29,72.71,7,300,1004,1,1,5,16.73333333,-111.2666667,1,1,0.046019328,2025-05,22
B2025-00154,PO2025-0046,FG-MAB1,1095,L,Upstreamâ†’Downstream,26/05/2025 13:00,27/05/2025 15:23,26.38,1056,96.51,Released,0,FALSE,C-201,26/05/2025,01/06/2025,96.29,72.71,7,330,1253,1,,5.5,20.88333333,-104.6166667,1,1,0,2025-05,22
B2025-00155,PO2025-0046,FG-MAB1,1015,L,Upstreamâ†’Downstream,28/05/2025 15:00,29/05/2025 15:47,24.78,965,95.07,Released,0,FALSE,F-301,26/05/2025,01/06/2025,96.29,72.71,7,240,1247,1,2,4,20.78333333,-56.21666667,1,1,0.08071025,2025-05,22
B2025-00156,PO2025-0046,FG-MAB1,957,L,Upstreamâ†’Downstream,28/05/2025 21:00,29/05/2025 20:24,23.4,915,95.67,Released,0,FALSE,C-201,26/05/2025,01/06/2025,96.29,72.71,7,180,1224,0,1,3,20.4,-51.6,1,0,0.042735043,2025-05,22
B2025-00157,PO2025-0046,FG-MAB1,1085,L,Upstreamâ†’Downstream,30/05/2025 09:00,31/05/2025 04:28,19.47,1027,94.67,Released,0,FALSE,F-301,26/05/2025,01/06/2025,96.29,72.71,7,330,838,1,,5.5,13.96666667,-19.53333333,1,1,0,2025-05,22
B2025-00158,PO2025-0047,FG-VA01,20048,vial,Upstreamâ†’Downstreamâ†’Fill,08/06/2025 14:00,09/06/2025 15:54,25.9,19298,96.26,Released,0,FALSE,VIAL-2,06/06/2025,19/06/2025,98.78,64.58,7,420,1134,1,1,7,18.9,-224.1,1,1,0.038610039,2025-06,24
B2025-00159,PO2025-0047,FG-VA01,18779,vial,Upstreamâ†’Downstreamâ†’Fill,11/06/2025 21:00,12/06/2025 16:25,19.42,18332,97.62,Released,1,FALSE,VIAL-2,06/06/2025,19/06/2025,98.78,64.58,7,150,1015,1,,2.5,16.91666667,-151.5833333,1,0,0,2025-06,24
B2025-00160,PO2025-0047,FG-VA01,22177,vial,Upstreamâ†’Downstreamâ†’Fill,12/06/2025 10:00,13/06/2025 09:01,23.02,22106,99.68,Released,0,FALSE,VIAL-2,06/06/2025,19/06/2025,98.78,64.58,7,300,1081,1,,5,18.01666667,-134.9833333,1,1,0,2025-06,24
B2025-00161,PO2025-0047,FG-VA01,20895,vial,Upstreamâ†’Downstreamâ†’Fill,13/06/2025 16:00,14/06/2025 15:09,23.15,20314,97.22,Released,0,FALSE,VIAL-2,06/06/2025,19/06/2025,98.78,64.58,7,210,1179,1,,3.5,19.65,-104.85,1,1,0,2025-06,24
B2025-00162,PO2025-0048,FG-VA01,18684,vial,Upstreamâ†’Downstreamâ†’Fill,13/06/2025 01:00,13/06/2025 21:36,20.6,18165,97.23,Released,0,FALSE,VIAL-2,11/06/2025,16/06/2025,98.11,72.63,7,210,1026,1,1,3.5,17.1,-50.4,1,1,0.048543689,2025-06,24
B2025-00163,PO2025-0048,FG-VA01,18755,vial,Upstreamâ†’Downstreamâ†’Fill,13/06/2025 04:00,14/06/2025 02:17,22.28,18346,97.82,Released,0,FALSE,VIAL-1,11/06/2025,16/06/2025,98.11,72.63,7,210,1127,1,,3.5,18.78333333,-45.71666667,1,1,0,2025-06,24
B2025-00164,PO2025-0048,FG-VA01,16097,vial,Upstreamâ†’Downstreamâ†’Fill,14/06/2025 12:00,15/06/2025 13:22,25.37,15769,97.97,Released,0,FALSE,VIAL-1,11/06/2025,16/06/2025,98.11,72.63,7,240,1282,1,1,4,21.36666667,-10.63333333,1,1,0.039416634,2025-06,24
B2025-00165,PO2025-0049,FG-SMALLM,488612,tablet,Blendâ†’Compressâ†’Coatâ†’Pack,21/06/2025 13:00,21/06/2025 23:00,10,466440,95.46,Quarantined,0,FALSE,TAB-1,20/06/2025,01/07/2025,99.22,37.36,5,180,420,1,1,3,7,-217,1,1,0.1,2025-06,25
B2025-00166,PO2025-0049,FG-SMALLM,479674,tablet,Blendâ†’Compressâ†’Coatâ†’Pack,25/06/2025 22:00,26/06/2025 08:35,10.58,471740,98.35,Released,1,FALSE,COAT-1,20/06/2025,01/07/2025,99.22,37.36,5,90,545,1,,1.5,9.083333333,-111.4166667,1,0,0,2025-06,26
B2025-00167,PO2025-0049,FG-SMALLM,584152,tablet,Blendâ†’Compressâ†’Coatâ†’Pack,27/06/2025 03:00,27/06/2025 16:18,13.3,583927,99.96,Released,0,FALSE,TAB-1,20/06/2025,01/07/2025,99.22,37.36,5,150,648,1,3,2.5,10.8,-79.7,1,1,0.22556391,2025-06,26
B2025-00168,PO2025-0049,FG-SMALLM,561919,tablet,Blendâ†’Compressâ†’Coatâ†’Pack,30/06/2025 04:00,30/06/2025 11:21,7.35,557391,99.19,Rejected,0,FALSE,TAB-1,20/06/2025,01/07/2025,99.22,37.36,5,30,411,1,,0.5,6.85,-12.65,1,1,0,2025-06,27
B2025-00169,PO2025-0050,FG-MAB1,919,L,Upstreamâ†’Downstream,23/06/2025 00:00,23/06/2025 15:00,15,899,97.9,Rejected,1,FALSE,F-301,23/06/2025,30/06/2025,98.57,71.01,7,150,750,1,1,2.5,12.5,-153,1,0,0.066666667,2025-06,26
B2025-00170,PO2025-0050,FG-MAB1,905,L,Upstreamâ†’Downstream,24/06/2025 23:00,25/06/2025 20:49,21.82,903,99.86,Released,0,FALSE,F-301,23/06/2025,30/06/2025,98.57,71.01,7,90,1219,1,1,1.5,20.31666667,-99.18333333,1,1,0.045829514,2025-06,26
B2025-00171,PO2025-0050,FG-MAB1,940,L,Upstreamâ†’Downstream,26/06/2025 15:00,27/06/2025 11:07,20.12,941,100.21,Released,0,FALSE,F-301,23/06/2025,30/06/2025,98.57,71.01,7,270,937,0,2,4.5,15.61666667,-60.88333333,1,0,0.099403579,2025-06,26
B2025-00172,PO2025-0050,FG-MAB1,991,L,Upstreamâ†’Downstream,29/06/2025 09:00,30/06/2025 06:29,21.48,978,98.78,Released,0,FALSE,F-301,23/06/2025,30/06/2025,98.57,71.01,7,300,989,0,,5,16.48333333,6.483333333,0,0,0,2025-06,27
B2025-00173,PO2025-0051,FG-VA02,16568,syringe,Upstreamâ†’Downstreamâ†’Fill,24/06/2025 05:00,25/06/2025 00:26,19.43,15773,95.21,Released,0,FALSE,VIAL-1,24/06/2025,30/06/2025,98.47,64.85,7,60,1106,1,1,1,18.43333333,-119.5666667,1,1,0.051466804,2025-06,26
B2025-00174,PO2025-0051,FG-VA02,19421,syringe,Upstreamâ†’Downstreamâ†’Fill,26/06/2025 02:00,26/06/2025 22:03,20.05,18823,96.92,Released,0,FALSE,VIAL-2,24/06/2025,30/06/2025,98.47,64.85,7,210,993,1,1,3.5,16.55,-73.95,1,1,0.049875312,2025-06,26
B2025-00175,PO2025-0051,FG-VA02,18323,syringe,Upstreamâ†’Downstreamâ†’Fill,27/06/2025 16:00,28/06/2025 14:13,22.22,17940,97.91,Released,0,FALSE,VIAL-2,24/06/2025,30/06/2025,98.47,64.85,7,210,1123,1,2,3.5,18.71666667,-33.78333333,1,1,0.090009001,2025-06,26
B2025-00176,PO2025-0051,FG-VA02,15698,syringe,Upstreamâ†’Downstreamâ†’Fill,27/06/2025 21:00,28/06/2025 21:46,24.77,15259,97.21,Released,0,FALSE,VIAL-2,24/06/2025,30/06/2025,98.47,64.85,7,330,1156,1,2,5.5,19.26666667,-26.23333333,1,1,0.080742834,2025-06,26
B2025-00177,PO2025-0052,FG-VA02,16209,syringe,Upstreamâ†’Downstreamâ†’Fill,06/07/2025 04:00,07/07/2025 00:45,20.75,15882,97.99,Released,0,FALSE,VIAL-2,03/07/2025,13/07/2025,98,69.7,7,210,1035,0,,3.5,17.25,-143.25,1,0,0,2025-07,28
B2025-00178,PO2025-0052,FG-VA02,16199,syringe,Upstreamâ†’Downstreamâ†’Fill,07/07/2025 11:00,08/07/2025 09:11,22.18,15564,96.08,Released,0,FALSE,VIAL-2,03/07/2025,13/07/2025,98,69.7,7,300,1031,1,2,5,17.18333333,-110.8166667,1,1,0.090171326,2025-07,28
B2025-00179,PO2025-0052,FG-VA02,18488,syringe,Upstreamâ†’Downstreamâ†’Fill,12/07/2025 07:00,13/07/2025 04:55,21.92,18179,98.33,Quarantined,0,TRUE,VIAL-1,03/07/2025,13/07/2025,98,69.7,7,240,1075,1,1,4,17.91666667,4.916666667,0,1,0.045620438,2025-07,28
B2025-00180,PO2025-0053,FG-VA02,15163,syringe,Upstreamâ†’Downstreamâ†’Fill,04/07/2025 18:00,05/07/2025 14:06,20.1,14485,95.53,Released,0,FALSE,VIAL-1,01/07/2025,12/07/2025,99.27,74.55,7,180,1026,1,1,3,17.1,-153.9,1,1,0.049751244,2025-07,27
B2025-00181,PO2025-0053,FG-VA02,20856,syringe,Upstreamâ†’Downstreamâ†’Fill,09/07/2025 04:00,09/07/2025 22:39,18.65,21020,100.79,Released,0,FALSE,VIAL-2,01/07/2025,12/07/2025,99.27,74.55,7,120,999,1,1,2,16.65,-49.35,1,1,0.053619303,2025-07,28
B2025-00182,PO2025-0053,FG-VA02,16196,syringe,Upstreamâ†’Downstreamâ†’Fill,09/07/2025 16:00,10/07/2025 12:22,20.37,16249,100.33,Released,0,FALSE,VIAL-2,01/07/2025,12/07/2025,99.27,74.55,7,240,982,1,1,4,16.36666667,-35.63333333,1,1,0.049091802,2025-07,28
B2025-00183,PO2025-0054,FG-MAB1-FILL,26481,vial,Upstreamâ†’Downstreamâ†’Fill,11/07/2025 23:00,12/07/2025 17:05,18.08,25745,97.22,Rejected,0,FALSE,VIAL-2,11/07/2025,22/07/2025,98.63,90.37,7,150,935,1,,2.5,15.58333333,-222.9166667,1,1,0,2025-07,28
B2025-00184,PO2025-0054,FG-MAB1-FILL,22825,vial,Upstreamâ†’Downstreamâ†’Fill,12/07/2025 01:00,12/07/2025 19:22,18.37,22696,99.44,Rejected,0,FALSE,VIAL-2,11/07/2025,22/07/2025,98.63,90.37,7,120,982,1,2,2,16.36666667,-220.6333333,1,1,0.108873163,2025-07,28
B2025-00185,PO2025-0054,FG-MAB1-FILL,26159,vial,Upstreamâ†’Downstreamâ†’Fill,14/07/2025 18:00,15/07/2025 16:41,22.68,25205,96.35,Released,0,FALSE,VIAL-2,11/07/2025,22/07/2025,98.63,90.37,7,120,1241,1,1,2,20.68333333,-151.3166667,1,1,0.044091711,2025-07,29
B2025-00186,PO2025-0054,FG-MAB1-FILL,25836,vial,Upstreamâ†’Downstreamâ†’Fill,17/07/2025 08:00,18/07/2025 05:46,21.77,24388,94.4,Released,1,FALSE,VIAL-1,11/07/2025,22/07/2025,98.63,90.37,7,180,1126,1,1,3,18.76666667,-90.23333333,1,0,0.045934773,2025-07,29
B2025-00187,PO2025-0055,FG-VA02,18226,syringe,Upstreamâ†’Downstreamâ†’Fill,19/07/2025 07:00,20/07/2025 08:53,25.88,17676,96.98,Released,0,FALSE,VIAL-2,08/07/2025,22/07/2025,97.18,71.54,7,360,1193,0,,6,19.88333333,-39.11666667,1,0,0,2025-07,29
B2025-00188,PO2025-0055,FG-VA02,16129,syringe,Upstreamâ†’Downstreamâ†’Fill,20/07/2025 00:00,20/07/2025 18:33,18.55,15802,97.98,Quarantined,0,FALSE,VIAL-1,08/07/2025,22/07/2025,97.18,71.54,7,30,1083,1,1,0.5,18.05,-29.45,1,1,0.053908356,2025-07,29
B2025-00189,PO2025-0055,FG-VA02,19222,syringe,Upstreamâ†’Downstreamâ†’Fill,21/07/2025 00:00,21/07/2025 23:05,23.08,18442,95.95,Released,0,FALSE,VIAL-1,08/07/2025,22/07/2025,97.18,71.54,7,180,1205,1,,3,20.08333333,-0.916666667,1,1,0,2025-07,30
B2025-00190,PO2025-0056,FG-VA02,18350,syringe,Upstreamâ†’Downstreamâ†’Fill,16/07/2025 07:00,17/07/2025 01:19,18.32,17926,97.69,Released,0,FALSE,VIAL-1,16/07/2025,27/07/2025,97.86,77.23,7,120,979,1,1,2,16.31666667,-238.6833333,1,1,0.054585153,2025-07,29
B2025-00191,PO2025-0056,FG-VA02,16033,syringe,Upstreamâ†’Downstreamâ†’Fill,16/07/2025 14:00,17/07/2025 10:34,20.57,15383,95.95,Released,0,FALSE,VIAL-2,16/07/2025,27/07/2025,97.86,77.23,7,270,964,1,3,4.5,16.06666667,-229.4333333,1,1,0.145843461,2025-07,29
B2025-00192,PO2025-0056,FG-VA02,16986,syringe,Upstreamâ†’Downstreamâ†’Fill,17/07/2025 19:00,18/07/2025 16:24,21.4,16743,98.57,Released,0,FALSE,VIAL-2,16/07/2025,27/07/2025,97.86,77.23,7,150,1134,1,,2.5,18.9,-199.6,1,1,0,2025-07,29
B2025-00193,PO2025-0056,FG-VA02,20085,syringe,Upstreamâ†’Downstreamâ†’Fill,25/07/2025 21:00,26/07/2025 16:39,19.65,19386,96.52,Released,0,FALSE,VIAL-2,16/07/2025,27/07/2025,97.86,77.23,7,300,879,1,1,5,14.65,-7.35,1,1,0.050890585,2025-07,30
B2025-00194,PO2025-0057,FG-MAB1,1121,L,Upstreamâ†’Downstream,16/07/2025 11:00,17/07/2025 04:47,17.78,1075,95.98,Released,0,FALSE,F-301,16/07/2025,21/07/2025,98.09,63.56,7,180,887,1,,3,14.78333333,-91.21666667,1,1,0,2025-07,29
B2025-00195,PO2025-0057,FG-MAB1,919,L,Upstreamâ†’Downstream,19/07/2025 16:00,20/07/2025 12:55,20.92,914,99.56,Quarantined,0,FALSE,F-301,16/07/2025,21/07/2025,98.09,63.56,7,120,1135,1,2,2,18.91666667,-11.08333333,1,1,0.095602294,2025-07,29
B2025-00196,PO2025-0057,FG-MAB1,1095,L,Upstreamâ†’Downstream,20/07/2025 15:00,21/07/2025 10:56,19.93,1081,98.78,Released,0,FALSE,F-301,16/07/2025,21/07/2025,98.09,63.56,7,150,1046,1,1,2.5,17.43333333,10.93333333,0,1,0.050175615,2025-07,30
B2025-00197,PO2025-0058,FG-SMALLM,546783,tablet,Blendâ†’Compressâ†’Coatâ†’Pack,16/07/2025 14:00,17/07/2025 01:33,11.55,548240,100.27,Released,0,FALSE,COAT-1,15/07/2025,25/07/2025,100.78,35.81,5,240,453,1,1,4,7.55,-190.45,1,1,0.086580087,2025-07,29
B2025-00198,PO2025-0058,FG-SMALLM,465424,tablet,Blendâ†’Compressâ†’Coatâ†’Pack,18/07/2025 01:00,18/07/2025 12:47,11.78,478236,102.75,Released,0,FALSE,TAB-1,15/07/2025,25/07/2025,100.78,35.81,5,240,467,0,,4,7.783333333,-155.2166667,1,0,0,2025-07,29
B2025-00199,PO2025-0058,FG-SMALLM,555258,tablet,Blendâ†’Compressâ†’Coatâ†’Pack,20/07/2025 02:00,20/07/2025 09:43,7.72,550276,99.1,Released,0,FALSE,COAT-1,15/07/2025,25/07/2025,100.78,35.81,5,0,463,0,1,0,7.716666667,-110.2833333,1,0,0.129533679,2025-07,29
B2025-00200,PO2025-0058,FG-SMALLM,568200,tablet,Blendâ†’Compressâ†’Coatâ†’Pack,23/07/2025 23:00,24/07/2025 12:55,13.92,566265,99.66,Quarantined,0,FALSE,TAB-1,15/07/2025,25/07/2025,100.78,35.81,5,210,625,1,1,3.5,10.41666667,-11.08333333,1,1,0.07183908,2025-07,30
B2025-00201,PO2025-0059,FG-VA01,21188,vial,Upstreamâ†’Downstreamâ†’Fill,24/07/2025 12:00,25/07/2025 10:55,22.92,20785,98.1,Released,0,FALSE,VIAL-2,21/07/2025,30/07/2025,97.76,73.96,7,120,1255,1,,2,20.91666667,-109.0833333,1,1,0,2025-07,30
B2025-00202,PO2025-0059,FG-VA01,21296,vial,Upstreamâ†’Downstreamâ†’Fill,24/07/2025 17:00,25/07/2025 15:00,22,21318,100.11,Released,1,FALSE,VIAL-2,21/07/2025,30/07/2025,97.76,73.96,7,30,1290,1,,0.5,21.5,-105,1,0,0,2025-07,30
B2025-00203,PO2025-0059,FG-VA01,18773,vial,Upstreamâ†’Downstreamâ†’Fill,26/07/2025 09:00,27/07/2025 04:56,19.93,17897,95.33,Released,0,FALSE,VIAL-1,21/07/2025,30/07/2025,97.76,73.96,7,210,986,1,2,3.5,16.43333333,-67.06666667,1,1,0.100351229,2025-07,30
B2025-00204,PO2025-0059,FG-VA01,19211,vial,Upstreamâ†’Downstreamâ†’Fill,27/07/2025 14:00,28/07/2025 08:17,18.28,18345,95.5,Released,0,FALSE,VIAL-2,21/07/2025,30/07/2025,97.76,73.96,7,30,1067,1,,0.5,17.78333333,-39.71666667,1,1,0,2025-07,31
B2025-00205,PO2025-0060,FG-SMALLM,513199,tablet,Blendâ†’Compressâ†’Coatâ†’Pack,27/07/2025 15:00,28/07/2025 01:59,10.98,485760,94.65,Released,0,FALSE,COAT-1,24/07/2025,02/08/2025,97.88,40.44,5,120,539,1,1,2,8.983333333,-118.0166667,1,1,0.091074681,2025-07,31
B2025-00206,PO2025-0060,FG-SMALLM,521955,tablet,Blendâ†’Compressâ†’Coatâ†’Pack,29/07/2025 08:00,29/07/2025 17:17,9.28,511858,98.07,Released,0,FALSE,COAT-1,24/07/2025,02/08/2025,97.88,40.44,5,150,407,1,,2.5,6.783333333,-78.71666667,1,1,0,2025-07,31
B2025-00207,PO2025-0060,FG-SMALLM,414389,tablet,Blendâ†’Compressâ†’Coatâ†’Pack,31/07/2025 23:00,01/08/2025 10:09,11.15,406645,98.13,Released,0,FALSE,TAB-1,24/07/2025,02/08/2025,97.88,40.44,5,120,549,1,1,2,9.15,-13.85,1,1,0.089686099,2025-08,31
B2025-00208,PO2025-0060,FG-SMALLM,518945,tablet,Blendâ†’Compressâ†’Coatâ†’Pack,01/08/2025 20:00,02/08/2025 05:07,9.12,507529,97.8,Released,0,FALSE,TAB-1,24/07/2025,02/08/2025,97.88,40.44,5,90,457,1,2,1.5,7.616666667,5.116666667,0,1,0.219298246,2025-08,31
B2025-00209,PO2025-0061,FG-VA01,22791,vial,Upstreamâ†’Downstreamâ†’Fill,29/07/2025 19:00,30/07/2025 13:36,18.6,22078,96.87,Released,1,FALSE,VIAL-1,29/07/2025,12/08/2025,98.05,70.7,7,150,966,1,,2.5,16.1,-298.4,1,0,0,2025-07,31
B2025-00210,PO2025-0061,FG-VA01,16652,vial,Upstreamâ†’Downstreamâ†’Fill,05/08/2025 11:00,06/08/2025 11:21,24.35,16306,97.92,Released,0,FALSE,VIAL-2,29/07/2025,12/08/2025,98.05,70.7,7,300,1161,1,,5,19.35,-132.65,1,1,0,2025-08,32
B2025-00211,PO2025-0061,FG-VA01,21478,vial,Upstreamâ†’Downstreamâ†’Fill,07/08/2025 15:00,08/08/2025 06:42,15.7,20356,94.78,Released,0,FALSE,VIAL-1,29/07/2025,12/08/2025,98.05,70.7,7,60,882,1,,1,14.7,-89.3,1,1,0,2025-08,32
B2025-00212,PO2025-0061,FG-VA01,16000,vial,Upstreamâ†’Downstreamâ†’Fill,08/08/2025 15:00,09/08/2025 12:46,21.77,15752,98.46,Released,1,FALSE,VIAL-2,29/07/2025,12/08/2025,98.05,70.7,7,60,1246,1,2,1,20.76666667,-59.23333333,1,0,0.091869545,2025-08,32
B2025-00213,PO2025-0061,FG-VA01,22813,vial,Upstreamâ†’Downstreamâ†’Fill,08/08/2025 21:00,09/08/2025 18:34,21.57,22213,97.37,Rejected,0,FALSE,VIAL-1,29/07/2025,12/08/2025,98.05,70.7,7,270,1024,1,,4.5,17.06666667,-53.43333333,1,1,0,2025-08,32
B2025-00214,PO2025-0062,FG-SMALLM,498287,tablet,Blendâ†’Compressâ†’Coatâ†’Pack,30/07/2025 02:00,30/07/2025 13:08,11.13,482763,96.88,Released,1,FALSE,COAT-1,30/07/2025,08/08/2025,97.89,25.51,5,180,488,1,,3,8.133333333,-202.8666667,1,0,0,2025-07,31
B2025-00215,PO2025-0062,FG-SMALLM,553847,tablet,Blendâ†’Compressâ†’Coatâ†’Pack,05/08/2025 12:00,05/08/2025 21:09,9.15,533173,96.27,Released,0,FALSE,TAB-1,30/07/2025,08/08/2025,97.89,25.51,5,150,399,1,1,2.5,6.65,-50.85,1,1,0.109289617,2025-08,32
B2025-00216,PO2025-0063,FG-VA02,19856,syringe,Upstreamâ†’Downstreamâ†’Fill,02/08/2025 06:00,03/08/2025 08:40,26.67,19277,97.09,Released,0,FALSE,VIAL-1,30/07/2025,11/08/2025,98.09,75.78,7,300,1300,1,1,5,21.66666667,-183.3333333,1,1,0.037495313,2025-08,31
B2025-00217,PO2025-0063,FG-VA02,20031,syringe,Upstreamâ†’Downstreamâ†’Fill,06/08/2025 08:00,07/08/2025 06:54,22.9,19485,97.28,Quarantined,0,TRUE,VIAL-2,30/07/2025,11/08/2025,98.09,75.78,7,180,1194,1,2,3,19.9,-89.1,1,1,0.087336245,2025-08,32
B2025-00218,PO2025-0063,FG-VA02,19129,syringe,Upstreamâ†’Downstreamâ†’Fill,07/08/2025 01:00,08/08/2025 01:31,24.52,18392,96.15,Released,0,FALSE,VIAL-1,30/07/2025,11/08/2025,98.09,75.78,7,270,1201,1,1,4.5,20.01666667,-70.48333333,1,1,0.040783034,2025-08,32
B2025-00219,PO2025-0063,FG-VA02,16869,syringe,Upstreamâ†’Downstreamâ†’Fill,08/08/2025 03:00,09/08/2025 02:11,23.18,16273,96.47,Released,0,FALSE,VIAL-1,30/07/2025,11/08/2025,98.09,75.78,7,330,1061,0,,5.5,17.68333333,-45.81666667,1,0,0,2025-08,32
B2025-00220,PO2025-0063,FG-VA02,19334,syringe,Upstreamâ†’Downstreamâ†’Fill,10/08/2025 18:00,11/08/2025 11:50,17.83,18897,97.74,Released,0,FALSE,VIAL-2,30/07/2025,11/08/2025,98.09,75.78,7,180,890,0,2,3,14.83333333,11.83333333,0,0,0.112170499,2025-08,33
B2025-00221,PO2025-0064,FG-MAB1-FILL,22265,vial,Upstreamâ†’Downstreamâ†’Fill,06/08/2025 11:00,07/08/2025 11:20,24.33,21853,98.15,Released,0,FALSE,VIAL-2,05/08/2025,11/08/2025,98.64,65.52,7,270,1190,1,,4.5,19.83333333,-84.66666667,1,1,0,2025-08,32
B2025-00222,PO2025-0064,FG-MAB1-FILL,24334,vial,Upstreamâ†’Downstreamâ†’Fill,07/08/2025 00:00,07/08/2025 17:51,17.85,23761,97.65,Released,0,FALSE,VIAL-2,05/08/2025,11/08/2025,98.64,65.52,7,90,981,0,,1.5,16.35,-78.15,1,0,0,2025-08,32
B2025-00223,PO2025-0064,FG-MAB1-FILL,25632,vial,Upstreamâ†’Downstreamâ†’Fill,08/08/2025 15:00,09/08/2025 10:01,19.02,25039,97.69,Released,0,FALSE,VIAL-1,05/08/2025,11/08/2025,98.64,65.52,7,120,1021,1,2,2,17.01666667,-37.98333333,1,1,0.105152471,2025-08,32
B2025-00224,PO2025-0064,FG-MAB1-FILL,27429,vial,Upstreamâ†’Downstreamâ†’Fill,09/08/2025 12:00,10/08/2025 05:07,17.12,27199,99.16,Released,0,FALSE,VIAL-2,05/08/2025,11/08/2025,98.64,65.52,7,30,997,1,1,0.5,16.61666667,-18.88333333,1,1,0.058411215,2025-08,32
B2025-00225,PO2025-0064,FG-MAB1-FILL,27181,vial,Upstreamâ†’Downstreamâ†’Fill,10/08/2025 08:00,11/08/2025 09:04,25.07,26342,96.91,Released,2,FALSE,VIAL-2,05/08/2025,11/08/2025,98.64,65.52,7,210,1294,1,,3.5,21.56666667,9.066666667,0,0,0,2025-08,33
B2025-00226,PO2025-0065,FG-MAB1,882,L,Upstreamâ†’Downstream,04/08/2025 09:00,05/08/2025 09:19,24.32,831,94.26,Released,1,FALSE,C-201,04/08/2025,12/08/2025,96.86,74.15,7,270,1189,1,1,4.5,19.81666667,-158.6833333,1,0,0.041118421,2025-08,32
B2025-00227,PO2025-0065,FG-MAB1,1118,L,Upstreamâ†’Downstream,05/08/2025 19:00,06/08/2025 17:07,22.12,1108,99.12,Released,0,FALSE,C-201,04/08/2025,12/08/2025,96.86,74.15,7,30,1297,1,1,0.5,21.61666667,-126.8833333,1,1,0.045207957,2025-08,32
B2025-00228,PO2025-0065,FG-MAB1,1158,L,Upstreamâ†’Downstream,09/08/2025 12:00,10/08/2025 09:09,21.15,1087,93.95,Released,0,FALSE,F-301,04/08/2025,12/08/2025,96.86,74.15,7,60,1209,1,,1,20.15,-38.85,1,1,0,2025-08,32
B2025-00229,PO2025-0065,FG-MAB1,1200,L,Upstreamâ†’Downstream,10/08/2025 12:00,11/08/2025 11:32,23.53,1159,96.59,Released,0,FALSE,C-201,04/08/2025,12/08/2025,96.86,74.15,7,330,1082,0,1,5.5,18.03333333,-12.46666667,1,0,0.042498938,2025-08,33
B2025-00230,PO2025-0066,FG-VA02,18280,syringe,Upstreamâ†’Downstreamâ†’Fill,04/08/2025 12:00,05/08/2025 08:16,20.27,17544,95.98,Released,0,FALSE,VIAL-2,04/08/2025,09/08/2025,97.04,80.29,7,210,1006,1,1,3.5,16.76666667,-87.73333333,1,1,0.049333991,2025-08,32
B2025-00231,PO2025-0066,FG-VA02,18107,syringe,Upstreamâ†’Downstreamâ†’Fill,05/08/2025 09:00,06/08/2025 02:24,17.4,17448,96.36,Rejected,0,FALSE,VIAL-2,04/08/2025,09/08/2025,97.04,80.29,7,180,864,0,1,3,14.4,-69.6,1,0,0.057471264,2025-08,32
B2025-00232,PO2025-0066,FG-VA02,17911,syringe,Upstreamâ†’Downstreamâ†’Fill,06/08/2025 19:00,07/08/2025 16:30,21.5,17679,98.71,Released,0,FALSE,VIAL-2,04/08/2025,09/08/2025,97.04,80.29,7,360,930,0,1,6,15.5,-31.5,1,0,0.046511628,2025-08,32
B2025-00233,PO2025-0067,FG-SMALLM,454457,tablet,Blendâ†’Compressâ†’Coatâ†’Pack,18/08/2025 12:00,18/08/2025 23:13,11.22,429842,94.58,Released,0,FALSE,TAB-1,14/08/2025,28/08/2025,96.31,39.94,5,210,463,1,1,3.5,7.716666667,-216.7833333,1,1,0.08912656,2025-08,34
B2025-00234,PO2025-0067,FG-SMALLM,485614,tablet,Blendâ†’Compressâ†’Coatâ†’Pack,19/08/2025 03:00,19/08/2025 16:04,13.07,459534,94.63,Released,0,FALSE,TAB-1,14/08/2025,28/08/2025,96.31,39.94,5,210,574,1,,3.5,9.566666667,-199.9333333,1,1,0,2025-08,34
B2025-00235,PO2025-0067,FG-SMALLM,499013,tablet,Blendâ†’Compressâ†’Coatâ†’Pack,19/08/2025 12:00,20/08/2025 01:35,13.58,473896,94.97,Released,0,FALSE,COAT-1,14/08/2025,28/08/2025,96.31,39.94,5,210,605,1,2,3.5,10.08333333,-190.4166667,1,1,0.147275405,2025-08,34
B2025-00236,PO2025-0068,FG-SMALLM,519282,tablet,Blendâ†’Compressâ†’Coatâ†’Pack,20/08/2025 08:00,20/08/2025 18:44,10.73,523339,100.78,Released,0,FALSE,COAT-1,19/08/2025,26/08/2025,98.52,59.12,5,120,524,1,,2,8.733333333,-125.2666667,1,1,0,2025-08,34
B2025-00237,PO2025-0068,FG-SMALLM,497010,tablet,Blendâ†’Compressâ†’Coatâ†’Pack,24/08/2025 04:00,24/08/2025 15:50,11.83,479377,96.45,Released,0,FALSE,COAT-1,19/08/2025,26/08/2025,98.52,59.12,5,240,470,1,1,4,7.833333333,-32.16666667,1,1,0.084530854,2025-08,34
B2025-00238,PO2025-0068,FG-SMALLM,490264,tablet,Blendâ†’Compressâ†’Coatâ†’Pack,24/08/2025 09:00,25/08/2025 01:10,16.17,465899,95.03,Quarantined,0,TRUE,COAT-1,19/08/2025,26/08/2025,98.52,59.12,5,300,670,1,1,5,11.16666667,-22.83333333,1,1,0.061842919,2025-08,35
B2025-00239,PO2025-0069,FG-VA01,21382,vial,Upstreamâ†’Downstreamâ†’Fill,22/08/2025 21:00,23/08/2025 17:29,20.48,20896,97.73,Released,1,FALSE,VIAL-1,19/08/2025,01/09/2025,97.87,62.64,7,390,839,1,,6.5,13.98333333,-198.5166667,1,0,0,2025-08,34
B2025-00240,PO2025-0069,FG-VA01,19439,vial,Upstreamâ†’Downstreamâ†’Fill,29/08/2025 11:00,30/08/2025 04:59,17.98,18652,95.95,Released,0,FALSE,VIAL-2,19/08/2025,01/09/2025,97.87,62.64,7,30,1049,1,1,0.5,17.48333333,-43.01666667,1,1,0.055617353,2025-08,35
B2025-00241,PO2025-0070,FG-MAB1-FILL,26362,vial,Upstreamâ†’Downstreamâ†’Fill,26/08/2025 17:00,27/08/2025 17:04,24.07,25217,95.66,Released,0,FALSE,VIAL-2,18/08/2025,30/08/2025,97.96,68.79,7,300,1144,1,2,5,19.06666667,-54.93333333,1,1,0.083090985,2025-08,35
B2025-00242,PO2025-0070,FG-MAB1-FILL,26658,vial,Upstreamâ†’Downstreamâ†’Fill,27/08/2025 07:00,28/08/2025 01:26,18.43,24953,93.61,Released,0,FALSE,VIAL-2,18/08/2025,30/08/2025,97.96,68.79,7,60,1046,1,,1,17.43333333,-46.56666667,1,1,0,2025-08,35
B2025-00243,PO2025-0070,FG-MAB1-FILL,24000,vial,Upstreamâ†’Downstreamâ†’Fill,27/08/2025 22:00,28/08/2025 17:04,19.07,23649,98.54,Released,0,FALSE,VIAL-1,18/08/2025,30/08/2025,97.96,68.79,7,90,1054,1,,1.5,17.56666667,-30.93333333,1,1,0,2025-08,35
B2025-00244,PO2025-0071,FG-MAB1-FILL,25112,vial,Upstreamâ†’Downstreamâ†’Fill,05/09/2025 03:00,05/09/2025 20:14,17.23,24497,97.55,Released,0,FALSE,VIAL-2,29/08/2025,11/09/2025,98.6,60.05,7,90,944,1,,1.5,15.73333333,-123.7666667,1,1,0,2025-09,36
B2025-00245,PO2025-0071,FG-MAB1-FILL,22739,vial,Upstreamâ†’Downstreamâ†’Fill,05/09/2025 23:00,06/09/2025 20:29,21.48,22327,98.19,Released,0,FALSE,VIAL-1,29/08/2025,11/09/2025,98.6,60.05,7,240,1049,1,,4,17.48333333,-99.51666667,1,1,0,2025-09,36
B2025-00246,PO2025-0071,FG-MAB1-FILL,28067,vial,Upstreamâ†’Downstreamâ†’Fill,09/09/2025 14:00,10/09/2025 09:58,19.97,27754,98.89,Released,2,FALSE,VIAL-2,29/08/2025,11/09/2025,98.6,60.05,7,240,958,1,2,4,15.96666667,-14.03333333,1,0,0.100150225,2025-09,37
B2025-00247,PO2025-0072,FG-SMALLM,481778,tablet,Blendâ†’Compressâ†’Coatâ†’Pack,28/08/2025 23:00,29/08/2025 08:54,9.9,458857,95.24,Released,0,FALSE,TAB-1,28/08/2025,09/09/2025,97.28,40.08,5,150,444,1,1,2.5,7.4,-255.1,1,1,0.101010101,2025-08,35
B2025-00248,PO2025-0072,FG-SMALLM,467192,tablet,Blendâ†’Compressâ†’Coatâ†’Pack,03/09/2025 12:00,03/09/2025 20:46,8.77,448297,95.96,Released,0,FALSE,TAB-1,28/08/2025,09/09/2025,97.28,40.08,5,90,436,0,2,1.5,7.266666667,-123.2333333,1,0,0.228050171,2025-09,36
B2025-00249,PO2025-0072,FG-SMALLM,400000,tablet,Blendâ†’Compressâ†’Coatâ†’Pack,07/09/2025 21:00,08/09/2025 07:53,10.88,385215,96.3,Released,0,FALSE,TAB-1,28/08/2025,09/09/2025,97.28,40.08,5,30,623,1,,0.5,10.38333333,-16.11666667,1,1,0,2025-09,37
B2025-00250,PO2025-0073,FG-VA01,21016,vial,Upstreamâ†’Downstreamâ†’Fill,03/09/2025 11:00,04/09/2025 06:27,19.45,20337,96.77,Quarantined,0,FALSE,VIAL-2,02/09/2025,11/09/2025,97.85,69.75,7,270,897,0,1,4.5,14.95,-161.55,1,0,0.051413882,2025-09,36
B2025-00251,PO2025-0073,FG-VA01,18309,vial,Upstreamâ†’Downstreamâ†’Fill,07/09/2025 19:00,08/09/2025 11:01,16.02,17817,97.32,Released,0,FALSE,VIAL-1,02/09/2025,11/09/2025,97.85,69.75,7,0,961,1,,0,16.01666667,-60.98333333,1,1,0,2025-09,37
B2025-00252,PO2025-0073,FG-VA01,19556,vial,Upstreamâ†’Downstreamâ†’Fill,08/09/2025 18:00,09/09/2025 21:20,27.33,19003,97.18,Released,0,FALSE,VIAL-1,02/09/2025,11/09/2025,97.85,69.75,7,240,1400,0,1,4,23.33333333,-26.66666667,1,0,0.036589828,2025-09,37
B2025-00253,PO2025-0073,FG-VA01,20149,vial,Upstreamâ†’Downstreamâ†’Fill,08/09/2025 19:00,09/09/2025 17:32,22.53,19608,97.32,Released,1,FALSE,VIAL-1,02/09/2025,11/09/2025,97.85,69.75,7,360,992,1,1,6,16.53333333,-30.46666667,1,0,0.044385264,2025-09,37
B2025-00254,PO2025-0073,FG-VA01,16947,vial,Upstreamâ†’Downstreamâ†’Fill,09/09/2025 16:00,10/09/2025 10:42,18.7,16600,97.96,Released,0,FALSE,VIAL-2,02/09/2025,11/09/2025,97.85,69.75,7,90,1032,1,1,1.5,17.2,-13.3,1,1,0.053475936,2025-09,37
B2025-00255,PO2025-0074,FG-VA02,18624,syringe,Upstreamâ†’Downstreamâ†’Fill,08/09/2025 00:00,08/09/2025 19:31,19.52,18552,99.62,Released,0,FALSE,VIAL-1,03/09/2025,13/09/2025,99.36,76.97,7,300,871,1,1,5,14.51666667,-100.4833333,1,1,0.051229508,2025-09,37
B2025-00256,PO2025-0074,FG-VA02,17407,syringe,Upstreamâ†’Downstreamâ†’Fill,10/09/2025 04:00,10/09/2025 23:44,19.73,16871,96.93,Released,0,FALSE,VIAL-2,03/09/2025,13/09/2025,99.36,76.97,7,210,974,0,1,3.5,16.23333333,-48.26666667,1,0,0.050684237,2025-09,37
B2025-00257,PO2025-0075,FG-VA02,17550,syringe,Upstreamâ†’Downstreamâ†’Fill,02/09/2025 08:00,03/09/2025 05:31,21.52,16980,96.75,Released,0,FALSE,VIAL-1,02/09/2025,10/09/2025,97.51,81.56,7,240,1051,1,2,4,17.51666667,-162.4833333,1,1,0.092936803,2025-09,36
B2025-00258,PO2025-0075,FG-VA02,19029,syringe,Upstreamâ†’Downstreamâ†’Fill,05/09/2025 09:00,06/09/2025 05:14,20.23,18219,95.75,Released,0,FALSE,VIAL-2,02/09/2025,10/09/2025,97.51,81.56,7,180,1034,1,,3,17.23333333,-90.76666667,1,1,0,2025-09,36
B2025-00259,PO2025-0076,FG-MAB1-FILL,21426,vial,Upstreamâ†’Downstreamâ†’Fill,11/09/2025 23:00,12/09/2025 19:14,20.23,20880,97.45,Released,1,FALSE,VIAL-2,11/09/2025,22/09/2025,98.5,77.19,7,270,944,1,1,4.5,15.73333333,-220.7666667,1,0,0.049431537,2025-09,37
B2025-00260,PO2025-0076,FG-MAB1-FILL,25028,vial,Upstreamâ†’Downstreamâ†’Fill,16/09/2025 17:00,17/09/2025 14:05,21.08,24177,96.6,Released,0,FALSE,VIAL-2,11/09/2025,22/09/2025,98.5,77.19,7,60,1205,1,1,1,20.08333333,-105.9166667,1,1,0.04743833,2025-09,38
B2025-00261,PO2025-0077,FG-MAB1-FILL,28636,vial,Upstreamâ†’Downstreamâ†’Fill,09/09/2025 07:00,10/09/2025 04:28,21.47,27766,96.96,Released,1,FALSE,VIAL-2,08/09/2025,16/09/2025,97.66,73.1,7,60,1228,1,1,1,20.46666667,-139.5333333,1,0,0.046576619,2025-09,37
B2025-00262,PO2025-0077,FG-MAB1-FILL,21097,vial,Upstreamâ†’Downstreamâ†’Fill,11/09/2025 23:00,12/09/2025 19:48,20.8,20817,98.67,Released,0,FALSE,VIAL-2,08/09/2025,16/09/2025,97.66,73.1,7,210,1038,1,2,3.5,17.3,-76.2,1,1,0.096153846,2025-09,37
B2025-00263,PO2025-0077,FG-MAB1-FILL,24051,vial,Upstreamâ†’Downstreamâ†’Fill,13/09/2025 22:00,14/09/2025 20:27,22.45,22663,94.23,Rejected,0,FALSE,VIAL-2,08/09/2025,16/09/2025,97.66,73.1,7,180,1167,1,2,3,19.45,-27.55,1,1,0.08908686,2025-09,37
B2025-00264,PO2025-0078,FG-SMALLM,487965,tablet,Blendâ†’Compressâ†’Coatâ†’Pack,21/09/2025 04:00,21/09/2025 14:37,10.62,471035,96.53,Released,0,FALSE,COAT-1,18/09/2025,30/09/2025,98.38,45.91,5,180,457,0,1,3,7.616666667,-201.3833333,1,0,0.094161959,2025-09,38
B2025-00265,PO2025-0078,FG-SMALLM,513774,tablet,Blendâ†’Compressâ†’Coatâ†’Pack,21/09/2025 21:00,22/09/2025 06:29,9.48,515389,100.31,Released,0,FALSE,COAT-1,18/09/2025,30/09/2025,98.38,45.91,5,150,419,1,,2.5,6.983333333,-185.5166667,1,1,0,2025-09,39
B2025-00266,PO2025-0078,FG-SMALLM,496430,tablet,Blendâ†’Compressâ†’Coatâ†’Pack,28/09/2025 04:00,28/09/2025 15:40,11.67,478746,96.44,Released,1,FALSE,TAB-1,18/09/2025,30/09/2025,98.38,45.91,5,180,520,1,1,3,8.666666667,-32.33333333,1,0,0.085689803,2025-09,39
B2025-00267,PO2025-0078,FG-SMALLM,537377,tablet,Blendâ†’Compressâ†’Coatâ†’Pack,29/09/2025 04:00,29/09/2025 14:11,10.18,532129,99.02,Released,0,FALSE,COAT-1,18/09/2025,30/09/2025,98.38,45.91,5,120,491,1,,2,8.183333333,-9.816666667,1,1,0,2025-09,40
B2025-00268,PO2025-0078,FG-SMALLM,420581,tablet,Blendâ†’Compressâ†’Coatâ†’Pack,29/09/2025 10:00,29/09/2025 22:38,12.63,404426,96.16,Released,0,FALSE,TAB-1,18/09/2025,30/09/2025,98.38,45.91,5,300,458,1,2,5,7.633333333,-1.366666667,1,1,0.158353127,2025-09,40
B2025-00269,PO2025-0079,FG-MAB1-FILL,21737,vial,Upstreamâ†’Downstreamâ†’Fill,27/09/2025 17:00,28/09/2025 11:44,18.73,20780,95.6,Released,0,FALSE,VIAL-2,26/09/2025,09/10/2025,98.23,69.96,7,120,1004,1,,2,16.73333333,-252.2666667,1,1,0,2025-09,39
B2025-00270,PO2025-0079,FG-MAB1-FILL,28135,vial,Upstreamâ†’Downstreamâ†’Fill,02/10/2025 06:00,03/10/2025 02:30,20.5,26920,95.68,Released,0,FALSE,VIAL-2,26/09/2025,09/10/2025,98.23,69.96,7,180,1050,1,1,3,17.5,-141.5,1,1,0.048780488,2025-10,40
B2025-00271,PO2025-0079,FG-MAB1-FILL,23997,vial,Upstreamâ†’Downstreamâ†’Fill,02/10/2025 06:00,03/10/2025 04:09,22.15,23063,96.11,Rejected,0,FALSE,VIAL-2,26/09/2025,09/10/2025,98.23,69.96,7,60,1269,1,,1,21.15,-139.85,1,1,0,2025-10,40
B2025-00272,PO2025-0080,FG-MAB1-FILL,26210,vial,Upstreamâ†’Downstreamâ†’Fill,01/10/2025 06:00,02/10/2025 02:46,20.77,25913,98.87,Released,1,FALSE,VIAL-1,25/09/2025,07/10/2025,98.44,76.65,7,90,1156,0,,1.5,19.26666667,-117.2333333,1,0,0,2025-10,40
B2025-00273,PO2025-0080,FG-MAB1-FILL,21233,vial,Upstreamâ†’Downstreamâ†’Fill,05/10/2025 09:00,06/10/2025 08:05,23.08,20890,98.39,Released,0,FALSE,VIAL-1,25/09/2025,07/10/2025,98.44,76.65,7,300,1085,1,,5,18.08333333,-15.91666667,1,1,0,2025-10,41
B2025-00274,PO2025-0080,FG-MAB1-FILL,26800,vial,Upstreamâ†’Downstreamâ†’Fill,06/10/2025 04:00,07/10/2025 06:56,26.93,26578,99.17,Released,0,FALSE,VIAL-2,25/09/2025,07/10/2025,98.44,76.65,7,180,1436,1,,3,23.93333333,6.933333333,0,1,0,2025-10,41
B2025-00275,PO2025-0081,FG-SMALLM,469365,tablet,Blendâ†’Compressâ†’Coatâ†’Pack,25/09/2025 00:00,25/09/2025 11:38,11.63,452205,96.34,Released,0,FALSE,COAT-1,25/09/2025,02/10/2025,99.1,48.68,5,120,578,1,1,2,9.633333333,-156.3666667,1,1,0.085984523,2025-09,39
B2025-00276,PO2025-0081,FG-SMALLM,466125,tablet,Blendâ†’Compressâ†’Coatâ†’Pack,26/09/2025 16:00,27/09/2025 01:43,9.72,460536,98.8,Released,0,FALSE,TAB-1,25/09/2025,02/10/2025,99.1,48.68,5,120,463,1,1,2,7.716666667,-118.2833333,1,1,0.102880658,2025-09,39
B2025-00277,PO2025-0081,FG-SMALLM,487131,tablet,Blendâ†’Compressâ†’Coatâ†’Pack,26/09/2025 18:00,27/09/2025 04:36,10.6,466523,95.77,Released,0,FALSE,COAT-1,25/09/2025,02/10/2025,99.1,48.68,5,30,606,0,1,0.5,10.1,-115.4,1,0,0.094339623,2025-09,39
B2025-00278,PO2025-0081,FG-SMALLM,507388,tablet,Blendâ†’Compressâ†’Coatâ†’Pack,30/09/2025 14:00,01/10/2025 03:25,13.42,487714,96.12,Released,0,FALSE,TAB-1,25/09/2025,02/10/2025,99.1,48.68,5,120,685,1,,2,11.41666667,-20.58333333,1,1,0,2025-10,40
B2025-00279,PO2025-0082,FG-MAB1-FILL,24440,vial,Upstreamâ†’Downstreamâ†’Fill,05/10/2025 14:00,06/10/2025 11:27,21.45,24273,99.32,Released,0,FALSE,VIAL-1,03/10/2025,17/10/2025,99.54,79.94,7,210,1077,0,,3.5,17.95,-252.55,1,0,0,2025-10,41
B2025-00280,PO2025-0082,FG-MAB1-FILL,23237,vial,Upstreamâ†’Downstreamâ†’Fill,06/10/2025 20:00,07/10/2025 19:02,23.03,22211,95.59,Released,0,FALSE,VIAL-1,03/10/2025,17/10/2025,99.54,79.94,7,210,1172,1,2,3.5,19.53333333,-220.9666667,1,1,0.086843248,2025-10,41
B2025-00281,PO2025-0082,FG-MAB1-FILL,26417,vial,Upstreamâ†’Downstreamâ†’Fill,08/10/2025 23:00,09/10/2025 18:21,19.35,26731,101.19,Released,0,FALSE,VIAL-1,03/10/2025,17/10/2025,99.54,79.94,7,150,1011,1,1,2.5,16.85,-173.65,1,1,0.051679587,2025-10,41
B2025-00282,PO2025-0083,FG-MAB1-FILL,27340,vial,Upstreamâ†’Downstreamâ†’Fill,07/10/2025 21:00,08/10/2025 16:59,19.98,26182,95.77,Released,0,FALSE,VIAL-1,07/10/2025,12/10/2025,98.76,83.6,7,210,989,0,2,3.5,16.48333333,-79.01666667,1,0,0.1001001,2025-10,41
B2025-00283,PO2025-0083,FG-MAB1-FILL,23809,vial,Upstreamâ†’Downstreamâ†’Fill,09/10/2025 06:00,10/10/2025 01:24,19.4,22985,96.54,Released,0,FALSE,VIAL-1,07/10/2025,12/10/2025,98.76,83.6,7,240,924,1,2,4,15.4,-46.6,1,1,0.103092784,2025-10,41
B2025-00284,PO2025-0083,FG-MAB1-FILL,22693,vial,Upstreamâ†’Downstreamâ†’Fill,11/10/2025 09:00,12/10/2025 06:10,21.17,22155,97.63,Released,0,FALSE,VIAL-1,07/10/2025,12/10/2025,98.76,83.6,7,120,1150,1,1,2,19.16666667,6.166666667,0,1,0.047236656,2025-10,41
B2025-00285,PO2025-0083,FG-MAB1-FILL,27166,vial,Upstreamâ†’Downstreamâ†’Fill,11/10/2025 19:00,12/10/2025 14:11,19.18,26190,96.41,Released,0,FALSE,VIAL-1,07/10/2025,12/10/2025,98.76,83.6,7,90,1061,1,1,1.5,17.68333333,14.18333333,0,1,0.052137643,2025-10,41
B2025-00286,PO2025-0084,FG-VA01,20313,vial,Upstreamâ†’Downstreamâ†’Fill,09/10/2025 01:00,09/10/2025 22:56,21.93,19482,95.91,Released,0,FALSE,VIAL-2,09/10/2025,19/10/2025,98.2,68.4,7,300,1016,1,1,5,16.93333333,-217.0666667,1,1,0.045599635,2025-10,41
B2025-00287,PO2025-0084,FG-VA01,18272,vial,Upstreamâ†’Downstreamâ†’Fill,13/10/2025 20:00,14/10/2025 15:02,19.03,18337,100.36,Rejected,1,FALSE,VIAL-1,09/10/2025,19/10/2025,98.2,68.4,7,60,1082,1,1,1,18.03333333,-104.9666667,1,0,0.052548607,2025-10,42
B2025-00288,PO2025-0084,FG-VA01,19401,vial,Upstreamâ†’Downstreamâ†’Fill,15/10/2025 16:00,16/10/2025 17:47,25.78,19117,98.54,Released,0,FALSE,VIAL-1,09/10/2025,19/10/2025,98.2,68.4,7,330,1217,1,2,5.5,20.28333333,-54.21666667,1,1,0.077579519,2025-10,42
B2025-00289,PO2025-0085,FG-VA02,17802,syringe,Upstreamâ†’Downstreamâ†’Fill,13/10/2025 07:00,14/10/2025 01:22,18.37,17441,97.98,Released,1,FALSE,VIAL-1,13/10/2025,25/10/2025,98.93,75.65,7,180,922,1,2,3,15.36666667,-262.6333333,1,0,0.108873163,2025-10,42
B2025-00290,PO2025-0085,FG-VA02,16339,syringe,Upstreamâ†’Downstreamâ†’Fill,14/10/2025 09:00,15/10/2025 02:44,17.73,16007,97.97,Released,1,FALSE,VIAL-1,13/10/2025,25/10/2025,98.93,75.65,7,180,884,1,1,3,14.73333333,-237.2666667,1,0,0.056401579,2025-10,42
B2025-00291,PO2025-0085,FG-VA02,18735,syringe,Upstreamâ†’Downstreamâ†’Fill,24/10/2025 07:00,25/10/2025 04:38,21.63,18227,97.29,Released,0,FALSE,VIAL-2,13/10/2025,25/10/2025,98.93,75.65,7,210,1088,1,1,3.5,18.13333333,4.633333333,0,1,0.046232085,2025-10,43
B2025-00292,PO2025-0085,FG-VA02,18116,syringe,Upstreamâ†’Downstreamâ†’Fill,24/10/2025 13:00,25/10/2025 09:18,20.3,18134,100.1,Released,0,FALSE,VIAL-2,13/10/2025,25/10/2025,98.93,75.65,7,120,1098,1,2,2,18.3,9.3,0,1,0.098522167,2025-10,43
B2025-00293,PO2025-0086,FG-VA02,18200,syringe,Upstreamâ†’Downstreamâ†’Fill,16/10/2025 15:00,17/10/2025 08:35,17.58,17787,97.74,Released,0,FALSE,VIAL-2,15/10/2025,23/10/2025,97.38,84.67,7,90,965,1,,1.5,16.08333333,-135.4166667,1,1,0,2025-10,42
B2025-00294,PO2025-0086,FG-VA02,19577,syringe,Upstreamâ†’Downstreamâ†’Fill,19/10/2025 22:00,20/10/2025 20:38,22.63,19112,97.63,Released,0,FALSE,VIAL-1,15/10/2025,23/10/2025,97.38,84.67,7,330,1028,1,,5.5,17.13333333,-51.36666667,1,1,0,2025-10,43
B2025-00295,PO2025-0086,FG-VA02,18181,syringe,Upstreamâ†’Downstreamâ†’Fill,22/10/2025 16:00,23/10/2025 09:55,17.92,18106,99.59,Quarantined,0,TRUE,VIAL-1,15/10/2025,23/10/2025,97.38,84.67,7,60,1015,0,1,1,16.91666667,9.916666667,0,0,0.055803571,2025-10,43
B2025-00296,PO2025-0087,FG-MAB1-FILL,24531,vial,Upstreamâ†’Downstreamâ†’Fill,14/10/2025 17:00,15/10/2025 13:19,20.32,24279,98.97,Released,0,FALSE,VIAL-2,14/10/2025,22/10/2025,99.14,75.01,7,150,1069,1,1,2.5,17.81666667,-154.6833333,1,1,0.049212598,2025-10,42
B2025-00297,PO2025-0087,FG-MAB1-FILL,27202,vial,Upstreamâ†’Downstreamâ†’Fill,19/10/2025 07:00,20/10/2025 04:45,21.75,27682,101.77,Released,0,FALSE,VIAL-1,14/10/2025,22/10/2025,99.14,75.01,7,90,1215,1,4,1.5,20.25,-43.25,1,1,0.183908046,2025-10,43
B2025-00298,PO2025-0087,FG-MAB1-FILL,27800,vial,Upstreamâ†’Downstreamâ†’Fill,20/10/2025 07:00,20/10/2025 23:21,16.35,27284,98.15,Released,0,FALSE,VIAL-2,14/10/2025,22/10/2025,99.14,75.01,7,90,891,0,1,1.5,14.85,-24.65,1,0,0.06116208,2025-10,43
B2025-00299,PO2025-0088,FG-MAB1-FILL,22489,vial,Upstreamâ†’Downstreamâ†’Fill,25/10/2025 18:00,26/10/2025 11:32,17.53,22081,98.19,Released,0,FALSE,VIAL-2,23/10/2025,29/10/2025,98.28,68.26,7,240,812,0,,4,13.53333333,-60.46666667,1,0,0,2025-10,43
B2025-00300,PO2025-0088,FG-MAB1-FILL,27026,vial,Upstreamâ†’Downstreamâ†’Fill,25/10/2025 23:00,26/10/2025 22:29,23.48,26492,98.03,Released,0,FALSE,VIAL-1,23/10/2025,29/10/2025,98.28,68.26,7,90,1319,1,1,1.5,21.98333333,-49.51666667,1,1,0.042589438,2025-10,43
B2025-00301,PO2025-0088,FG-MAB1-FILL,24838,vial,Upstreamâ†’Downstreamâ†’Fill,27/10/2025 07:00,28/10/2025 03:33,20.55,24447,98.43,Released,0,FALSE,VIAL-1,23/10/2025,29/10/2025,98.28,68.26,7,300,933,1,1,5,15.55,-20.45,1,1,0.0486618,2025-10,44
B2025-00302,PO2025-0089,FG-SMALLM,455459,tablet,Blendâ†’Compressâ†’Coatâ†’Pack,24/10/2025 13:00,24/10/2025 22:42,9.7,442205,97.09,Quarantined,0,FALSE,TAB-1,21/10/2025,04/11/2025,99.57,29.25,5,90,492,0,2,1.5,8.2,-241.3,1,0,0.206185567,2025-10,43
B2025-00303,PO2025-0089,FG-SMALLM,436096,tablet,Blendâ†’Compressâ†’Coatâ†’Pack,24/10/2025 16:00,25/10/2025 04:20,12.33,420519,96.43,Released,1,FALSE,COAT-1,21/10/2025,04/11/2025,99.57,29.25,5,210,530,1,,3.5,8.833333333,-235.6666667,1,0,0,2025-10,43
B2025-00304,PO2025-0089,FG-SMALLM,501808,tablet,Blendâ†’Compressâ†’Coatâ†’Pack,28/10/2025 01:00,28/10/2025 11:27,10.45,493791,98.4,Released,0,FALSE,TAB-1,21/10/2025,04/11/2025,99.57,29.25,5,180,447,0,,3,7.45,-156.55,1,0,0,2025-10,44
B2025-00305,PO2025-0090,FG-VA02,19552,syringe,Upstreamâ†’Downstreamâ†’Fill,27/10/2025 13:00,28/10/2025 08:58,19.97,18271,93.45,Released,0,FALSE,VIAL-2,27/10/2025,05/11/2025,97.38,69.87,7,60,1138,1,1,1,18.96666667,-183.0333333,1,1,0.050075113,2025-10,44
B2025-00306,PO2025-0090,FG-VA02,16609,syringe,Upstreamâ†’Downstreamâ†’Fill,29/10/2025 07:00,30/10/2025 00:44,17.73,15731,94.72,Released,0,FALSE,VIAL-1,27/10/2025,05/11/2025,97.38,69.87,7,90,974,1,,1.5,16.23333333,-143.2666667,1,1,0,2025-10,44
B2025-00307,PO2025-0090,FG-VA02,18379,syringe,Upstreamâ†’Downstreamâ†’Fill,31/10/2025 08:00,01/11/2025 04:53,20.88,18225,99.16,Released,0,FALSE,VIAL-1,27/10/2025,05/11/2025,97.38,69.87,7,60,1193,1,3,1,19.88333333,-91.11666667,1,1,0.143678161,2025-11,44
B2025-00308,PO2025-0090,FG-VA02,19982,syringe,Upstreamâ†’Downstreamâ†’Fill,01/11/2025 10:00,02/11/2025 06:19,20.32,18725,93.71,Released,0,FALSE,VIAL-2,27/10/2025,05/11/2025,97.38,69.87,7,240,979,1,1,4,16.31666667,-65.68333333,1,1,0.049212598,2025-11,44
B2025-00309,PO2025-0090,FG-VA02,18172,syringe,Upstreamâ†’Downstreamâ†’Fill,01/11/2025 12:00,02/11/2025 07:23,19.38,17339,95.42,Released,0,FALSE,VIAL-1,27/10/2025,05/11/2025,97.38,69.87,7,180,983,0,4,3,16.38333333,-64.61666667,1,0,0.206398349,2025-11,44
B2025-00310,PO2025-0091,FG-SMALLM,538335,tablet,Blendâ†’Compressâ†’Coatâ†’Pack,04/11/2025 14:00,04/11/2025 23:56,9.93,532644,98.94,Released,1,FALSE,TAB-1,04/11/2025,10/11/2025,97.82,35.46,5,0,596,0,,0,9.933333333,-120.0666667,1,0,0,2025-11,45
B2025-00311,PO2025-0091,FG-SMALLM,482450,tablet,Blendâ†’Compressâ†’Coatâ†’Pack,05/11/2025 00:00,05/11/2025 08:13,8.22,454399,94.19,Released,0,FALSE,TAB-1,04/11/2025,10/11/2025,97.82,35.46,5,30,463,1,1,0.5,7.716666667,-111.7833333,1,1,0.121654501,2025-11,45
B2025-00312,PO2025-0091,FG-SMALLM,470996,tablet,Blendâ†’Compressâ†’Coatâ†’Pack,07/11/2025 14:00,07/11/2025 22:19,8.32,462540,98.2,Released,1,FALSE,TAB-1,04/11/2025,10/11/2025,97.82,35.46,5,120,379,1,,2,6.316666667,-49.68333333,1,0,0,2025-11,45
B2025-00313,PO2025-0091,FG-SMALLM,524164,tablet,Blendâ†’Compressâ†’Coatâ†’Pack,08/11/2025 07:00,08/11/2025 17:43,10.72,513738,98.01,Released,0,FALSE,TAB-1,04/11/2025,10/11/2025,97.82,35.46,5,120,523,1,1,2,8.716666667,-30.28333333,1,1,0.093283582,2025-11,45
B2025-00314,PO2025-0091,FG-SMALLM,513445,tablet,Blendâ†’Compressâ†’Coatâ†’Pack,08/11/2025 23:00,09/11/2025 07:34,8.57,506508,98.65,Released,0,FALSE,COAT-1,04/11/2025,10/11/2025,97.82,35.46,5,30,484,0,,0.5,8.066666667,-16.43333333,1,0,0,2025-11,45
B2025-00315,PO2025-0092,FG-MAB1-FILL,26571,vial,Upstreamâ†’Downstreamâ†’Fill,10/11/2025 12:00,11/11/2025 05:38,17.63,25836,97.23,Released,1,FALSE,VIAL-2,10/11/2025,20/11/2025,97.17,68.64,7,30,1028,1,1,0.5,17.13333333,-210.3666667,1,0,0.056721497,2025-11,46
B2025-00316,PO2025-0092,FG-MAB1-FILL,25763,vial,Upstreamâ†’Downstreamâ†’Fill,16/11/2025 05:00,17/11/2025 01:17,20.28,24462,94.95,Released,0,FALSE,VIAL-1,10/11/2025,20/11/2025,97.17,68.64,7,240,977,1,,4,16.28333333,-70.71666667,1,1,0,2025-11,47
B2025-00317,PO2025-0092,FG-MAB1-FILL,26528,vial,Upstreamâ†’Downstreamâ†’Fill,16/11/2025 15:00,17/11/2025 10:02,19.03,25292,95.34,Released,0,FALSE,VIAL-2,10/11/2025,20/11/2025,97.17,68.64,7,210,932,1,2,3.5,15.53333333,-61.96666667,1,1,0.105097215,2025-11,47
B2025-00318,PO2025-0092,FG-MAB1-FILL,24415,vial,Upstreamâ†’Downstreamâ†’Fill,19/11/2025 13:00,20/11/2025 10:30,21.5,23525,96.36,Released,0,FALSE,VIAL-1,10/11/2025,20/11/2025,97.17,68.64,7,240,1050,1,2,4,17.5,10.5,0,1,0.093023256,2025-11,47
B2025-00319,PO2025-0093,FG-SMALLM,514565,tablet,Blendâ†’Compressâ†’Coatâ†’Pack,19/11/2025 10:00,19/11/2025 21:18,11.3,501572,97.48,Released,0,FALSE,TAB-1,19/11/2025,24/11/2025,99.69,32.31,5,90,588,0,,1.5,9.8,-98.7,1,0,0,2025-11,47
B2025-00320,PO2025-0093,FG-SMALLM,494844,tablet,Blendâ†’Compressâ†’Coatâ†’Pack,21/11/2025 05:00,21/11/2025 15:56,10.93,499973,101.04,Released,0,FALSE,TAB-1,19/11/2025,24/11/2025,99.69,32.31,5,90,566,1,,1.5,9.433333333,-56.06666667,1,1,0,2025-11,47
B2025-00321,PO2025-0093,FG-SMALLM,534892,tablet,Blendâ†’Compressâ†’Coatâ†’Pack,21/11/2025 12:00,21/11/2025 21:50,9.83,540308,101.01,Quarantined,1,FALSE,TAB-1,19/11/2025,24/11/2025,99.69,32.31,5,90,500,1,,1.5,8.333333333,-50.16666667,1,0,0,2025-11,47
B2025-00322,PO2025-0093,FG-SMALLM,524123,tablet,Blendâ†’Compressâ†’Coatâ†’Pack,23/11/2025 07:00,23/11/2025 18:31,11.52,511313,97.56,Released,1,FALSE,TAB-1,19/11/2025,24/11/2025,99.69,32.31,5,60,631,1,1,1,10.51666667,-5.483333333,1,0,0.086805556,2025-11,47
B2025-00323,PO2025-0093,FG-SMALLM,512588,tablet,Blendâ†’Compressâ†’Coatâ†’Pack,23/11/2025 16:00,24/11/2025 05:09,13.15,497047,96.97,Released,0,FALSE,COAT-1,19/11/2025,24/11/2025,99.69,32.31,5,240,549,1,,4,9.15,5.15,0,1,0,2025-11,48
B2025-00324,PO2025-0094,FG-VA01,20116,vial,Upstreamâ†’Downstreamâ†’Fill,28/11/2025 15:00,29/11/2025 09:22,18.37,19703,97.95,Released,0,FALSE,VIAL-1,27/11/2025,04/12/2025,97.33,78.97,7,90,1012,1,1,1.5,16.86666667,-110.6333333,1,1,0.054436581,2025-11,48
B2025-00325,PO2025-0094,FG-VA01,20063,vial,Upstreamâ†’Downstreamâ†’Fill,28/11/2025 18:00,29/11/2025 10:34,16.57,19238,95.89,Released,0,FALSE,VIAL-2,27/11/2025,04/12/2025,97.33,78.97,7,60,934,1,2,1,15.56666667,-109.4333333,1,1,0.12070006,2025-11,48
B2025-00326,PO2025-0094,FG-VA01,20343,vial,Upstreamâ†’Downstreamâ†’Fill,01/12/2025 09:00,02/12/2025 06:19,21.32,19235,94.56,Released,0,FALSE,VIAL-2,27/11/2025,04/12/2025,97.33,78.97,7,150,1129,0,2,2.5,18.81666667,-41.68333333,1,0,0.09380863,2025-12,49
B2025-00327,PO2025-0094,FG-VA01,16294,vial,Upstreamâ†’Downstreamâ†’Fill,01/12/2025 18:00,02/12/2025 16:16,22.27,15997,98.18,Released,0,FALSE,VIAL-2,27/11/2025,04/12/2025,97.33,78.97,7,270,1066,1,1,4.5,17.76666667,-31.73333333,1,1,0.044903458,2025-12,49
B2025-00328,PO2025-0095,FG-SMALLM,443635,tablet,Blendâ†’Compressâ†’Coatâ†’Pack,28/11/2025 05:00,28/11/2025 16:33,11.55,423556,95.47,Rejected,0,FALSE,COAT-1,26/11/2025,10/12/2025,98.36,42.87,5,180,513,1,,3,8.55,-271.45,1,1,0,2025-11,48
B2025-00329,PO2025-0095,FG-SMALLM,492739,tablet,Blendâ†’Compressâ†’Coatâ†’Pack,30/11/2025 10:00,30/11/2025 20:37,10.62,475373,96.48,Released,0,FALSE,COAT-1,26/11/2025,10/12/2025,98.36,42.87,5,150,487,0,1,2.5,8.116666667,-219.3833333,1,0,0.094161959,2025-11,48
B2025-00330,PO2025-0095,FG-SMALLM,576177,tablet,Blendâ†’Compressâ†’Coatâ†’Pack,07/12/2025 13:00,08/12/2025 01:02,12.03,560965,97.36,Quarantined,0,FALSE,COAT-1,26/11/2025,10/12/2025,98.36,42.87,5,90,632,1,,1.5,10.53333333,-46.96666667,1,1,0,2025-12,50
B2025-00331,PO2025-0095,FG-SMALLM,499556,tablet,Blendâ†’Compressâ†’Coatâ†’Pack,08/12/2025 20:00,09/12/2025 04:30,8.5,481352,96.36,Released,0,FALSE,COAT-1,26/11/2025,10/12/2025,98.36,42.87,5,120,390,1,,2,6.5,-19.5,1,1,0,2025-12,50
B2025-00332,PO2025-0096,FG-MAB1-FILL,22872,vial,Upstreamâ†’Downstreamâ†’Fill,29/11/2025 07:00,30/11/2025 05:46,22.77,21691,94.84,Released,0,FALSE,VIAL-1,28/11/2025,07/12/2025,99.31,72.13,7,450,916,0,,7.5,15.26666667,-162.2333333,1,0,0,2025-11,48
B2025-00333,PO2025-0096,FG-MAB1-FILL,24827,vial,Upstreamâ†’Downstreamâ†’Fill,29/11/2025 15:00,30/11/2025 06:31,15.52,24748,99.68,Released,1,FALSE,VIAL-2,28/11/2025,07/12/2025,99.31,72.13,7,90,841,0,,1.5,14.01666667,-161.4833333,1,0,0,2025-11,48
B2025-00334,PO2025-0096,FG-MAB1-FILL,25362,vial,Upstreamâ†’Downstreamâ†’Fill,30/11/2025 10:00,01/12/2025 07:58,21.97,24651,97.2,Released,0,FALSE,VIAL-1,28/11/2025,07/12/2025,99.31,72.13,7,240,1078,1,1,4,17.96666667,-136.0333333,1,1,0.045516614,2025-12,49
B2025-00335,PO2025-0096,FG-MAB1-FILL,23218,vial,Upstreamâ†’Downstreamâ†’Fill,01/12/2025 20:00,02/12/2025 13:52,17.87,22094,95.16,Released,0,FALSE,VIAL-1,28/11/2025,07/12/2025,99.31,72.13,7,180,892,1,,3,14.86666667,-106.1333333,1,1,0,2025-12,49
B2025-00336,PO2025-0096,FG-MAB1-FILL,23012,vial,Upstreamâ†’Downstreamâ†’Fill,03/12/2025 10:00,04/12/2025 04:49,18.82,22983,99.88,Released,0,FALSE,VIAL-2,28/11/2025,07/12/2025,99.31,72.13,7,270,859,1,,4.5,14.31666667,-67.18333333,1,1,0,2025-12,49
B2025-00337,PO2025-0097,FG-VA01,19785,vial,Upstreamâ†’Downstreamâ†’Fill,02/12/2025 09:00,03/12/2025 03:54,18.9,19431,98.21,Released,2,FALSE,VIAL-1,02/12/2025,14/12/2025,97.7,69.53,7,120,1014,1,1,2,16.9,-260.1,1,0,0.052910053,2025-12,49
B2025-00338,PO2025-0097,FG-VA01,21891,vial,Upstreamâ†’Downstreamâ†’Fill,02/12/2025 10:00,03/12/2025 06:47,20.78,21046,96.14,Released,0,FALSE,VIAL-1,02/12/2025,14/12/2025,97.7,69.53,7,240,1007,1,1,4,16.78333333,-257.2166667,1,1,0.048123195,2025-12,49
B2025-00339,PO2025-0097,FG-VA01,21890,vial,Upstreamâ†’Downstreamâ†’Fill,06/12/2025 03:00,06/12/2025 22:35,19.58,21167,96.7,Released,0,FALSE,VIAL-1,02/12/2025,14/12/2025,97.7,69.53,7,90,1085,0,1,1.5,18.08333333,-169.4166667,1,0,0.051072523,2025-12,49
B2025-00340,PO2025-0098,FG-MAB1,958,L,Upstreamâ†’Downstream,04/12/2025 13:00,05/12/2025 07:58,18.97,943,98.53,Released,1,FALSE,F-301,03/12/2025,10/12/2025,99.91,78.39,7,90,1048,1,,1.5,17.46666667,-112.0333333,1,0,0,2025-12,49
B2025-00341,PO2025-0098,FG-MAB1,978,L,Upstreamâ†’Downstream,07/12/2025 08:00,08/12/2025 02:01,18.02,970,99.26,Released,0,FALSE,F-301,03/12/2025,10/12/2025,99.91,78.39,7,30,1051,1,,0.5,17.51666667,-45.98333333,1,1,0,2025-12,50
B2025-00342,PO2025-0098,FG-MAB1,962,L,Upstreamâ†’Downstream,08/12/2025 17:00,09/12/2025 13:15,20.25,964,100.23,Released,0,FALSE,F-301,03/12/2025,10/12/2025,99.91,78.39,7,90,1125,1,4,1.5,18.75,-10.75,1,1,0.197530864,2025-12,50
B2025-00343,PO2025-0098,FG-MAB1,1019,L,Upstreamâ†’Downstream,08/12/2025 23:00,09/12/2025 17:01,18.02,1009,99.09,Released,0,FALSE,C-201,03/12/2025,10/12/2025,99.91,78.39,7,120,961,1,1,2,16.01666667,-6.983333333,1,1,0.055493896,2025-12,50
B2025-00344,PO2025-0099,FG-VA01,21117,vial,Upstreamâ†’Downstreamâ†’Fill,14/12/2025 02:00,14/12/2025 22:55,20.92,20852,98.75,Released,0,FALSE,VIAL-2,10/12/2025,24/12/2025,97.2,63.36,7,90,1165,1,1,1.5,19.41666667,-217.0833333,1,1,0.047801147,2025-12,50
B2025-00345,PO2025-0099,FG-VA01,21136,vial,Upstreamâ†’Downstreamâ†’Fill,15/12/2025 12:00,16/12/2025 10:01,22.02,20752,98.19,Released,0,FALSE,VIAL-2,10/12/2025,24/12/2025,97.2,63.36,7,240,1081,0,1,4,18.01666667,-181.9833333,1,0,0.045413261,2025-12,51
B2025-00346,PO2025-0099,FG-VA01,20475,vial,Upstreamâ†’Downstreamâ†’Fill,16/12/2025 05:00,17/12/2025 00:06,19.1,20195,98.64,Released,0,FALSE,VIAL-2,10/12/2025,24/12/2025,97.2,63.36,7,210,936,1,2,3.5,15.6,-167.9,1,1,0.104712042,2025-12,51
B2025-00347,PO2025-0099,FG-VA01,20358,vial,Upstreamâ†’Downstreamâ†’Fill,20/12/2025 17:00,21/12/2025 14:39,21.65,19384,95.22,Released,0,FALSE,VIAL-2,10/12/2025,24/12/2025,97.2,63.36,7,270,1029,1,,4.5,17.15,-57.35,1,1,0,2025-12,51
B2025-00348,PO2025-0100,FG-MAB1,851,L,Upstreamâ†’Downstream,09/12/2025 16:00,10/12/2025 11:39,19.65,827,97.29,Released,1,FALSE,C-201,09/12/2025,15/12/2025,98.62,75.77,7,30,1149,1,1,0.5,19.15,-108.35,1,0,0.050890585,2025-12,50
B2025-00349,PO2025-0100,FG-MAB1,1073,L,Upstreamâ†’Downstream,12/12/2025 22:00,13/12/2025 21:16,23.27,1064,99.18,Released,0,FALSE,C-201,09/12/2025,15/12/2025,98.62,75.77,7,270,1126,1,2,4.5,18.76666667,-26.73333333,1,1,0.085947572,2025-12,50
B2025-00350,PO2025-0100,FG-MAB1,992,L,Upstreamâ†’Downstream,13/12/2025 04:00,14/12/2025 02:17,22.28,968,97.68,Released,0,FALSE,C-201,09/12/2025,15/12/2025,98.62,75.77,7,180,1157,1,2,3,19.28333333,-21.71666667,1,1,0.089766607,2025-12,50
B2025-00351,PO2025-0100,FG-MAB1,943,L,Upstreamâ†’Downstream,13/12/2025 16:00,14/12/2025 15:49,23.82,921,97.76,Released,0,FALSE,F-301,09/12/2025,15/12/2025,98.62,75.77,7,300,1129,1,1,5,18.81666667,-8.183333333,1,1,0.041981528,2025-12,50
B2025-00352,PO2025-0100,FG-MAB1,1045,L,Upstreamâ†’Downstream,13/12/2025 21:00,14/12/2025 23:57,26.95,1019,97.54,Released,0,FALSE,C-201,09/12/2025,15/12/2025,98.62,75.77,7,180,1437,1,2,3,23.95,-0.05,1,1,0.074211503,2025-12,50
B2025-00353,PO2025-0101,FG-VA01,20811,vial,Upstreamâ†’Downstreamâ†’Fill,17/12/2025 09:00,18/12/2025 01:07,16.12,20523,98.62,Released,0,FALSE,VIAL-2,16/12/2025,28/12/2025,99.68,77.33,7,90,877,1,,1.5,14.61666667,-238.8833333,1,1,0,2025-12,51
B2025-00354,PO2025-0101,FG-VA01,16675,vial,Upstreamâ†’Downstreamâ†’Fill,22/12/2025 08:00,23/12/2025 04:29,20.48,16443,98.61,Released,0,FALSE,VIAL-2,16/12/2025,28/12/2025,99.68,77.33,7,120,1109,1,2,2,18.48333333,-115.5166667,1,1,0.09765625,2025-12,52
B2025-00355,PO2025-0101,FG-VA01,17446,vial,Upstreamâ†’Downstreamâ†’Fill,22/12/2025 20:00,23/12/2025 11:39,15.65,17017,97.55,Released,0,FALSE,VIAL-2,16/12/2025,28/12/2025,99.68,77.33,7,0,939,1,1,0,15.65,-108.35,1,1,0.063897764,2025-12,52
B2025-00356,PO2025-0101,FG-VA01,19171,vial,Upstreamâ†’Downstreamâ†’Fill,23/12/2025 18:00,24/12/2025 13:00,19,19066,99.46,Released,2,FALSE,VIAL-1,16/12/2025,28/12/2025,99.68,77.33,7,120,1020,1,,2,17,-83,1,0,0,2025-12,52
B2025-00357,PO2025-0101,FG-VA01,19477,vial,Upstreamâ†’Downstreamâ†’Fill,24/12/2025 11:00,25/12/2025 05:39,18.65,19601,100.64,Quarantined,1,FALSE,VIAL-2,16/12/2025,28/12/2025,99.68,77.33,7,180,939,1,,3,15.65,-66.35,1,0,0,2025-12,52
B2025-00358,PO2025-0102,FG-VA02,19258,syringe,Upstreamâ†’Downstreamâ†’Fill,19/12/2025 02:00,20/12/2025 02:50,24.83,18611,96.64,Released,0,FALSE,VIAL-2,17/12/2025,25/12/2025,97.57,73.22,7,300,1190,0,,5,19.83333333,-117.1666667,1,0,0,2025-12,51
B2025-00359,PO2025-0102,FG-VA02,18566,syringe,Upstreamâ†’Downstreamâ†’Fill,22/12/2025 01:00,22/12/2025 18:17,17.28,18267,98.39,Quarantined,0,FALSE,VIAL-1,17/12/2025,25/12/2025,97.57,73.22,7,30,1007,1,1,0.5,16.78333333,-53.71666667,1,1,0.05787037,2025-12,52
B2025-00360,PO2025-0102,FG-VA02,18360,syringe,Upstreamâ†’Downstreamâ†’Fill,24/12/2025 16:00,25/12/2025 12:47,20.78,17282,94.13,Released,0,FALSE,VIAL-2,17/12/2025,25/12/2025,97.57,73.22,7,210,1037,1,1,3.5,17.28333333,12.78333333,0,1,0.048123195,2025-12,52
B2025-00361,PO2025-0103,FG-MAB1-FILL,24710,vial,Upstreamâ†’Downstreamâ†’Fill,22/12/2025 11:00,23/12/2025 04:18,17.3,24571,99.44,Released,0,FALSE,VIAL-2,19/12/2025,29/12/2025,98.08,78.36,7,120,918,1,3,2,15.3,-139.7,1,1,0.173410405,2025-12,52
B2025-00362,PO2025-0103,FG-MAB1-FILL,24882,vial,Upstreamâ†’Downstreamâ†’Fill,26/12/2025 05:00,26/12/2025 23:45,18.75,23684,95.19,Released,1,FALSE,VIAL-1,19/12/2025,29/12/2025,98.08,78.36,7,90,1035,1,,1.5,17.25,-48.25,1,0,0,2025-12,52
B2025-00363,PO2025-0103,FG-MAB1-FILL,27841,vial,Upstreamâ†’Downstreamâ†’Fill,26/12/2025 19:00,27/12/2025 13:28,18.47,26854,96.46,Released,1,FALSE,VIAL-1,19/12/2025,29/12/2025,98.08,78.36,7,180,928,0,4,3,15.46666667,-34.53333333,1,0,0.216567407,2025-12,52
B2025-00364,PO2025-0104,FG-MAB1,1096,L,Upstreamâ†’Downstream,26/12/2025 15:00,27/12/2025 12:51,21.85,1094,99.82,Released,0,FALSE,C-201,26/12/2025,05/01/2026,98.29,70.88,7,240,1071,0,2,4,17.85,-203.15,1,0,0.091533181,2025-12,52
B2025-00365,PO2025-0104,FG-MAB1,970,L,Upstreamâ†’Downstream,28/12/2025 19:00,29/12/2025 11:14,16.23,931,96.01,Released,0,FALSE,F-301,26/12/2025,05/01/2026,98.29,70.88,7,90,884,1,,1.5,14.73333333,-156.7666667,1,1,0,2025-12,1
B2025-00366,PO2025-0104,FG-MAB1,1134,L,Upstreamâ†’Downstream,28/12/2025 20:00,29/12/2025 17:53,21.88,1107,97.65,Released,0,FALSE,F-301,26/12/2025,05/01/2026,98.29,70.88,7,210,1103,1,3,3.5,18.38333333,-150.1166667,1,1,0.137111517,2025-12,1
B2025-00367,PO2025-0104,FG-MAB1,1027,L,Upstreamâ†’Downstream,03/01/2026 00:00,03/01/2026 20:13,20.22,986,96.07,Rejected,0,FALSE,F-301,26/12/2025,05/01/2026,98.29,70.88,7,120,1093,1,,2,18.21666667,-27.78333333,1,1,0,2026-01,1
B2025-00368,PO2025-0105,FG-SMALLM,469367,tablet,Blendâ†’Compressâ†’Coatâ†’Pack,28/12/2025 06:00,28/12/2025 16:13,10.22,455969,97.15,Released,1,FALSE,TAB-1,24/12/2025,02/01/2026,99.36,23.78,5,120,493,1,3,2,8.216666667,-103.7833333,1,0,0.293542074,2025-12,52
B2025-00369,PO2025-0105,FG-SMALLM,503366,tablet,Blendâ†’Compressâ†’Coatâ†’Pack,28/12/2025 20:00,29/12/2025 06:04,10.07,496035,98.54,Released,0,FALSE,COAT-1,24/12/2025,02/01/2026,99.36,23.78,5,180,424,0,,3,7.066666667,-89.93333333,1,0,0,2025-12,1
B2025-00370,PO2025-0105,FG-SMALLM,438287,tablet,Blendâ†’Compressâ†’Coatâ†’Pack,29/12/2025 08:00,29/12/2025 17:27,9.45,420247,95.88,Released,1,FALSE,COAT-1,24/12/2025,02/01/2026,99.36,23.78,5,90,477,1,2,1.5,7.95,-78.55,1,0,0.211640212,2025-12,1
B2025-00371,PO2025-0106,FG-VA01,19902,vial,Upstreamâ†’Downstreamâ†’Fill,04/01/2026 23:00,05/01/2026 22:21,23.35,19480,97.88,Released,0,FALSE,VIAL-1,02/01/2026,09/01/2026,97.28,60.75,7,360,1041,1,,6,17.35,-73.65,1,1,0,2026-01,2
B2025-00372,PO2025-0106,FG-VA01,21429,vial,Upstreamâ†’Downstreamâ†’Fill,06/01/2026 06:00,07/01/2026 03:37,21.62,20778,96.97,Released,0,FALSE,VIAL-1,02/01/2026,09/01/2026,97.28,60.75,7,180,1117,1,,3,18.61666667,-44.38333333,1,1,0,2026-01,2
B2025-00373,PO2025-0106,FG-VA01,18255,vial,Upstreamâ†’Downstreamâ†’Fill,06/01/2026 22:00,07/01/2026 16:54,18.9,17692,96.92,Released,0,FALSE,VIAL-2,02/01/2026,09/01/2026,97.28,60.75,7,330,804,1,,5.5,13.4,-31.1,1,1,0,2026-01,2
B2025-00374,PO2025-0107,FG-MAB1-FILL,24680,vial,Upstreamâ†’Downstreamâ†’Fill,07/01/2026 07:00,08/01/2026 01:24,18.4,23978,97.16,Released,0,FALSE,VIAL-2,02/01/2026,15/01/2026,97.71,73.94,7,120,984,0,,2,16.4,-166.6,1,0,0,2026-01,2
B2025-00375,PO2025-0107,FG-MAB1-FILL,21392,vial,Upstreamâ†’Downstreamâ†’Fill,08/01/2026 10:00,09/01/2026 07:26,21.43,21204,99.12,Released,0,FALSE,VIAL-1,02/01/2026,15/01/2026,97.71,73.94,7,210,1076,1,1,3.5,17.93333333,-136.5666667,1,1,0.046663556,2026-01,2
B2025-00376,PO2025-0107,FG-MAB1-FILL,27573,vial,Upstreamâ†’Downstreamâ†’Fill,13/01/2026 09:00,14/01/2026 01:22,16.37,25851,93.76,Rejected,0,FALSE,VIAL-2,02/01/2026,15/01/2026,97.71,73.94,7,30,952,1,4,0.5,15.86666667,-22.63333333,1,1,0.24434942,2026-01,3