date,material_id,on_hand_qty,uom,lot_count,days_on_hand,iso_week
2024-12-30,RM-001,1652.71,pcs,1,40.6,1
2025-01-06,RM-001,1493.86,pcs,9,65.8,2
2025-01-13,RM-001,1738.33,pcs,9,185.5,3
2025-01-20,RM-001,1764.51,pcs,24,99.7,4
2025-01-27,RM-001,2204.18,pcs,22,2204184327.1,5
2025-02-03,RM-001,1924.68,pcs,3,48.2,6
2025-02-10,RM-001,1555.79,pcs,4,29.5,7
2025-02-17,RM-001,1355.46,pcs,16,47.4,8
2025-02-24,RM-001,1184.49,pcs,19,25.2,9
2025-03-03,RM-001,1371.74,pcs,14,1371737139.7,10
2025-03-10,RM-001,1550.52,pcs,2,61.9,11
2025-03-17,RM-001,1545.13,pcs,24,30.6,12
2025-03-24,RM-001,1074.24,pcs,17,16.0,13
2025-03-31,RM-001,859.86,pcs,25,28.1,14
2025-04-07,RM-001,647.77,pcs,7,21.4,15
2025-04-14,RM-001,764.03,pcs,24,22.2,16
2025-04-21,RM-001,520.28,pcs,7,14.9,17
2025-04-28,RM-001,468.15,pcs,8,62.9,18
2025-05-05,RM-001,841.74,pcs,9,19.5,19
2025-05-12,RM-001,747.7,pcs,9,55.7,20
2025-05-19,RM-001,646.73,pcs,2,23.2,21
2025-05-26,RM-001,356.5,pcs,4,8.6,22
2025-06-02,RM-001,140.78,pcs,17,3.4,23
2025-06-09,RM-001,98.27,pcs,9,16.2,24
2025-06-16,RM-001,0.0,pcs,5,0.0,25
2025-06-23,RM-001,0.0,pcs,1,0.0,26
2025-06-30,RM-001,292.27,pcs,6,13.1,27
2025-07-07,RM-001,404.06,pcs,24,10.1,28
2025-07-14,RM-001,703.69,pcs,24,48.0,29
2025-07-21,RM-001,790.04,pcs,1,17.8,30
2025-07-28,RM-001,875.26,pcs,11,135.2,31
2025-08-04,RM-001,1058.4,pcs,7,18.1,32
2025-08-11,RM-001,866.8,pcs,1,31.7,33
2025-08-18,RM-001,998.96,pcs,1,36.5,34
2025-08-25,RM-001,729.48,pcs,13,18.9,35
2025-09-01,RM-001,1037.14,pcs,10,269.9,36
2025-09-08,RM-001,960.83,pcs,13,88.1,37
2025-09-15,RM-001,930.69,pcs,19,33.0,38
2025-09-22,RM-001,1135.72,pcs,1,65.1,39
2025-09-29,RM-001,1144.97,pcs,17,63.6,40
2025-10-06,RM-001,770.55,pcs,25,14.4,41
2025-10-13,RM-001,700.69,pcs,3,70.2,42
2025-10-20,RM-001,1086.01,pcs,4,1086007823.8,43
2025-10-27,RM-001,1216.37,pcs,1,51.5,44
2025-11-03,RM-001,1487.99,pcs,3,47.6,45
2025-11-10,RM-001,1402.35,pcs,25,23.2,46
2025-11-17,RM-001,1343.43,pcs,5,159.6,47
2025-11-24,RM-001,1125.92,pcs,5,36.2,48
2025-12-01,RM-001,855.22,pcs,7,22.1,49
2025-12-08,RM-001,534.78,pcs,24,11.7,50
2025-12-15,RM-001,318.3,pcs,22,10.3,51
2025-12-22,RM-001,185.57,pcs,25,9.8,52
2025-12-29,RM-001,94.38,pcs,15,7.2,1
2024-12-30,RM-002,1921.84,pcs,20,676.7,1
2025-01-06,RM-002,2001.12,pcs,1,56.6,2
2025-01-13,RM-002,1780.43,pcs,24,56.5,3
2025-01-20,RM-002,2011.96,pcs,18,49.2,4
2025-01-27,RM-002,1820.42,pcs,3,66.5,5
2025-02-03,RM-002,1611.18,pcs,18,53.9,6
2025-02-10,RM-002,1838.27,pcs,9,82.7,7
2025-02-17,RM-002,2112.44,pcs,2,74.3,8
2025-02-24,RM-002,2123.77,pcs,20,44.2,9
2025-03-03,RM-002,1933.32,pcs,19,71.1,10
2025-03-10,RM-002,1766.11,pcs,22,73.9,11
2025-03-17,RM-002,1880.92,pcs,14,51.1,12
2025-03-24,RM-002,2057.02,pcs,4,86.1,13
2025-03-31,RM-002,1949.93,pcs,8,127.5,14
2025-04-07,RM-002,1695.82,pcs,3,46.7,15
2025-04-14,RM-002,1578.64,pcs,17,94.3,16
2025-04-21,RM-002,1286.0,pcs,11,30.8,17
2025-04-28,RM-002,1675.08,pcs,20,72.4,18
2025-05-05,RM-002,1470.39,pcs,12,50.3,19
2025-05-12,RM-002,1241.83,pcs,11,38.0,20
2025-05-19,RM-002,1209.67,pcs,25,263.3,21
2025-05-26,RM-002,840.89,pcs,10,16.0,22
2025-06-02,RM-002,1206.36,pcs,1,43.2,23
2025-06-09,RM-002,1268.46,pcs,9,43.1,24
2025-06-16,RM-002,1129.83,pcs,22,57.1,25
2025-06-23,RM-002,1230.89,pcs,12,31.1,26
2025-06-30,RM-002,1405.64,pcs,25,246.5,27
2025-07-07,RM-002,1322.27,pcs,14,32.3,28
2025-07-14,RM-002,1549.75,pcs,15,106.4,29
2025-07-21,RM-002,1569.69,pcs,19,52.2,30
2025-07-28,RM-002,1157.61,pcs,9,19.7,31
2025-08-04,RM-002,1085.74,pcs,23,41.7,32
2025-08-11,RM-002,1533.38,pcs,13,1873.0,33
2025-08-18,RM-002,1769.63,pcs,5,181.3,34
2025-08-25,RM-002,1674.51,pcs,4,123.2,35
2025-09-01,RM-002,1838.96,pcs,5,68.6,36
2025-09-08,RM-002,2034.47,pcs,21,394.1,37
2025-09-15,RM-002,1915.3,pcs,5,112.5,38
2025-09-22,RM-002,1831.15,pcs,18,152.3,39
2025-09-29,RM-002,1676.23,pcs,23,75.7,40
2025-10-06,RM-002,1551.08,pcs,5,86.8,41
2025-10-13,RM-002,1246.32,pcs,17,28.6,42
2025-10-20,RM-002,1499.84,pcs,25,92.0,43
2025-10-27,RM-002,1324.77,pcs,1,37.1,44
2025-11-03,RM-002,1468.95,pcs,13,73.8,45
2025-11-10,RM-002,1501.64,pcs,17,45.3,46
2025-11-17,RM-002,1492.33,pcs,3,32.1,47
2025-11-24,RM-002,1450.04,pcs,23,40.0,48
2025-12-01,RM-002,1785.29,pcs,5,49.0,49
2025-12-08,RM-002,1987.55,pcs,12,52.9,50
2025-12-15,RM-002,1822.54,pcs,7,77.3,51
2025-12-22,RM-002,1963.36,pcs,6,44.2,52
2025-12-29,RM-002,1733.91,pcs,8,52.9,1
2024-12-30,RM-003,2237.18,kg,15,760.6,1
2025-01-06,RM-003,2154.56,kg,10,56.3,2
2025-01-13,RM-003,2422.27,kg,20,356.3,3
2025-01-20,RM-003,2292.48,kg,25,70.5,4
2025-01-27,RM-003,2087.59,kg,5,71.3,5
2025-02-03,RM-003,1852.8,kg,11,55.2,6
2025-02-10,RM-003,1722.76,kg,4,33.6,7
2025-02-17,RM-003,1272.39,kg,3,19.8,8
2025-02-24,RM-003,1065.93,kg,21,36.1,9
2025-03-03,RM-003,1010.16,kg,12,126.8,10
2025-03-10,RM-003,849.78,kg,10,37.1,11
2025-03-17,RM-003,783.32,kg,13,82.5,12
2025-03-24,RM-003,973.66,kg,2,37.9,13
2025-03-31,RM-003,871.96,kg,20,26.3,14
2025-04-07,RM-003,1185.41,kg,2,167.8,15
2025-04-14,RM-003,1134.78,kg,14,28.6,16
2025-04-21,RM-003,1261.02,kg,3,1261016367.9,17
2025-04-28,RM-003,1131.88,kg,8,24.9,18
2025-05-05,RM-003,973.55,kg,15,43.0,19
2025-05-12,RM-003,961.21,kg,3,25.3,20
2025-05-19,RM-003,593.52,kg,24,11.3,21
2025-05-26,RM-003,438.33,kg,7,19.8,22
2025-06-02,RM-003,341.61,kg,5,24.7,23
2025-06-09,RM-003,0.0,kg,21,0.0,24
2025-06-16,RM-003,0.0,kg,12,0.0,25
2025-06-23,RM-003,0.0,kg,1,0.0,26
2025-06-30,RM-003,0.0,kg,9,0.0,27
2025-07-07,RM-003,0.0,kg,23,0.0,28
2025-07-14,RM-003,0.0,kg,16,0.0,29
2025-07-21,RM-003,0.0,kg,14,0.0,30
2025-07-28,RM-003,0.0,kg,8,0.0,31
2025-08-04,RM-003,0.0,kg,25,0.0,32
2025-08-11,RM-003,0.0,kg,25,0.0,33
2025-08-18,RM-003,248.51,kg,13,7.3,34
2025-08-25,RM-003,0.0,kg,10,0.0,35
2025-09-01,RM-003,0.0,kg,5,0.0,36
2025-09-08,RM-003,0.0,kg,14,0.0,37
2025-09-15,RM-003,0.0,kg,21,0.0,38
2025-09-22,RM-003,21.13,kg,1,0.5,39
2025-09-29,RM-003,53.1,kg,3,1.8,40
2025-10-06,RM-003,33.64,kg,1,0.8,41
2025-10-13,RM-003,76.5,kg,24,76503155.4,42
2025-10-20,RM-003,28.82,kg,21,4.2,43
2025-10-27,RM-003,0.0,kg,24,0.0,44
2025-11-03,RM-003,45.52,kg,5,1.1,45
2025-11-10,RM-003,324.71,kg,12,9.6,46
2025-11-17,RM-003,83.57,kg,14,2.4,47
2025-11-24,RM-003,105.38,kg,14,2.7,48
2025-12-01,RM-003,0.0,kg,6,0.0,49
2025-12-08,RM-003,0.0,kg,25,0.0,50
2025-12-15,RM-003,0.0,kg,22,0.0,51
2025-12-22,RM-003,0.0,kg,15,0.0,52
2025-12-29,RM-003,0.0,kg,6,0.0,1
2024-12-30,RM-004,2822.62,kg,1,2822623936.2,1
2025-01-06,RM-004,2376.92,kg,14,37.3,2
2025-01-13,RM-004,2133.1,kg,13,61.2,3
2025-01-20,RM-004,1781.67,kg,23,35.5,4
2025-01-27,RM-004,1551.91,kg,5,47.3,5
2025-02-03,RM-004,1266.57,kg,9,31.1,6
2025-02-10,RM-004,1012.12,kg,20,27.8,7
2025-02-17,RM-004,873.33,kg,14,44.0,8
2025-02-24,RM-004,745.29,kg,15,40.7,9
2025-03-03,RM-004,403.52,kg,9,8.3,10
2025-03-10,RM-004,208.58,kg,10,7.5,11
2025-03-17,RM-004,301.22,kg,3,11.5,12
2025-03-24,RM-004,64.45,kg,19,1.9,13
2025-03-31,RM-004,279.39,kg,7,33.9,14
2025-04-07,RM-004,150.26,kg,2,4.4,15
2025-04-14,RM-004,90.51,kg,4,2.8,16
2025-04-21,RM-004,0.0,kg,10,0.0,17
2025-04-28,RM-004,0.0,kg,16,0.0,18
2025-05-05,RM-004,0.0,kg,5,0.0,19
2025-05-12,RM-004,265.0,kg,11,26.3,20
2025-05-19,RM-004,8.09,kg,7,0.2,21
2025-05-26,RM-004,0.0,kg,10,0.0,22
2025-06-02,RM-004,0.0,kg,24,0.0,23
2025-06-09,RM-004,0.0,kg,18,0.0,24
2025-06-16,RM-004,316.26,kg,4,15.2,25
2025-06-23,RM-004,369.51,kg,11,9.9,26
2025-06-30,RM-004,369.51,kg,14,369506002.3,27
2025-07-07,RM-004,93.86,kg,20,2.4,28
2025-07-14,RM-004,0.0,kg,12,0.0,29
2025-07-21,RM-004,0.0,kg,9,0.0,30
2025-07-28,RM-004,0.0,kg,6,0.0,31
2025-08-04,RM-004,252.91,kg,13,6.9,32
2025-08-11,RM-004,137.6,kg,9,8.4,33
2025-08-18,RM-004,0.0,kg,21,0.0,34
2025-08-25,RM-004,0.0,kg,25,0.0,35
2025-09-01,RM-004,234.54,kg,22,8.9,36
2025-09-08,RM-004,3.06,kg,16,0.1,37
2025-09-15,RM-004,0.0,kg,18,0.0,38
2025-09-22,RM-004,0.0,kg,17,0.0,39
2025-09-29,RM-004,0.0,kg,8,0.0,40
2025-10-06,RM-004,8.31,kg,22,0.2,41
2025-10-13,RM-004,308.58,kg,10,16.0,42
2025-10-20,RM-004,179.5,kg,22,5.3,43
2025-10-27,RM-004,0.0,kg,10,0.0,44
2025-11-03,RM-004,0.0,kg,17,0.0,45
2025-11-10,RM-004,0.0,kg,24,0.0,46
2025-11-17,RM-004,124.21,kg,17,4.5,47
2025-11-24,RM-004,391.57,kg,14,50.9,48
2025-12-01,RM-004,298.55,kg,13,22.5,49
2025-12-08,RM-004,424.22,kg,25,14.9,50
2025-12-15,RM-004,545.66,kg,4,14.5,51
2025-12-22,RM-004,456.98,kg,2,36.1,52
2025-12-29,RM-004,677.88,kg,6,21.3,1
2024-12-30,RM-005,1013.9,pcs,12,17.3,1
2025-01-06,RM-005,1474.7,pcs,22,123.9,2
2025-01-13,RM-005,1389.28,pcs,3,113.8,3
2025-01-20,RM-005,1196.03,pcs,6,43.3,4
2025-01-27,RM-005,1114.16,pcs,1,44.1,5
2025-02-03,RM-005,1242.8,pcs,13,30.7,6
2025-02-10,RM-005,1231.16,pcs,20,31.4,7
2025-02-17,RM-005,1115.37,pcs,17,67.4,8
2025-02-24,RM-005,1115.49,pcs,8,23.5,9
2025-03-03,RM-005,1338.43,pcs,4,85.8,10
2025-03-10,RM-005,1338.43,pcs,21,1338427424.7,11
2025-03-17,RM-005,1125.49,pcs,13,37.0,12
2025-03-24,RM-005,1119.89,pcs,2,28.1,13
2025-03-31,RM-005,1256.56,pcs,2,30.8,14
2025-04-07,RM-005,1023.53,pcs,7,30.7,15
2025-04-14,RM-005,1114.45,pcs,15,18.9,16
2025-04-21,RM-005,839.17,pcs,19,21.3,17
2025-04-28,RM-005,596.55,pcs,2,17.2,18
2025-05-05,RM-005,630.25,pcs,9,26.1,19
2025-05-12,RM-005,604.67,pcs,1,14.3,20
2025-05-19,RM-005,706.04,pcs,16,63.1,21
2025-05-26,RM-005,586.46,pcs,8,34.3,22
2025-06-02,RM-005,603.21,pcs,23,10.3,23
2025-06-09,RM-005,761.19,pcs,4,26.1,24
2025-06-16,RM-005,497.59,pcs,15,13.2,25
2025-06-23,RM-005,401.82,pcs,18,29.4,26
2025-06-30,RM-005,799.66,pcs,25,93.5,27
2025-07-07,RM-005,761.62,pcs,21,140.2,28
2025-07-14,RM-005,563.72,pcs,5,19.9,29
2025-07-21,RM-005,450.32,pcs,12,27.8,30
2025-07-28,RM-005,223.81,pcs,20,6.9,31
2025-08-04,RM-005,54.17,pcs,2,2.2,32
2025-08-11,RM-005,0.0,pcs,9,0.0,33
2025-08-18,RM-005,468.1,pcs,21,468100533.5,34
2025-08-25,RM-005,631.59,pcs,21,15.3,35
2025-09-01,RM-005,671.09,pcs,17,15.3,36
2025-09-08,RM-005,913.82,pcs,12,52.0,37
2025-09-15,RM-005,679.07,pcs,21,20.2,38
2025-09-22,RM-005,767.13,pcs,7,17.6,39
2025-09-29,RM-005,555.82,pcs,11,18.4,40
2025-10-06,RM-005,682.11,pcs,17,18.9,41
2025-10-13,RM-005,911.89,pcs,4,19.3,42
2025-10-20,RM-005,1019.2,pcs,6,26.3,43
2025-10-27,RM-005,845.96,pcs,22,34.2,44
2025-11-03,RM-005,687.15,pcs,15,30.3,45
2025-11-10,RM-005,574.25,pcs,1,35.6,46
2025-11-17,RM-005,748.37,pcs,25,748371411.4,47
2025-11-24,RM-005,823.16,pcs,25,32.1,48
2025-12-01,RM-005,747.76,pcs,8,20.5,49
2025-12-08,RM-005,638.96,pcs,14,41.1,50
2025-12-15,RM-005,549.22,pcs,1,15.0,51
2025-12-22,RM-005,435.14,pcs,17,26.7,52
2025-12-29,RM-005,334.96,pcs,20,8.8,1
2024-12-30,RM-006,2431.8,kg,5,308.4,1
2025-01-06,RM-006,2565.01,kg,7,141.6,2
2025-01-13,RM-006,2183.61,kg,25,40.1,3
2025-01-20,RM-006,2180.32,kg,13,4645.4,4
2025-01-27,RM-006,1971.82,kg,16,37.2,5
2025-02-03,RM-006,1667.53,kg,18,38.4,6
2025-02-10,RM-006,1704.02,kg,11,36.4,7
2025-02-17,RM-006,1650.23,kg,2,214.8,8
2025-02-24,RM-006,2101.47,kg,14,63.2,9
2025-03-03,RM-006,1900.13,kg,4,66.1,10
2025-03-10,RM-006,1712.22,kg,1,63.8,11
2025-03-17,RM-006,1913.21,kg,10,75.9,12
2025-03-24,RM-006,1723.67,kg,22,63.7,13
2025-03-31,RM-006,1489.52,kg,18,44.5,14
2025-04-07,RM-006,1469.16,kg,12,62.4,15
2025-04-14,RM-006,1276.01,kg,17,18.7,16
2025-04-21,RM-006,1055.94,kg,6,12.7,17
2025-04-28,RM-006,783.94,kg,22,20.2,18
2025-05-05,RM-006,621.06,kg,7,26.7,19
2025-05-12,RM-006,492.21,kg,5,26.7,20
2025-05-19,RM-006,501.77,kg,13,21.2,21
2025-05-26,RM-006,412.73,kg,6,32.4,22
2025-06-02,RM-006,0.0,kg,4,0.0,23
2025-06-09,RM-006,228.76,kg,2,5.4,24
2025-06-16,RM-006,0.0,kg,13,0.0,25
2025-06-23,RM-006,0.0,kg,25,0.0,26
2025-06-30,RM-006,215.74,kg,12,99.1,27
2025-07-07,RM-006,4.72,kg,9,0.2,28
2025-07-14,RM-006,0.0,kg,16,0.0,29
2025-07-21,RM-006,0.0,kg,15,0.0,30
2025-07-28,RM-006,0.0,kg,12,0.0,31
2025-08-04,RM-006,232.77,kg,20,12.7,32
2025-08-11,RM-006,47.84,kg,8,1.8,33
2025-08-18,RM-006,0.0,kg,12,0.0,34
2025-08-25,RM-006,0.0,kg,5,0.0,35
2025-09-01,RM-006,207.72,kg,2,6.7,36
2025-09-08,RM-006,124.73,kg,14,10.5,37
2025-09-15,RM-006,0.0,kg,5,0.0,38
2025-09-22,RM-006,143.26,kg,1,3.9,39
2025-09-29,RM-006,106.5,kg,1,1.8,40
2025-10-06,RM-006,169.3,kg,12,7.8,41
2025-10-13,RM-006,243.53,kg,21,13.1,42
2025-10-20,RM-006,17.64,kg,9,0.5,43
2025-10-27,RM-006,0.0,kg,6,0.0,44
2025-11-03,RM-006,100.8,kg,7,2.4,45
2025-11-10,RM-006,0.0,kg,23,0.0,46
2025-11-17,RM-006,425.74,kg,18,24.9,47
2025-11-24,RM-006,301.3,kg,19,16.9,48
2025-12-01,RM-006,330.34,kg,18,9.6,49
2025-12-08,RM-006,133.2,kg,17,4.7,50
2025-12-15,RM-006,0.0,kg,1,0.0,51
2025-12-22,RM-006,312.07,kg,4,21.8,52
2025-12-29,RM-006,112.33,kg,20,3.9,1
2024-12-30,RM-007,1806.2,kg,3,193.1,1
2025-01-06,RM-007,1636.16,kg,11,67.4,2
2025-01-13,RM-007,1354.44,kg,2,33.7,3
2025-01-20,RM-007,1726.67,kg,12,91.3,4
2025-01-27,RM-007,1397.44,kg,13,29.7,5
2025-02-03,RM-007,1450.3,kg,12,64.3,6
2025-02-10,RM-007,1450.3,kg,23,1450297746.5,7
2025-02-17,RM-007,1379.52,kg,13,136.4,8
2025-02-24,RM-007,1316.12,kg,13,145.3,9
2025-03-03,RM-007,1287.84,kg,8,318.7,10
2025-03-10,RM-007,1438.97,kg,20,51.5,11
2025-03-17,RM-007,1021.21,kg,8,17.1,12
2025-03-24,RM-007,813.23,kg,3,27.4,13
2025-03-31,RM-007,1094.54,kg,11,69.5,14
2025-04-07,RM-007,1332.84,kg,4,49.0,15
2025-04-14,RM-007,1194.49,kg,9,60.4,16
2025-04-21,RM-007,856.24,kg,14,17.7,17
2025-04-28,RM-007,967.44,kg,5,29.5,18
2025-05-05,RM-007,934.67,kg,19,30.0,19
2025-05-12,RM-007,741.54,kg,4,26.9,20
2025-05-19,RM-007,596.19,kg,8,17.7,21
2025-05-26,RM-007,386.63,kg,11,12.9,22
2025-06-02,RM-007,40.85,kg,4,0.8,23
2025-06-09,RM-007,293.88,kg,25,8.2,24
2025-06-16,RM-007,210.31,kg,15,5.9,25
2025-06-23,RM-007,0.0,kg,11,0.0,26
2025-06-30,RM-007,0.0,kg,5,0.0,27
2025-07-07,RM-007,83.61,kg,12,3.3,28
2025-07-14,RM-007,0.0,kg,16,0.0,29
2025-07-21,RM-007,0.0,kg,11,0.0,30
2025-07-28,RM-007,380.23,kg,5,13.9,31
2025-08-04,RM-007,315.86,kg,21,9.2,32
2025-08-11,RM-007,459.24,kg,22,21.3,33
2025-08-18,RM-007,300.25,kg,15,13.2,34
2025-08-25,RM-007,519.19,kg,24,21.7,35
2025-09-01,RM-007,678.84,kg,5,19.5,36
2025-09-08,RM-007,524.92,kg,10,9.6,37
2025-09-15,RM-007,700.29,kg,24,14.7,38
2025-09-22,RM-007,345.02,kg,12,6.8,39
2025-09-29,RM-007,345.02,kg,14,345023468.2,40
2025-10-06,RM-007,0.0,kg,15,0.0,41
2025-10-13,RM-007,0.0,kg,12,0.0,42
2025-10-20,RM-007,0.0,kg,4,0.0,43
2025-10-27,RM-007,0.0,kg,7,0.0,44
2025-11-03,RM-007,57.25,kg,17,1.8,45
2025-11-10,RM-007,235.6,kg,12,13.2,46
2025-11-17,RM-007,123.78,kg,9,4.1,47
2025-11-24,RM-007,0.0,kg,16,0.0,48
2025-12-01,RM-007,0.0,kg,21,0.0,49
2025-12-08,RM-007,0.0,kg,16,0.0,50
2025-12-15,RM-007,0.0,kg,2,0.0,51
2025-12-22,RM-007,305.56,kg,16,29.9,52
2025-12-29,RM-007,490.78,kg,8,31.1,1
2024-12-30,RM-008,2149.75,kg,25,192.9,1
2025-01-06,RM-008,2322.53,kg,15,37.5,2
2025-01-13,RM-008,2317.08,kg,3,118.4,3
2025-01-20,RM-008,2180.68,kg,17,111.9,4
2025-01-27,RM-008,2037.87,kg,23,99.9,5
2025-02-03,RM-008,1927.72,kg,6,40.5,6
2025-02-10,RM-008,2182.35,kg,6,252.1,7
2025-02-17,RM-008,2161.26,kg,11,717.1,8
2025-02-24,RM-008,2223.1,kg,25,47.4,9
2025-03-03,RM-008,2321.48,kg,17,126.9,10
2025-03-10,RM-008,2226.17,kg,5,67.8,11
2025-03-17,RM-008,2120.72,kg,6,140.8,12
2025-03-24,RM-008,1947.77,kg,10,78.8,13
2025-03-31,RM-008,1906.02,kg,15,319.6,14
2025-04-07,RM-008,1899.58,kg,9,91.4,15
2025-04-14,RM-008,1767.92,kg,15,33.3,16
2025-04-21,RM-008,1681.54,kg,13,136.3,17
2025-04-28,RM-008,1400.61,kg,5,34.9,18
2025-05-05,RM-008,1410.65,kg,3,79.3,19
2025-05-12,RM-008,1104.15,kg,23,25.2,20
2025-05-19,RM-008,1369.08,kg,11,59.4,21
2025-05-26,RM-008,1490.27,kg,18,52.6,22
2025-06-02,RM-008,1222.69,kg,13,32.0,23
2025-06-09,RM-008,1277.33,kg,23,72.2,24
2025-06-16,RM-008,1319.95,kg,20,26.8,25
2025-06-23,RM-008,1547.4,kg,17,56.4,26
2025-06-30,RM-008,1724.08,kg,17,45.6,27
2025-07-07,RM-008,1661.22,kg,20,185.0,28
2025-07-14,RM-008,1938.39,kg,22,70.6,29
2025-07-21,RM-008,1537.13,kg,9,26.8,30
2025-07-28,RM-008,1401.44,kg,17,72.3,31
2025-08-04,RM-008,1182.34,kg,19,37.8,32
2025-08-11,RM-008,980.02,kg,6,33.9,33
2025-08-18,RM-008,1186.19,kg,11,163.8,34
2025-08-25,RM-008,1175.63,kg,25,779.5,35
2025-09-01,RM-008,1140.01,kg,1,44.4,36
2025-09-08,RM-008,1173.13,kg,1,37.3,37
2025-09-15,RM-008,1012.23,kg,20,44.0,38
2025-09-22,RM-008,625.82,kg,16,11.3,39
2025-09-29,RM-008,999.05,kg,14,33.5,40
2025-10-06,RM-008,745.49,kg,11,20.6,41
2025-10-13,RM-008,447.62,kg,15,10.5,42
2025-10-20,RM-008,547.91,kg,9,40.1,43
2025-10-27,RM-008,345.84,kg,11,12.0,44
2025-11-03,RM-008,245.83,kg,21,5.0,45
2025-11-10,RM-008,217.6,kg,14,54.0,46
2025-11-17,RM-008,279.44,kg,24,7.9,47
2025-11-24,RM-008,389.6,kg,20,20.4,48
2025-12-01,RM-008,294.13,kg,16,21.6,49
2025-12-08,RM-008,0.0,kg,12,0.0,50
2025-12-15,RM-008,133.27,kg,14,4.6,51
2025-12-22,RM-008,4.84,kg,19,0.3,52
2025-12-29,RM-008,0.0,kg,1,0.0,1
2024-12-30,RM-009,2479.4,pcs,17,2479395582.7,1
2025-01-06,RM-009,2586.52,pcs,6,107.6,2
2025-01-13,RM-009,2580.57,pcs,13,56.6,3
2025-01-20,RM-009,2175.08,pcs,5,37.5,4
2025-01-27,RM-009,2192.42,pcs,7,72.2,5
2025-02-03,RM-009,2384.74,pcs,23,2384739831.5,6
2025-02-10,RM-009,2743.35,pcs,21,119.0,7
2025-02-17,RM-009,3144.92,pcs,4,152.1,8
2025-02-24,RM-009,3266.85,pcs,3,367.6,9
2025-03-03,RM-009,2931.61,pcs,12,61.2,10
2025-03-10,RM-009,2803.03,pcs,16,152.6,11
2025-03-17,RM-009,2647.17,pcs,4,55.8,12
2025-03-24,RM-009,2534.3,pcs,4,157.2,13
2025-03-31,RM-009,2435.44,pcs,2,61.5,14
2025-04-07,RM-009,2268.36,pcs,6,95.0,15
2025-04-14,RM-009,2020.99,pcs,18,57.2,16
2025-04-21,RM-009,2066.92,pcs,10,85.3,17
2025-04-28,RM-009,2529.18,pcs,18,321.1,18
2025-05-05,RM-009,2482.25,pcs,18,43.8,19
2025-05-12,RM-009,2583.53,pcs,12,105.1,20
2025-05-19,RM-009,2738.43,pcs,4,63.9,21
2025-05-26,RM-009,2603.25,pcs,19,134.8,22
2025-06-02,RM-009,2666.56,pcs,19,56.7,23
2025-06-09,RM-009,2339.7,pcs,6,50.1,24
2025-06-16,RM-009,2569.03,pcs,6,2309.5,25
2025-06-23,RM-009,2389.78,pcs,19,93.3,26
2025-06-30,RM-009,2246.05,pcs,1,109.4,27
2025-07-07,RM-009,2054.49,pcs,9,33.4,28
2025-07-14,RM-009,2121.21,pcs,13,58.0,29
2025-07-21,RM-009,2149.74,pcs,3,91.1,30
2025-07-28,RM-009,1969.76,pcs,18,30.9,31
2025-08-04,RM-009,1963.24,pcs,3,45.0,32
2025-08-11,RM-009,2134.53,pcs,25,103.1,33
2025-08-18,RM-009,2127.12,pcs,7,62.8,34
2025-08-25,RM-009,2018.87,pcs,3,130.6,35
2025-09-01,RM-009,2079.19,pcs,7,56.6,36
2025-09-08,RM-009,2116.67,pcs,25,121.7,37
2025-09-15,RM-009,1887.05,pcs,11,54.6,38
2025-09-22,RM-009,1718.32,pcs,2,71.3,39
2025-09-29,RM-009,2062.76,pcs,7,66.8,40
2025-10-06,RM-009,2116.32,pcs,14,73.6,41
2025-10-13,RM-009,1882.17,pcs,6,56.3,42
2025-10-20,RM-009,2035.32,pcs,9,125.0,43
2025-10-27,RM-009,2226.23,pcs,8,76.6,44
2025-11-03,RM-009,2106.99,pcs,15,123.7,45
2025-11-10,RM-009,1939.02,pcs,9,68.1,46
2025-11-17,RM-009,1677.02,pcs,14,44.8,47
2025-11-24,RM-009,1504.67,pcs,18,61.1,48
2025-12-01,RM-009,1431.26,pcs,8,23.5,49
2025-12-08,RM-009,1335.3,pcs,2,97.4,50
2025-12-15,RM-009,1266.54,pcs,25,128.9,51
2025-12-22,RM-009,987.13,pcs,9,24.7,52
2025-12-29,RM-009,1095.09,pcs,12,18.4,1
2024-12-30,RM-010,1169.26,kg,20,36.5,1
2025-01-06,RM-010,834.02,kg,18,17.4,2
2025-01-13,RM-010,1250.56,kg,23,224.1,3
2025-01-20,RM-010,1134.9,kg,24,68.7,4
2025-01-27,RM-010,960.75,kg,5,38.6,5
2025-02-03,RM-010,1187.8,kg,6,35.7,6
2025-02-10,RM-010,803.97,kg,16,14.7,7
2025-02-17,RM-010,870.78,kg,3,37.8,8
2025-02-24,RM-010,1153.27,kg,19,60.0,9
2025-03-03,RM-010,1267.96,kg,13,27.8,10
2025-03-10,RM-010,1390.85,kg,21,41.9,11
2025-03-17,RM-010,1497.93,kg,25,60.8,12
2025-03-24,RM-010,1195.46,kg,14,27.7,13
2025-03-31,RM-010,1192.77,kg,14,36.0,14
2025-04-07,RM-010,860.85,kg,15,18.2,15
2025-04-14,RM-010,1055.64,kg,11,58.2,16
2025-04-21,RM-010,1004.44,kg,15,137.3,17
2025-04-28,RM-010,917.94,kg,18,74.3,18
2025-05-05,RM-010,715.65,kg,12,24.8,19
2025-05-12,RM-010,599.2,kg,19,36.0,20
2025-05-19,RM-010,908.68,kg,20,36.9,21
2025-05-26,RM-010,723.66,kg,19,27.4,22
2025-06-02,RM-010,598.57,kg,15,13.6,23
2025-06-09,RM-010,332.7,kg,17,8.8,24
2025-06-16,RM-010,252.72,kg,14,22.1,25
2025-06-23,RM-010,471.12,kg,1,19.4,26
2025-06-30,RM-010,710.93,kg,16,24.7,27
2025-07-07,RM-010,430.83,kg,25,10.8,28
2025-07-14,RM-010,762.38,kg,1,32.7,29
2025-07-21,RM-010,773.47,kg,18,21.5,30
2025-07-28,RM-010,869.62,kg,23,28.0,31
2025-08-04,RM-010,645.43,kg,19,20.2,32
2025-08-11,RM-010,462.44,kg,6,17.7,33
2025-08-18,RM-010,217.74,kg,6,6.2,34
2025-08-25,RM-010,286.79,kg,3,6.8,35
2025-09-01,RM-010,39.81,kg,25,1.1,36
2025-09-08,RM-010,0.0,kg,10,0.0,37
2025-09-15,RM-010,0.0,kg,8,0.0,38
2025-09-22,RM-010,0.0,kg,9,0.0,39
2025-09-29,RM-010,122.21,kg,19,7.4,40
2025-10-06,RM-010,0.0,kg,19,0.0,41
2025-10-13,RM-010,0.0,kg,6,0.0,42
2025-10-20,RM-010,35.89,kg,7,1.0,43
2025-10-27,RM-010,25.28,kg,6,0.8,44
2025-11-03,RM-010,135.94,kg,6,2.0,45
2025-11-10,RM-010,181.61,kg,3,7.7,46
2025-11-17,RM-010,0.0,kg,12,0.0,47
2025-11-24,RM-010,0.0,kg,11,0.0,48
2025-12-01,RM-010,0.0,kg,2,0.0,49
2025-12-08,RM-010,19.85,kg,24,0.8,50
2025-12-15,RM-010,109.06,kg,11,3.5,51
2025-12-22,RM-010,320.62,kg,23,58.6,52
2025-12-29,RM-010,51.65,kg,2,1.3,1
2024-12-30,RM-011,2585.69,L,13,115.7,1
2025-01-06,RM-011,2353.72,L,18,71.0,2
2025-01-13,RM-011,2160.04,L,10,78.1,3
2025-01-20,RM-011,1904.37,L,7,52.1,4
2025-01-27,RM-011,1815.4,L,25,142.8,5
2025-02-03,RM-011,1615.28,L,7,56.5,6
2025-02-10,RM-011,1607.75,L,10,1495.1,7
2025-02-17,RM-011,1414.25,L,13,51.2,8
2025-02-24,RM-011,1043.25,L,19,19.7,9
2025-03-03,RM-011,1380.34,L,1,59.8,10
2025-03-10,RM-011,1216.78,L,1,52.1,11
2025-03-17,RM-011,1546.75,L,24,155.0,12
2025-03-24,RM-011,1291.08,L,21,35.3,13
2025-03-31,RM-011,965.9,L,5,14.1,14
2025-04-07,RM-011,723.13,L,9,20.9,15
2025-04-14,RM-011,476.09,L,3,13.5,16
2025-04-21,RM-011,528.58,L,19,11.3,17
2025-04-28,RM-011,502.48,L,25,21.3,18
2025-05-05,RM-011,617.05,L,20,17.9,19
2025-05-12,RM-011,597.87,L,20,15.2,20
2025-05-19,RM-011,364.49,L,5,10.9,21
2025-05-26,RM-011,349.79,L,4,166.5,22
2025-06-02,RM-011,713.63,L,16,65.3,23
2025-06-09,RM-011,863.42,L,3,27.3,24
2025-06-16,RM-011,926.4,L,10,50.6,25
2025-06-23,RM-011,777.23,L,9,36.5,26
2025-06-30,RM-011,951.6,L,1,29.1,27
2025-07-07,RM-011,832.55,L,20,34.3,28
2025-07-14,RM-011,584.43,L,9,16.5,29
2025-07-21,RM-011,352.38,L,19,10.6,30
2025-07-28,RM-011,523.35,L,15,14.2,31
2025-08-04,RM-011,734.17,L,4,17.5,32
2025-08-11,RM-011,530.76,L,6,18.3,33
2025-08-18,RM-011,838.72,L,3,39.6,34
2025-08-25,RM-011,529.71,L,4,12.0,35
2025-09-01,RM-011,823.54,L,8,33.5,36
2025-09-08,RM-011,614.6,L,5,20.6,37
2025-09-15,RM-011,261.44,L,9,5.2,38
2025-09-22,RM-011,550.09,L,5,9.4,39
2025-09-29,RM-011,342.62,L,17,11.6,40
2025-10-06,RM-011,0.0,L,13,0.0,41
2025-10-13,RM-011,139.58,L,4,3.2,42
2025-10-20,RM-011,0.0,L,5,0.0,43
2025-10-27,RM-011,0.0,L,20,0.0,44
2025-11-03,RM-011,260.56,L,15,51.9,45
2025-11-10,RM-011,138.98,L,8,8.0,46
2025-11-17,RM-011,112.11,L,19,7.0,47
2025-11-24,RM-011,0.0,L,22,0.0,48
2025-12-01,RM-011,0.0,L,18,0.0,49
2025-12-08,RM-011,0.0,L,11,0.0,50
2025-12-15,RM-011,0.0,L,9,0.0,51
2025-12-22,RM-011,0.0,L,6,0.0,52
2025-12-29,RM-011,0.0,L,3,0.0,1
2024-12-30,RM-012,2361.21,pcs,8,85.0,1
2025-01-06,RM-012,2246.74,pcs,12,137.4,2
2025-01-13,RM-012,2174.79,pcs,4,49.3,3
2025-01-20,RM-012,2631.96,pcs,24,196.1,4
2025-01-27,RM-012,2348.97,pcs,4,58.1,5
2025-02-03,RM-012,2153.79,pcs,4,77.2,6
2025-02-10,RM-012,2418.47,pcs,22,2418471482.3,7
2025-02-17,RM-012,2221.07,pcs,17,78.8,8
2025-02-24,RM-012,1845.42,pcs,16,34.4,9
2025-03-03,RM-012,1845.42,pcs,15,1845423644.5,10
2025-03-10,RM-012,1458.19,pcs,9,26.4,11
2025-03-17,RM-012,1324.62,pcs,5,36.7,12
2025-03-24,RM-012,1277.42,pcs,24,28.8,13
2025-03-31,RM-012,1510.19,pcs,5,18394.3,14
2025-04-07,RM-012,1588.89,pcs,3,48.2,15
2025-04-14,RM-012,1311.67,pcs,8,33.1,16
2025-04-21,RM-012,979.98,pcs,9,20.7,17
2025-04-28,RM-012,911.81,pcs,22,93.6,18
2025-05-05,RM-012,922.82,pcs,18,32.7,19
2025-05-12,RM-012,872.69,pcs,19,121.9,20
2025-05-19,RM-012,1043.66,pcs,1,37.7,21
2025-05-26,RM-012,1025.5,pcs,18,27.7,22
2025-06-02,RM-012,1149.75,pcs,2,101.8,23
2025-06-09,RM-012,1271.36,pcs,21,1271356168.5,24
2025-06-16,RM-012,1630.47,pcs,19,168.6,25
2025-06-23,RM-012,1948.56,pcs,7,45.3,26
2025-06-30,RM-012,1719.72,pcs,25,52.6,27
2025-07-07,RM-012,1879.58,pcs,19,92.7,28
2025-07-14,RM-012,1699.89,pcs,14,66.2,29
2025-07-21,RM-012,1923.69,pcs,12,108.4,30
2025-07-28,RM-012,1700.48,pcs,2,53.3,31
2025-08-04,RM-012,1766.25,pcs,15,65.0,32
2025-08-11,RM-012,1490.42,pcs,22,37.8,33
2025-08-18,RM-012,1596.4,pcs,14,83.7,34
2025-08-25,RM-012,1791.11,pcs,17,48.8,35
2025-09-01,RM-012,1741.75,pcs,17,39.3,36
2025-09-08,RM-012,1693.48,pcs,12,245.5,37
2025-09-15,RM-012,1528.21,pcs,17,64.7,38
2025-09-22,RM-012,1452.26,pcs,24,48.7,39
2025-09-29,RM-012,1289.23,pcs,25,55.4,40
2025-10-06,RM-012,1266.5,pcs,14,25.7,41
2025-10-13,RM-012,1131.37,pcs,16,58.6,42
2025-10-20,RM-012,1240.47,pcs,6,42.7,43
2025-10-27,RM-012,1501.13,pcs,17,67.7,44
2025-11-03,RM-012,1871.9,pcs,16,1871896892.3,45
2025-11-10,RM-012,2197.53,pcs,19,117.2,46
2025-11-17,RM-012,2150.49,pcs,12,320.0,47
2025-11-24,RM-012,2019.47,pcs,7,45.2,48
2025-12-01,RM-012,1780.83,pcs,21,52.2,49
2025-12-08,RM-012,1636.63,pcs,24,79.4,50
2025-12-15,RM-012,1572.7,pcs,19,32.8,51
2025-12-22,RM-012,1969.33,pcs,18,121.7,52
2025-12-29,RM-012,2181.22,pcs,6,91.8,1
2024-12-30,RM-013,2375.06,L,1,176.0,1
2025-01-06,RM-013,2124.43,L,18,59.3,2
2025-01-13,RM-013,1925.44,L,24,50.5,3
2025-01-20,RM-013,1686.68,L,21,49.4,4
2025-01-27,RM-013,2072.17,L,25,92.1,5
2025-02-03,RM-013,1768.24,L,10,40.7,6
2025-02-10,RM-013,1515.55,L,18,42.0,7
2025-02-17,RM-013,1448.01,L,19,40.0,8
2025-02-24,RM-013,1143.18,L,6,26.3,9
2025-03-03,RM-013,962.37,L,3,37.3,10
2025-03-10,RM-013,824.66,L,6,41.9,11
2025-03-17,RM-013,677.06,L,8,32.1,12
2025-03-24,RM-013,521.48,L,3,23.5,13
2025-03-31,RM-013,600.75,L,19,109.7,14
2025-04-07,RM-013,974.28,L,1,42.7,15
2025-04-14,RM-013,688.54,L,20,16.9,16
2025-04-21,RM-013,392.06,L,14,9.3,17
2025-04-28,RM-013,390.56,L,23,8.0,18
2025-05-05,RM-013,483.71,L,5,23.3,19
2025-05-12,RM-013,804.45,L,1,55.8,20
2025-05-19,RM-013,1330.35,L,11,106.2,21
2025-05-26,RM-013,1238.7,L,2,94.6,22
2025-06-02,RM-013,891.95,L,12,18.0,23
2025-06-09,RM-013,938.21,L,6,18.9,24
2025-06-16,RM-013,814.31,L,10,14.5,25
2025-06-23,RM-013,598.92,L,1,19.5,26
2025-06-30,RM-013,371.98,L,20,11.5,27
2025-07-07,RM-013,128.33,L,24,3.3,28
2025-07-14,RM-013,0.0,L,19,0.0,29
2025-07-21,RM-013,0.0,L,12,0.0,30
2025-07-28,RM-013,0.0,L,18,0.0,31
2025-08-04,RM-013,0.0,L,5,0.0,32
2025-08-11,RM-013,270.91,L,15,7.2,33
2025-08-18,RM-013,585.57,L,19,19.0,34
2025-08-25,RM-013,703.36,L,1,18.2,35
2025-09-01,RM-013,610.06,L,14,45.8,36
2025-09-08,RM-013,277.28,L,17,5.8,37
2025-09-15,RM-013,422.09,L,16,23.2,38
2025-09-22,RM-013,70.99,L,11,1.4,39
2025-09-29,RM-013,267.16,L,13,12.0,40
2025-10-06,RM-013,370.78,L,22,13.4,41
2025-10-13,RM-013,188.71,L,2,7.3,42
2025-10-20,RM-013,494.83,L,14,45.8,43
2025-10-27,RM-013,218.73,L,13,5.5,44
2025-11-03,RM-013,322.23,L,23,17.3,45
2025-11-10,RM-013,12.67,L,12,0.3,46
2025-11-17,RM-013,158.21,L,19,6.6,47
2025-11-24,RM-013,354.48,L,15,26.3,48
2025-12-01,RM-013,468.88,L,9,34.6,49
2025-12-08,RM-013,790.07,L,15,51.1,50
2025-12-15,RM-013,749.62,L,22,129.7,51
2025-12-22,RM-013,784.15,L,8,23.7,52
2025-12-29,RM-013,416.6,L,7,7.9,1
2024-12-30,RM-014,2338.53,L,7,319.7,1
2025-01-06,RM-014,2205.79,L,4,116.3,2
2025-01-13,RM-014,2223.35,L,20,78.5,3
2025-01-20,RM-014,2239.85,L,23,50.7,4
2025-01-27,RM-014,2510.19,L,14,99.4,5
2025-02-03,RM-014,2711.65,L,7,323.3,6
2025-02-10,RM-014,2481.89,L,13,75.6,7
2025-02-17,RM-014,2298.84,L,10,87.9,8
2025-02-24,RM-014,2433.57,L,24,70.8,9
2025-03-03,RM-014,2355.07,L,6,210.0,10
2025-03-10,RM-014,2505.88,L,22,147.8,11
2025-03-17,RM-014,2319.14,L,17,86.9,12
2025-03-24,RM-014,2649.63,L,14,2649627401.8,13
2025-03-31,RM-014,2326.16,L,25,50.3,14
2025-04-07,RM-014,2494.62,L,23,55.5,15
2025-04-14,RM-014,2872.04,L,9,369.3,16
2025-04-21,RM-014,2784.1,L,6,221.6,17
2025-04-28,RM-014,2489.39,L,2,59.1,18
2025-05-05,RM-014,2377.87,L,14,149.3,19
2025-05-12,RM-014,2135.63,L,16,61.7,20
2025-05-19,RM-014,2191.35,L,11,39.9,21
2025-05-26,RM-014,2231.19,L,18,174.8,22
2025-06-02,RM-014,2435.95,L,3,58.2,23
2025-06-09,RM-014,2184.37,L,16,60.8,24
2025-06-16,RM-014,2045.71,L,19,103.3,25
2025-06-23,RM-014,2205.55,L,10,75.3,26
2025-06-30,RM-014,2016.3,L,2,74.6,27
2025-07-07,RM-014,1926.85,L,10,150.8,28
2025-07-14,RM-014,1599.2,L,15,34.2,29
2025-07-21,RM-014,1687.79,L,25,27.8,30
2025-07-28,RM-014,2161.19,L,25,2161189989.7,31
2025-08-04,RM-014,2093.21,L,8,54.4,32
2025-08-11,RM-014,2376.17,L,14,2376168303.0,33
2025-08-18,RM-014,2132.53,L,7,61.3,34
2025-08-25,RM-014,2065.35,L,13,215.2,35
2025-09-01,RM-014,1717.48,L,15,34.6,36
2025-09-08,RM-014,1372.52,L,1,27.9,37
2025-09-15,RM-014,1210.44,L,10,33.1,38
2025-09-22,RM-014,1041.89,L,12,43.3,39
2025-09-29,RM-014,755.05,L,13,18.4,40
2025-10-06,RM-014,476.12,L,5,11.9,41
2025-10-13,RM-014,577.15,L,19,34.8,42
2025-10-20,RM-014,721.69,L,23,44.7,43
2025-10-27,RM-014,779.75,L,7,38.5,44
2025-11-03,RM-014,596.27,L,24,22.7,45
2025-11-10,RM-014,391.47,L,3,13.4,46
2025-11-17,RM-014,61.02,L,1,1.3,47
2025-11-24,RM-014,61.02,L,8,61022214.6,48
2025-12-01,RM-014,0.0,L,11,0.0,49
2025-12-08,RM-014,0.0,L,11,0.0,50
2025-12-15,RM-014,0.0,L,9,0.0,51
2025-12-22,RM-014,18.72,L,13,0.5,52
2025-12-29,RM-014,0.0,L,8,0.0,1
2024-12-30,RM-015,1817.11,L,19,33.3,1
2025-01-06,RM-015,1531.12,L,2,37.5,2
2025-01-13,RM-015,1103.34,L,8,18.1,3
2025-01-20,RM-015,1378.79,L,3,98.2,4
2025-01-27,RM-015,1628.0,L,14,98.9,5
2025-02-03,RM-015,1360.71,L,16,22.3,6
2025-02-10,RM-015,1141.99,L,21,36.5,7
2025-02-17,RM-015,1322.73,L,4,92.7,8
2025-02-24,RM-015,1303.46,L,15,33.2,9
2025-03-03,RM-015,914.59,L,17,16.5,10
2025-03-10,RM-015,758.08,L,7,20.6,11
2025-03-17,RM-015,1038.87,L,13,30.5,12
2025-03-24,RM-015,773.78,L,3,20.4,13
2025-03-31,RM-015,542.49,L,15,16.4,14
2025-04-07,RM-015,378.19,L,12,16.1,15
2025-04-14,RM-015,189.84,L,9,7.1,16
2025-04-21,RM-015,0.0,L,15,0.0,17
2025-04-28,RM-015,369.55,L,13,369554779.2,18
2025-05-05,RM-015,49.95,L,13,1.1,19
2025-05-12,RM-015,0.0,L,3,0.0,20
2025-05-19,RM-015,125.14,L,10,3.8,21
2025-05-26,RM-015,0.0,L,3,0.0,22
2025-06-02,RM-015,0.0,L,17,0.0,23
2025-06-09,RM-015,0.0,L,19,0.0,24
2025-06-16,RM-015,87.25,L,2,10.1,25
2025-06-23,RM-015,101.08,L,16,2.8,26
2025-06-30,RM-015,90.76,L,6,61.6,27
2025-07-07,RM-015,0.0,L,4,0.0,28
2025-07-14,RM-015,658.36,L,17,98.0,29
2025-07-21,RM-015,966.26,L,2,966263581.5,30
2025-07-28,RM-015,900.2,L,21,95.4,31
2025-08-04,RM-015,590.3,L,18,13.3,32
2025-08-11,RM-015,890.57,L,10,41.1,33
2025-08-18,RM-015,598.49,L,12,14.3,34
2025-08-25,RM-015,717.52,L,14,69.9,35
2025-09-01,RM-015,848.73,L,2,37.4,36
2025-09-08,RM-015,1081.52,L,8,42.9,37
2025-09-15,RM-015,1061.55,L,14,32.6,38
2025-09-22,RM-015,971.04,L,8,75.1,39
2025-09-29,RM-015,1218.45,L,13,83.5,40
2025-10-06,RM-015,1653.67,L,15,65.5,41
2025-10-13,RM-015,1453.7,L,1,50.9,42
2025-10-20,RM-015,1231.05,L,16,38.7,43
2025-10-27,RM-015,1231.05,L,4,1231048102.3,44
2025-11-03,RM-015,1191.62,L,5,211.5,45
2025-11-10,RM-015,1346.23,L,6,144.0,46
2025-11-17,RM-015,1450.86,L,16,458.9,47
2025-11-24,RM-015,1171.07,L,21,29.3,48
2025-12-01,RM-015,1368.1,L,3,98.9,49
2025-12-08,RM-015,1097.04,L,25,28.3,50
2025-12-15,RM-015,783.45,L,17,17.5,51
2025-12-22,RM-015,548.34,L,14,16.3,52
2025-12-29,RM-015,752.61,L,17,21.7,1
2024-12-30,RM-016,1882.88,L,22,40.6,1
2025-01-06,RM-016,1882.88,L,2,1882881841.2,2
2025-01-13,RM-016,2001.28,L,25,73.7,3
2025-01-20,RM-016,2133.9,L,14,80.4,4
2025-01-27,RM-016,2401.25,L,22,111.3,5
2025-02-03,RM-016,2265.52,L,23,116.8,6
2025-02-10,RM-016,2091.65,L,20,84.2,7
2025-02-17,RM-016,1718.36,L,17,32.2,8
2025-02-24,RM-016,1361.83,L,13,26.7,9
2025-03-03,RM-016,1347.38,L,11,43.1,10
2025-03-10,RM-016,1343.49,L,21,2419.3,11
2025-03-17,RM-016,1535.48,L,1,58.3,12
2025-03-24,RM-016,1422.02,L,21,87.7,13
2025-03-31,RM-016,1469.04,L,5,51.2,14
2025-04-07,RM-016,1786.62,L,4,1786618839.9,15
2025-04-14,RM-016,1534.41,L,2,42.6,16
2025-04-21,RM-016,1857.15,L,18,59.3,17
2025-04-28,RM-016,1935.58,L,23,84.0,18
2025-05-05,RM-016,1475.6,L,18,22.5,19
2025-05-12,RM-016,1425.45,L,22,199.0,20
2025-05-19,RM-016,1299.83,L,1,72.4,21
2025-05-26,RM-016,1525.3,L,7,43.9,22
2025-06-02,RM-016,1357.14,L,2,30.4,23
2025-06-09,RM-016,961.82,L,13,17.0,24
2025-06-16,RM-016,706.14,L,19,19.3,25
2025-06-23,RM-016,604.46,L,22,41.6,26
2025-06-30,RM-016,492.69,L,1,30.9,27
2025-07-07,RM-016,906.95,L,19,30.4,28
2025-07-14,RM-016,681.45,L,25,21.2,29
2025-07-21,RM-016,224.28,L,20,3.4,30
2025-07-28,RM-016,29.56,L,19,0.7,31
2025-08-04,RM-016,0.0,L,6,0.0,32
2025-08-11,RM-016,121.03,L,18,9.8,33
2025-08-18,RM-016,183.68,L,23,5.5,34
2025-08-25,RM-016,251.72,L,25,5.7,35
2025-09-01,RM-016,620.71,L,8,23.4,36
2025-09-08,RM-016,627.66,L,15,30.7,37
2025-09-15,RM-016,372.06,L,1,10.2,38
2025-09-22,RM-016,174.24,L,10,6.2,39
2025-09-29,RM-016,0.0,L,6,0.0,40
2025-10-06,RM-016,0.0,L,10,0.0,41
2025-10-13,RM-016,0.0,L,7,0.0,42
2025-10-20,RM-016,0.0,L,19,0.0,43
2025-10-27,RM-016,0.0,L,22,0.0,44
2025-11-03,RM-016,127.25,L,3,4.7,45
2025-11-10,RM-016,59.99,L,8,6.2,46
2025-11-17,RM-016,0.0,L,10,0.0,47
2025-11-24,RM-016,0.0,L,21,0.0,48
2025-12-01,RM-016,0.0,L,1,0.0,49
2025-12-08,RM-016,163.56,L,12,6.2,50
2025-12-15,RM-016,0.0,L,20,0.0,51
2025-12-22,RM-016,0.0,L,15,0.0,52
2025-12-29,RM-016,0.0,L,13,0.0,1
2024-12-30,RM-017,704.41,pcs,3,24.0,1
2025-01-06,RM-017,512.44,pcs,18,18.7,2
2025-01-13,RM-017,465.03,pcs,1,13.0,3
2025-01-20,RM-017,809.51,pcs,20,41.8,4
2025-01-27,RM-017,649.85,pcs,9,28.5,5
2025-02-03,RM-017,1023.42,pcs,17,1023415461.5,6
2025-02-10,RM-017,719.91,pcs,9,16.6,7
2025-02-17,RM-017,417.46,pcs,8,9.7,8
2025-02-24,RM-017,291.3,pcs,23,16.2,9
2025-03-03,RM-017,470.96,pcs,23,16.5,10
2025-03-10,RM-017,155.29,pcs,24,3.4,11
2025-03-17,RM-017,311.38,pcs,24,8.4,12
2025-03-24,RM-017,199.24,pcs,14,12.4,13
2025-03-31,RM-017,657.3,pcs,1,657296558.9,14
2025-04-07,RM-017,845.11,pcs,13,68.4,15
2025-04-14,RM-017,548.16,pcs,9,12.9,16
2025-04-21,RM-017,344.96,pcs,22,11.9,17
2025-04-28,RM-017,728.87,pcs,21,17.9,18
2025-05-05,RM-017,462.69,pcs,25,12.2,19
2025-05-12,RM-017,350.12,pcs,2,21.8,20
2025-05-19,RM-017,725.29,pcs,21,192.8,21
2025-05-26,RM-017,515.51,pcs,25,17.2,22
2025-06-02,RM-017,480.99,pcs,24,97.5,23
2025-06-09,RM-017,139.5,pcs,21,2.9,24
2025-06-16,RM-017,0.0,pcs,11,0.0,25
2025-06-23,RM-017,429.41,pcs,15,15.1,26
2025-06-30,RM-017,106.63,pcs,4,2.3,27
2025-07-07,RM-017,501.4,pcs,20,43.3,28
2025-07-14,RM-017,270.81,pcs,14,8.2,29
2025-07-21,RM-017,0.0,pcs,2,0.0,30
2025-07-28,RM-017,59.49,pcs,2,1.3,31
2025-08-04,RM-017,0.0,pcs,17,0.0,32
2025-08-11,RM-017,0.0,pcs,2,0.0,33
2025-08-18,RM-017,0.0,pcs,3,0.0,34
2025-08-25,RM-017,334.69,pcs,13,66.2,35
2025-09-01,RM-017,464.9,pcs,6,29.4,36
2025-09-08,RM-017,179.62,pcs,14,4.4,37
2025-09-15,RM-017,46.33,pcs,21,2.4,38
2025-09-22,RM-017,0.0,pcs,10,0.0,39
2025-09-29,RM-017,0.0,pcs,17,0.0,40
2025-10-06,RM-017,359.24,pcs,1,34.5,41
2025-10-13,RM-017,47.31,pcs,1,1.1,42
2025-10-20,RM-017,315.01,pcs,17,6.9,43
2025-10-27,RM-017,164.35,pcs,19,7.6,44
2025-11-03,RM-017,164.35,pcs,19,164349412.4,45
2025-11-10,RM-017,487.11,pcs,21,28.1,46
2025-11-17,RM-017,386.16,pcs,9,14.2,47
2025-11-24,RM-017,899.22,pcs,14,899215706.9,48
2025-12-01,RM-017,626.19,pcs,14,16.1,49
2025-12-08,RM-017,485.79,pcs,22,24.2,50
2025-12-15,RM-017,757.22,pcs,20,12.4,51
2025-12-22,RM-017,433.04,pcs,13,9.4,52
2025-12-29,RM-017,142.4,pcs,6,3.4,1
2024-12-30,RM-018,1961.44,kg,13,45.4,1
2025-01-06,RM-018,1680.53,kg,1,27.0,2
2025-01-13,RM-018,1521.22,kg,17,66.8,3
2025-01-20,RM-018,1713.1,kg,1,61.7,4
2025-01-27,RM-018,1687.18,kg,4,30.5,5
2025-02-03,RM-018,1813.65,kg,21,46.2,6
2025-02-10,RM-018,1610.88,kg,6,55.6,7
2025-02-17,RM-018,1460.82,kg,14,68.1,8
2025-02-24,RM-018,1453.71,kg,9,48.7,9
2025-03-03,RM-018,1685.37,kg,7,95.5,10
2025-03-10,RM-018,2119.76,kg,20,104.0,11
2025-03-17,RM-018,2406.07,kg,21,77.4,12
2025-03-24,RM-018,2473.31,kg,9,342.2,13
2025-03-31,RM-018,2727.15,kg,17,102.3,14
2025-04-07,RM-018,2585.96,kg,16,128.2,15
2025-04-14,RM-018,2398.0,kg,3,89.3,16
2025-04-21,RM-018,2319.81,kg,24,50.7,17
2025-04-28,RM-018,2210.71,kg,22,141.8,18
2025-05-05,RM-018,1925.7,kg,5,47.3,19
2025-05-12,RM-018,2126.14,kg,22,342.0,20
2025-05-19,RM-018,1912.42,kg,7,62.6,21
2025-05-26,RM-018,2072.34,kg,1,55.1,22
2025-06-02,RM-018,1754.9,kg,5,38.7,23
2025-06-09,RM-018,1591.2,kg,15,68.0,24
2025-06-16,RM-018,1652.22,kg,1,36.7,25
2025-06-23,RM-018,1570.6,kg,9,38.4,26
2025-06-30,RM-018,1290.79,kg,13,32.3,27
2025-07-07,RM-018,1109.12,kg,23,42.7,28
2025-07-14,RM-018,1228.15,kg,20,41.8,29
2025-07-21,RM-018,937.34,kg,25,14.5,30
2025-07-28,RM-018,1109.18,kg,5,22.7,31
2025-08-04,RM-018,810.1,kg,10,19.0,32
2025-08-11,RM-018,1228.83,kg,11,63.4,33
2025-08-18,RM-018,1471.74,kg,25,64.3,34
2025-08-25,RM-018,1257.23,kg,10,41.0,35
2025-09-01,RM-018,1483.54,kg,12,66.7,36
2025-09-08,RM-018,1396.46,kg,25,23.0,37
2025-09-15,RM-018,1231.55,kg,17,19.7,38
2025-09-22,RM-018,1022.26,kg,23,34.2,39
2025-09-29,RM-018,969.36,kg,15,128.3,40
2025-10-06,RM-018,836.3,kg,25,44.0,41
2025-10-13,RM-018,662.5,kg,22,26.7,42
2025-10-20,RM-018,657.95,kg,8,28.7,43
2025-10-27,RM-018,549.37,kg,23,35.4,44
2025-11-03,RM-018,861.74,kg,17,36.4,45
2025-11-10,RM-018,841.21,kg,4,286.8,46
2025-11-17,RM-018,877.09,kg,23,877090512.6,47
2025-11-24,RM-018,778.78,kg,16,55.5,48
2025-12-01,RM-018,748.9,kg,12,19.0,49
2025-12-08,RM-018,834.43,kg,23,37.5,50
2025-12-15,RM-018,1263.64,kg,5,1263643037.0,51
2025-12-22,RM-018,906.38,kg,5,17.8,52
2025-12-29,RM-018,1059.46,kg,2,46.4,1
2024-12-30,RM-019,2221.28,pcs,15,216.4,1
2025-01-06,RM-019,1806.98,pcs,20,30.5,2
2025-01-13,RM-019,1607.46,pcs,14,56.4,3
2025-01-20,RM-019,1576.6,pcs,3,48.7,4
2025-01-27,RM-019,1825.13,pcs,19,86.1,5
2025-02-03,RM-019,2268.88,pcs,16,160.0,6
2025-02-10,RM-019,2262.84,pcs,22,2619.0,7
2025-02-17,RM-019,2138.82,pcs,5,120.7,8
2025-02-24,RM-019,2116.4,pcs,9,660.9,9
2025-03-03,RM-019,2052.04,pcs,17,40.0,10
2025-03-10,RM-019,2246.04,pcs,6,94.9,11
2025-03-17,RM-019,1878.16,pcs,19,35.7,12
2025-03-24,RM-019,1652.23,pcs,1,51.2,13
2025-03-31,RM-019,1571.07,pcs,13,32.6,14
2025-04-07,RM-019,1821.26,pcs,15,150.6,15
2025-04-14,RM-019,1704.95,pcs,19,102.6,16
2025-04-21,RM-019,1422.3,pcs,6,35.2,17
2025-04-28,RM-019,1558.73,pcs,12,72.3,18
2025-05-05,RM-019,1840.03,pcs,19,1840025221.9,19
2025-05-12,RM-019,1669.14,pcs,20,68.4,20
2025-05-19,RM-019,1329.58,pcs,5,27.4,21
2025-05-26,RM-019,1025.17,pcs,24,23.6,22
2025-06-02,RM-019,822.26,pcs,24,28.4,23
2025-06-09,RM-019,817.91,pcs,7,1317.0,24
2025-06-16,RM-019,1145.34,pcs,18,54.5,25
2025-06-23,RM-019,969.16,pcs,13,38.5,26
2025-06-30,RM-019,897.17,pcs,15,87.2,27
2025-07-07,RM-019,558.95,pcs,15,11.6,28
2025-07-14,RM-019,553.77,pcs,12,748.6,29
2025-07-21,RM-019,367.32,pcs,14,13.8,30
2025-07-28,RM-019,419.26,pcs,4,11.0,31
2025-08-04,RM-019,528.87,pcs,17,72.6,32
2025-08-11,RM-019,830.29,pcs,17,50.0,33
2025-08-18,RM-019,609.83,pcs,9,19.4,34
2025-08-25,RM-019,456.34,pcs,8,20.8,35
2025-09-01,RM-019,394.74,pcs,7,11.1,36
2025-09-08,RM-019,106.13,pcs,24,2.6,37
2025-09-15,RM-019,118.39,pcs,25,3.3,38
2025-09-22,RM-019,0.0,pcs,5,0.0,39
2025-09-29,RM-019,0.0,pcs,13,0.0,40
2025-10-06,RM-019,12.9,pcs,1,0.3,41
2025-10-13,RM-019,0.0,pcs,10,0.0,42
2025-10-20,RM-019,304.86,pcs,21,25.5,43
2025-10-27,RM-019,39.73,pcs,23,1.0,44
2025-11-03,RM-019,139.78,pcs,13,7.1,45
2025-11-10,RM-019,80.78,pcs,20,3.0,46
2025-11-17,RM-019,0.0,pcs,3,0.0,47
2025-11-24,RM-019,0.0,pcs,10,0.0,48
2025-12-01,RM-019,0.0,pcs,22,0.0,49
2025-12-08,RM-019,66.91,pcs,2,3.4,50
2025-12-15,RM-019,0.0,pcs,24,0.0,51
2025-12-22,RM-019,0.0,pcs,3,0.0,52
2025-12-29,RM-019,0.0,pcs,4,0.0,1
2024-12-30,RM-020,2168.48,pcs,17,251.2,1
2025-01-06,RM-020,1960.75,pcs,16,66.1,2
2025-01-13,RM-020,2094.39,pcs,21,69.9,3
2025-01-20,RM-020,1742.03,pcs,16,34.6,4
2025-01-27,RM-020,2229.53,pcs,19,236.5,5
2025-02-03,RM-020,2208.34,pcs,14,729.2,6
2025-02-10,RM-020,1963.58,pcs,22,56.2,7
2025-02-17,RM-020,2321.77,pcs,6,322.2,8
2025-02-24,RM-020,2299.83,pcs,22,733.8,9
2025-03-03,RM-020,2299.83,pcs,5,2299826100.6,10
2025-03-10,RM-020,2363.57,pcs,1,76.1,11
2025-03-17,RM-020,2342.53,pcs,23,49.3,12
2025-03-24,RM-020,2231.91,pcs,2,141.2,13
2025-03-31,RM-020,2096.69,pcs,8,108.5,14
2025-04-07,RM-020,1679.58,pcs,8,20.1,15
2025-04-14,RM-020,1776.96,pcs,16,47.3,16
2025-04-21,RM-020,1511.22,pcs,14,39.8,17
2025-04-28,RM-020,1255.27,pcs,4,34.3,18
2025-05-05,RM-020,1087.39,pcs,9,45.3,19
2025-05-12,RM-020,1087.39,pcs,20,1087386410.0,20
2025-05-19,RM-020,1166.79,pcs,19,37.3,21
2025-05-26,RM-020,951.92,pcs,25,31.0,22
2025-06-02,RM-020,684.09,pcs,2,17.9,23
2025-06-09,RM-020,533.72,pcs,12,24.8,24
2025-06-16,RM-020,843.28,pcs,5,47.0,25
2025-06-23,RM-020,682.75,pcs,3,29.8,26
2025-06-30,RM-020,754.95,pcs,12,37.5,27
2025-07-07,RM-020,752.14,pcs,1,19.4,28
2025-07-14,RM-020,595.22,pcs,14,8.9,29
2025-07-21,RM-020,774.48,pcs,17,98.2,30
2025-07-28,RM-020,705.82,pcs,11,17.7,31
2025-08-04,RM-020,507.89,pcs,5,18.0,32
2025-08-11,RM-020,190.47,pcs,21,4.2,33
2025-08-18,RM-020,0.0,pcs,21,0.0,34
2025-08-25,RM-020,0.0,pcs,10,0.0,35
2025-09-01,RM-020,0.0,pcs,1,0.0,36
2025-09-08,RM-020,289.73,pcs,10,9.6,37
2025-09-15,RM-020,575.67,pcs,4,59.2,38
2025-09-22,RM-020,369.01,pcs,11,12.5,39
2025-09-29,RM-020,762.26,pcs,3,57.8,40
2025-10-06,RM-020,443.41,pcs,16,9.7,41
2025-10-13,RM-020,58.82,pcs,11,1.1,42
2025-10-20,RM-020,0.0,pcs,4,0.0,43
2025-10-27,RM-020,191.69,pcs,16,6.7,44
2025-11-03,RM-020,115.81,pcs,7,3.4,45
2025-11-10,RM-020,72.34,pcs,3,11.6,46
2025-11-17,RM-020,142.53,pcs,12,4.1,47
2025-11-24,RM-020,269.04,pcs,14,11.8,48
2025-12-01,RM-020,0.0,pcs,19,0.0,49
2025-12-08,RM-020,0.0,pcs,6,0.0,50
2025-12-15,RM-020,0.0,pcs,5,0.0,51
2025-12-22,RM-020,0.0,pcs,20,0.0,52
2025-12-29,RM-020,0.0,pcs,19,0.0,1
2024-12-30,RM-021,1694.58,kg,3,74.7,1
2025-01-06,RM-021,1459.54,kg,17,43.5,2
2025-01-13,RM-021,1751.84,kg,7,190.2,3
2025-01-20,RM-021,1913.38,kg,7,142.7,4
2025-01-27,RM-021,1978.29,kg,6,38.3,5
2025-02-03,RM-021,1763.44,kg,10,57.5,6
2025-02-10,RM-021,2080.36,kg,15,442.2,7
2025-02-17,RM-021,1832.41,kg,20,51.7,8
2025-02-24,RM-021,1728.9,kg,9,50.0,9
2025-03-03,RM-021,1838.15,kg,1,573.1,10
2025-03-10,RM-021,2077.01,kg,18,2077014337.6,11
2025-03-17,RM-021,2468.74,kg,5,217.7,12
2025-03-24,RM-021,2311.82,kg,11,103.1,13
2025-03-31,RM-021,2198.2,kg,1,135.4,14
2025-04-07,RM-021,2189.36,kg,16,1733.6,15
2025-04-14,RM-021,2543.73,kg,3,119.8,16
2025-04-21,RM-021,2158.05,kg,20,39.2,17
2025-04-28,RM-021,2291.4,kg,16,102.7,18
2025-05-05,RM-021,2007.05,kg,23,49.4,19
2025-05-12,RM-021,1930.11,kg,25,175.6,20
2025-05-19,RM-021,1685.82,kg,3,48.3,21
2025-05-26,RM-021,1616.58,kg,8,23.4,22
2025-06-02,RM-021,1328.6,kg,6,32.3,23
2025-06-09,RM-021,967.34,kg,19,18.7,24
2025-06-16,RM-021,920.96,kg,9,20.9,25
2025-06-23,RM-021,1142.51,kg,7,136.9,26
2025-06-30,RM-021,1058.88,kg,2,88.6,27
2025-07-07,RM-021,892.7,kg,3,37.6,28
2025-07-14,RM-021,797.25,kg,12,58.5,29
2025-07-21,RM-021,644.04,kg,12,29.4,30
2025-07-28,RM-021,818.28,kg,24,263.2,31
2025-08-04,RM-021,968.31,kg,24,27.3,32
2025-08-11,RM-021,715.39,kg,11,19.8,33
2025-08-18,RM-021,560.51,kg,15,25.3,34
2025-08-25,RM-021,937.13,kg,23,30.5,35
2025-09-01,RM-021,823.62,kg,13,50.8,36
2025-09-08,RM-021,431.03,kg,8,7.7,37
2025-09-15,RM-021,404.29,kg,4,105.8,38
2025-09-22,RM-021,404.29,kg,2,404290643.7,39
2025-09-29,RM-021,221.96,kg,16,8.5,40
2025-10-06,RM-021,156.86,kg,10,5.6,41
2025-10-13,RM-021,356.75,kg,8,15.6,42
2025-10-20,RM-021,273.73,kg,1,23.1,43
2025-10-27,RM-021,0.0,kg,11,0.0,44
2025-11-03,RM-021,0.0,kg,4,0.0,45
2025-11-10,RM-021,0.0,kg,1,0.0,46
2025-11-17,RM-021,0.0,kg,8,0.0,47
2025-11-24,RM-021,0.0,kg,23,0.0,48
2025-12-01,RM-021,0.0,kg,6,0.0,49
2025-12-08,RM-021,83.82,kg,18,3.5,50
2025-12-15,RM-021,184.88,kg,7,4.5,51
2025-12-22,RM-021,89.82,kg,13,6.6,52
2025-12-29,RM-021,26.76,kg,25,3.0,1
2024-12-30,RM-022,1285.95,pcs,24,95.2,1
2025-01-06,RM-022,1305.94,pcs,17,30.3,2
2025-01-13,RM-022,1039.84,pcs,18,23.4,3
2025-01-20,RM-022,807.03,pcs,22,24.3,4
2025-01-27,RM-022,575.76,pcs,21,17.4,5
2025-02-03,RM-022,231.72,pcs,24,4.7,6
2025-02-10,RM-022,308.84,pcs,15,14.3,7
2025-02-17,RM-022,0.0,pcs,1,0.0,8
2025-02-24,RM-022,147.11,pcs,11,5.7,9
2025-03-03,RM-022,0.0,pcs,23,0.0,10
2025-03-10,RM-022,0.0,pcs,13,0.0,11
2025-03-17,RM-022,66.33,pcs,14,2.5,12
2025-03-24,RM-022,0.0,pcs,7,0.0,13
2025-03-31,RM-022,0.0,pcs,24,0.0,14
2025-04-07,RM-022,0.0,pcs,24,0.0,15
2025-04-14,RM-022,357.4,pcs,7,36.5,16
2025-04-21,RM-022,248.32,pcs,7,8.9,17
2025-04-28,RM-022,98.3,pcs,15,4.6,18
2025-05-05,RM-022,32.11,pcs,1,1.2,19
2025-05-12,RM-022,0.0,pcs,17,0.0,20
2025-05-19,RM-022,0.0,pcs,25,0.0,21
2025-05-26,RM-022,0.0,pcs,14,0.0,22
2025-06-02,RM-022,0.0,pcs,17,0.0,23
2025-06-09,RM-022,0.0,pcs,20,0.0,24
2025-06-16,RM-022,0.0,pcs,2,0.0,25
2025-06-23,RM-022,0.0,pcs,2,0.0,26
2025-06-30,RM-022,0.0,pcs,23,0.0,27
2025-07-07,RM-022,0.0,pcs,23,0.0,28
2025-07-14,RM-022,0.0,pcs,18,0.0,29
2025-07-21,RM-022,0.0,pcs,23,0.0,30
2025-07-28,RM-022,0.0,pcs,10,0.0,31
2025-08-04,RM-022,0.0,pcs,3,0.0,32
2025-08-11,RM-022,28.1,pcs,22,2.0,33
2025-08-18,RM-022,0.0,pcs,5,0.0,34
2025-08-25,RM-022,0.0,pcs,13,0.0,35
2025-09-01,RM-022,270.25,pcs,11,270247286.8,36
2025-09-08,RM-022,0.0,pcs,18,0.0,37
2025-09-15,RM-022,335.25,pcs,2,14.3,38
2025-09-22,RM-022,769.81,pcs,13,42.1,39
2025-09-29,RM-022,1257.39,pcs,22,748.1,40
2025-10-06,RM-022,1681.43,pcs,20,127.0,41
2025-10-13,RM-022,1537.6,pcs,2,74.8,42
2025-10-20,RM-022,1696.12,pcs,15,35.7,43
2025-10-27,RM-022,1565.47,pcs,22,83.9,44
2025-11-03,RM-022,1242.84,pcs,5,27.0,45
2025-11-10,RM-022,1126.81,pcs,8,40.1,46
2025-11-17,RM-022,865.81,pcs,16,23.2,47
2025-11-24,RM-022,787.8,pcs,16,70.7,48
2025-12-01,RM-022,832.24,pcs,9,47.9,49
2025-12-08,RM-022,739.02,pcs,9,21.1,50
2025-12-15,RM-022,829.68,pcs,24,109.9,51
2025-12-22,RM-022,714.85,pcs,2,43.6,52
2025-12-29,RM-022,455.25,pcs,22,12.3,1
2024-12-30,RM-023,2147.17,kg,25,48.9,1
2025-01-06,RM-023,2242.25,kg,21,80.2,2
2025-01-13,RM-023,2064.3,kg,3,81.2,3
2025-01-20,RM-023,2278.94,kg,3,63.0,4
2025-01-27,RM-023,2476.97,kg,24,95.3,5
2025-02-03,RM-023,2853.72,kg,20,390.6,6
2025-02-10,RM-023,2627.79,kg,24,81.4,7
2025-02-17,RM-023,3012.1,kg,9,277.1,8
2025-02-24,RM-023,2961.04,kg,16,406.0,9
2025-03-03,RM-023,2659.43,kg,14,61.7,10
2025-03-10,RM-023,2531.53,kg,14,72.0,11
2025-03-17,RM-023,2764.37,kg,11,79.7,12
2025-03-24,RM-023,2533.03,kg,19,76.6,13
2025-03-31,RM-023,2212.75,kg,1,31.4,14
2025-04-07,RM-023,2301.11,kg,1,2301105442.8,15
2025-04-14,RM-023,2921.94,kg,13,2921940121.4,16
2025-04-21,RM-023,3313.4,kg,18,116.3,17
2025-04-28,RM-023,3320.18,kg,5,147.6,18
2025-05-05,RM-023,3560.67,kg,18,3560668445.6,19
2025-05-12,RM-023,3259.36,kg,1,75.7,20
2025-05-19,RM-023,3146.69,kg,13,127.3,21
2025-05-26,RM-023,2868.32,kg,2,72.1,22
2025-06-02,RM-023,2788.18,kg,2,64.9,23
2025-06-09,RM-023,2710.39,kg,2,156.3,24
2025-06-16,RM-023,2665.67,kg,8,67.8,25
2025-06-23,RM-023,2742.91,kg,1,2742906001.6,26
2025-06-30,RM-023,2724.15,kg,5,71.3,27
2025-07-07,RM-023,2660.41,kg,21,292.1,28
2025-07-14,RM-023,2627.95,kg,21,89.1,29
2025-07-21,RM-023,2764.65,kg,1,157.5,30
2025-07-28,RM-023,2362.39,kg,19,41.1,31
2025-08-04,RM-023,1965.02,kg,7,34.2,32
2025-08-11,RM-023,1772.77,kg,19,64.5,33
2025-08-18,RM-023,1887.55,kg,6,513.4,34
2025-08-25,RM-023,2057.39,kg,24,2057393735.1,35
2025-09-01,RM-023,2454.41,kg,1,302.4,36
2025-09-08,RM-023,2363.57,kg,5,167.2,37
2025-09-15,RM-023,2437.37,kg,9,85.5,38
2025-09-22,RM-023,2660.49,kg,23,110.6,39
2025-09-29,RM-023,2570.94,kg,15,51.7,40
2025-10-06,RM-023,2339.06,kg,19,70.6,41
2025-10-13,RM-023,2545.36,kg,20,105.0,42
2025-10-20,RM-023,2914.32,kg,4,863.1,43
2025-10-27,RM-023,2680.36,kg,6,80.2,44
2025-11-03,RM-023,2595.5,kg,2,214.1,45
2025-11-10,RM-023,2226.59,kg,23,33.5,46
2025-11-17,RM-023,1987.01,kg,2,58.1,47
2025-11-24,RM-023,2288.58,kg,15,188.2,48
2025-12-01,RM-023,2264.96,kg,16,36.0,49
2025-12-08,RM-023,2078.88,kg,22,78.2,50
2025-12-15,RM-023,1978.88,kg,9,44.5,51
2025-12-22,RM-023,1720.2,kg,19,46.5,52
2025-12-29,RM-023,1509.67,kg,2,50.2,1
2024-12-30,RM-024,1473.25,L,24,25.5,1
2025-01-06,RM-024,1375.99,L,20,99.0,2
2025-01-13,RM-024,1176.28,L,10,25.5,3
2025-01-20,RM-024,920.73,L,8,25.2,4
2025-01-27,RM-024,715.03,L,4,24.3,5
2025-02-03,RM-024,313.62,L,21,5.5,6
2025-02-10,RM-024,73.8,L,23,2.2,7
2025-02-17,RM-024,59.21,L,13,28.4,8
2025-02-24,RM-024,0.0,L,12,0.0,9
2025-03-03,RM-024,0.0,L,10,0.0,10
2025-03-10,RM-024,0.0,L,10,0.0,11
2025-03-17,RM-024,0.0,L,13,0.0,12
2025-03-24,RM-024,0.0,L,6,0.0,13
2025-03-31,RM-024,0.0,L,20,0.0,14
2025-04-07,RM-024,0.0,L,12,0.0,15
2025-04-14,RM-024,0.0,L,16,0.0,16
2025-04-21,RM-024,0.0,L,2,0.0,17
2025-04-28,RM-024,0.0,L,14,0.0,18
2025-05-05,RM-024,0.0,L,8,0.0,19
2025-05-12,RM-024,0.0,L,14,0.0,20
2025-05-19,RM-024,0.0,L,14,0.0,21
2025-05-26,RM-024,0.0,L,10,0.0,22
2025-06-02,RM-024,0.0,L,1,0.0,23
2025-06-09,RM-024,91.41,L,10,2.1,24
2025-06-16,RM-024,178.96,L,21,6.5,25
2025-06-23,RM-024,0.0,L,14,0.0,26
2025-06-30,RM-024,0.0,L,13,0.0,27
2025-07-07,RM-024,186.39,L,7,3.9,28
2025-07-14,RM-024,198.04,L,3,7.6,29
2025-07-21,RM-024,164.36,L,12,9.7,30
2025-07-28,RM-024,1.94,L,12,0.0,31
2025-08-04,RM-024,0.0,L,22,0.0,32
2025-08-11,RM-024,265.57,L,15,7.2,33
2025-08-18,RM-024,363.57,L,24,17.0,34
2025-08-25,RM-024,63.86,L,3,1.5,35
2025-09-01,RM-024,587.41,L,4,587405561.8,36
2025-09-08,RM-024,515.7,L,2,8.8,37
2025-09-15,RM-024,856.19,L,15,68.5,38
2025-09-22,RM-024,679.12,L,12,26.8,39
2025-09-29,RM-024,794.82,L,9,25.6,40
2025-10-06,RM-024,1025.91,L,7,59.4,41
2025-10-13,RM-024,1001.51,L,11,287.2,42
2025-10-20,RM-024,1214.33,L,19,34.9,43
2025-10-27,RM-024,1290.5,L,23,65.3,44
2025-11-03,RM-024,1309.69,L,9,33.0,45
2025-11-10,RM-024,1177.62,L,12,62.4,46
2025-11-17,RM-024,1241.94,L,22,36.7,47
2025-11-24,RM-024,1191.85,L,23,166.6,48
2025-12-01,RM-024,1004.91,L,15,37.6,49
2025-12-08,RM-024,782.96,L,11,24.7,50
2025-12-15,RM-024,647.02,L,4,33.3,51
2025-12-22,RM-024,335.92,L,24,7.6,52
2025-12-29,RM-024,336.36,L,21,9.1,1
2024-12-30,RM-025,1912.0,pcs,21,86.4,1
2025-01-06,RM-025,1738.92,pcs,13,70.3,2
2025-01-13,RM-025,1595.9,pcs,24,62.9,3
2025-01-20,RM-025,1392.61,pcs,23,48.0,4
2025-01-27,RM-025,1823.63,pcs,7,53.6,5
2025-02-03,RM-025,1772.91,pcs,13,49.1,6
2025-02-10,RM-025,1769.81,pcs,18,3993.1,7
2025-02-17,RM-025,1921.67,pcs,11,183.7,8
2025-02-24,RM-025,1779.44,pcs,16,87.6,9
2025-03-03,RM-025,1847.59,pcs,22,75.4,10
2025-03-10,RM-025,1675.3,pcs,13,68.1,11
2025-03-17,RM-025,1525.97,pcs,1,71.5,12
2025-03-24,RM-025,1488.25,pcs,15,51.5,13
2025-03-31,RM-025,1703.6,pcs,6,243.6,14
2025-04-07,RM-025,1451.52,pcs,24,40.3,15
2025-04-14,RM-025,1385.81,pcs,16,147.6,16
2025-04-21,RM-025,1254.76,pcs,3,67.0,17
2025-04-28,RM-025,1072.3,pcs,8,41.1,18
2025-05-05,RM-025,892.73,pcs,21,34.8,19
2025-05-12,RM-025,1043.36,pcs,6,25.2,20
2025-05-19,RM-025,1298.13,pcs,20,40.1,21
2025-05-26,RM-025,1568.45,pcs,16,70.5,22
2025-06-02,RM-025,1786.41,pcs,7,98.9,23
2025-06-09,RM-025,1509.11,pcs,5,38.1,24
2025-06-16,RM-025,1302.38,pcs,20,44.1,25
2025-06-23,RM-025,1218.18,pcs,7,101.3,26
2025-06-30,RM-025,1218.18,pcs,5,1218176768.3,27
2025-07-07,RM-025,1210.39,pcs,13,31.8,28
2025-07-14,RM-025,1559.76,pcs,2,62.2,29
2025-07-21,RM-025,1884.36,pcs,18,152.6,30
2025-07-28,RM-025,1772.89,pcs,11,111.3,31
2025-08-04,RM-025,1731.28,pcs,6,67.8,32
2025-08-11,RM-025,1620.64,pcs,15,102.5,33
2025-08-18,RM-025,1865.15,pcs,19,52.3,34
2025-08-25,RM-025,1614.33,pcs,9,45.1,35
2025-09-01,RM-025,2059.99,pcs,16,60.9,36
2025-09-08,RM-025,1792.72,pcs,20,47.0,37
2025-09-15,RM-025,1704.76,pcs,6,135.7,38
2025-09-22,RM-025,2061.63,pcs,18,2061628893.4,39
2025-09-29,RM-025,2030.41,pcs,21,455.3,40
2025-10-06,RM-025,2296.08,pcs,5,201.3,41
2025-10-13,RM-025,2228.44,pcs,6,48.0,42
2025-10-20,RM-025,2451.21,pcs,4,310.5,43
2025-10-27,RM-025,2601.51,pcs,1,108.8,44
2025-11-03,RM-025,2720.24,pcs,20,341.9,45
2025-11-10,RM-025,2811.6,pcs,25,61.0,46
2025-11-17,RM-025,2471.91,pcs,17,50.9,47
2025-11-24,RM-025,2638.99,pcs,5,2638987673.0,48
2025-12-01,RM-025,2708.93,pcs,10,59.5,49
2025-12-08,RM-025,2705.69,pcs,3,76.1,50
2025-12-15,RM-025,2580.11,pcs,17,143.8,51
2025-12-22,RM-025,2608.97,pcs,20,89.6,52
2025-12-29,RM-025,2651.17,pcs,22,70.5,1
