ENERGY_IMPORTED_MWH_QUANTITY,ENERGY_IMPORTED_RENEWABLE_MWH_QUANTITY,ENERGY_INDIRECT_MWH_QUANTITY,ENERGY_ONSITE_GENERATED_NON_RENEWABLE_MWH_QUANTITY,ENERGY_ONSITE_GENERATED_RENEWABLE_SOLAR_MWH_QUANTITY,ENERGY_RENEWABLE_ELECTRICITY_HEAT_MWH_QUANTITY,ENERGY_RENEWABLE_INDIRECT_MWH_QUANTITY,ENERGY_SITE_MWH_QUANTITY,REPORTING_MONTH_NUMBER,REPORTING_QUARTER_NUMBER,REPORTING_SCOPE_NAME,REPORTING_YEAR_NUMBER,SHE_SITE_NAME,SRC_SYS_NM
1811.64,720.96,1811.64,130.13,85.62,806.58,720.96,2027.39,1,1,Scope 1 & 2,2022,"Macclesfield, UK",ENABLON
1954.12,725.67,1954.12,101.44,182.98,908.65,725.67,2238.54,2,1,Scope 1 & 2,2022,"Macclesfield, UK",ENABLON
1614.31,610.7,1614.31,41.34,258.75,869.45,610.7,1914.4,3,1,Scope 1 & 2,2022,"Macclesfield, UK",ENABLON
1601.95,631.75,1601.95,67.81,371.01,1002.76,631.75,2040.77,4,2,Scope 1 & 2,2022,"Macclesfield, UK",ENABLON
1502.07,599.09,1502.07,140.38,411.45,1010.54,599.09,2053.9,5,2,Scope 1 & 2,2022,"Macclesfield, UK",ENABLON
1229.83,472.22,1229.83,141.45,455.46,927.68,472.22,1826.74,6,2,Scope 1 & 2,2022,"Macclesfield, UK",ENABLON
1286.86,508.26,1286.86,125.88,363.92,872.18,508.26,1776.66,7,3,Scope 1 & 2,2022,"Macclesfield, UK",ENABLON
1595.47,654.38,1595.47,109.73,397.88,1052.26,654.38,2103.08,8,3,Scope 1 & 2,2022,"Macclesfield, UK",ENABLON
1570.9,621.4,1570.9,138.08,270.29,891.69,621.4,1979.27,9,3,Scope 1 & 2,2022,"Macclesfield, UK",ENABLON
1883.5,700.69,1883.5,138.62,203.77,904.46,700.69,2225.89,10,4,Scope 1 & 2,2022,"Macclesfield, UK",ENABLON
1871.51,710.62,1871.51,49.76,86.1,796.72,710.62,2007.37,11,4,Scope 1 & 2,2022,"Macclesfield, UK",ENABLON
1880.81,724.36,1880.81,116.1,0.0,724.36,724.36,1996.91,12,4,Scope 1 & 2,2022,"Macclesfield, UK",ENABLON
1906.27,873.71,1906.27,74.48,87.04,960.75,873.71,2067.79,1,1,Scope 1 & 2,2023,"Macclesfield, UK",ENABLON
1875.48,841.64,1875.48,64.69,197.01,1038.65,841.64,2137.18,2,1,Scope 1 & 2,2023,"Macclesfield, UK",ENABLON
1493.24,663.97,1493.24,150.17,248.58,912.55,663.97,1891.99,3,1,Scope 1 & 2,2023,"Macclesfield, UK",ENABLON
1487.01,670.53,1487.01,141.42,375.51,1046.04,670.53,2003.94,4,2,Scope 1 & 2,2023,"Macclesfield, UK",ENABLON
1389.37,593.93,1389.37,71.21,368.81,962.74,593.93,1829.39,5,2,Scope 1 & 2,2023,"Macclesfield, UK",ENABLON
1121.61,481.89,1121.61,129.05,527.29,1009.18,481.89,1777.95,6,2,Scope 1 & 2,2023,"Macclesfield, UK",ENABLON
1406.69,613.73,1406.69,149.32,438.32,1052.05,613.73,1994.33,7,3,Scope 1 & 2,2023,"Macclesfield, UK",ENABLON
1466.1,626.39,1466.1,101.36,320.74,947.13,626.39,1888.2,8,3,Scope 1 & 2,2023,"Macclesfield, UK",ENABLON
1669.07,709.76,1669.07,90.69,303.11,1012.87,709.76,2062.87,9,3,Scope 1 & 2,2023,"Macclesfield, UK",ENABLON
2018.35,842.26,2018.35,58.09,205.84,1048.1,842.26,2282.28,10,4,Scope 1 & 2,2023,"Macclesfield, UK",ENABLON
1734.44,753.79,1734.44,132.16,90.57,844.36,753.79,1957.17,11,4,Scope 1 & 2,2023,"Macclesfield, UK",ENABLON
1822.65,801.12,1822.65,157.99,0.0,801.12,801.12,1980.64,12,4,Scope 1 & 2,2023,"Macclesfield, UK",ENABLON
2161.94,1074.43,2161.94,48.06,112.91,1187.34,1074.43,2322.91,1,1,Scope 1 & 2,2024,"Macclesfield, UK",ENABLON
1878.51,925.92,1878.51,77.46,195.19,1121.11,925.92,2151.16,2,1,Scope 1 & 2,2024,"Macclesfield, UK",ENABLON
1533.69,780.49,1533.69,88.35,248.92,1029.41,780.49,1870.96,3,1,Scope 1 & 2,2024,"Macclesfield, UK",ENABLON
1660.43,779.18,1660.43,106.59,363.3,1142.48,779.18,2130.32,4,2,Scope 1 & 2,2024,"Macclesfield, UK",ENABLON
1504.55,741.44,1504.55,79.37,509.9,1251.34,741.44,2093.82,5,2,Scope 1 & 2,2024,"Macclesfield, UK",ENABLON
1320.93,644.22,1320.93,126.78,480.44,1124.66,644.22,1928.15,6,2,Scope 1 & 2,2024,"Macclesfield, UK",ENABLON
1538.53,733.42,1538.53,40.91,462.55,1195.97,733.42,2041.99,7,3,Scope 1 & 2,2024,"Macclesfield, UK",ENABLON
1307.61,657.27,1307.61,130.24,353.11,1010.38,657.27,1790.96,8,3,Scope 1 & 2,2024,"Macclesfield, UK",ENABLON
1571.26,799.05,1571.26,141.76,237.44,1036.49,799.05,1950.46,9,3,Scope 1 & 2,2024,"Macclesfield, UK",ENABLON
1686.93,841.8,1686.93,45.98,170.8,1012.6,841.8,1903.71,10,4,Scope 1 & 2,2024,"Macclesfield, UK",ENABLON
2035.0,993.57,2035.0,108.47,92.3,1085.87,993.57,2235.77,11,4,Scope 1 & 2,2024,"Macclesfield, UK",ENABLON
1974.24,929.78,1974.24,93.87,0.0,929.78,929.78,2068.11,12,4,Scope 1 & 2,2024,"Macclesfield, UK",ENABLON
1969.78,1029.46,1969.78,68.61,101.2,1130.66,1029.46,2139.59,1,1,Scope 1 & 2,2025,"Macclesfield, UK",ENABLON
1963.55,1048.89,1963.55,105.59,212.15,1261.04,1048.89,2281.29,2,1,Scope 1 & 2,2025,"Macclesfield, UK",ENABLON
1561.65,840.4,1561.65,75.53,237.61,1078.01,840.4,1874.79,3,1,Scope 1 & 2,2025,"Macclesfield, UK",ENABLON
1512.54,817.6,1512.54,45.47,316.42,1134.02,817.6,1874.43,4,2,Scope 1 & 2,2025,"Macclesfield, UK",ENABLON
1249.72,636.24,1249.72,130.94,448.68,1084.92,636.24,1829.34,5,2,Scope 1 & 2,2025,"Macclesfield, UK",ENABLON
1228.47,629.66,1228.47,58.75,500.93,1130.59,629.66,1788.15,6,2,Scope 1 & 2,2025,"Macclesfield, UK",ENABLON
1520.42,834.96,1520.42,101.69,480.57,1315.53,834.96,2102.68,7,3,Scope 1 & 2,2025,"Macclesfield, UK",ENABLON
1696.39,897.94,1696.39,54.3,352.54,1250.48,897.94,2103.23,8,3,Scope 1 & 2,2025,"Macclesfield, UK",ENABLON
1602.53,870.05,1602.53,127.33,267.69,1137.74,870.05,1997.55,9,3,Scope 1 & 2,2025,"Macclesfield, UK",ENABLON
1989.58,1042.88,1989.58,100.53,186.62,1229.5,1042.88,2276.73,10,4,Scope 1 & 2,2025,"Macclesfield, UK",ENABLON
2108.23,1118.01,2108.23,71.51,96.72,1214.73,1118.01,2276.46,11,4,Scope 1 & 2,2025,"Macclesfield, UK",ENABLON
2061.43,1148.11,2061.43,74.74,0.0,1148.11,1148.11,2136.17,12,4,Scope 1 & 2,2025,"Macclesfield, UK",ENABLON
1552.45,1202.67,1552.45,141.13,71.5,1274.17,1202.67,1765.08,1,1,Scope 1 & 2,2022,"Gothenburg, Sweden",ENABLON
1552.24,1120.63,1552.24,132.55,184.14,1304.77,1120.63,1868.93,2,1,Scope 1 & 2,2022,"Gothenburg, Sweden",ENABLON
1381.18,985.42,1381.18,73.37,210.48,1195.9,985.42,1665.03,3,1,Scope 1 & 2,2022,"Gothenburg, Sweden",ENABLON
1216.99,937.81,1216.99,57.15,317.37,1255.18,937.81,1591.51,4,2,Scope 1 & 2,2022,"Gothenburg, Sweden",ENABLON
1106.7,871.25,1106.7,122.19,348.94,1220.19,871.25,1577.83,5,2,Scope 1 & 2,2022,"Gothenburg, Sweden",ENABLON
1079.99,790.79,1079.99,46.0,444.66,1235.45,790.79,1570.65,6,2,Scope 1 & 2,2022,"Gothenburg, Sweden",ENABLON
1251.22,960.63,1251.22,91.48,398.71,1359.34,960.63,1741.41,7,3,Scope 1 & 2,2022,"Gothenburg, Sweden",ENABLON
1139.38,884.17,1139.38,74.58,272.58,1156.75,884.17,1486.54,8,3,Scope 1 & 2,2022,"Gothenburg, Sweden",ENABLON
1285.36,929.93,1285.36,38.58,231.48,1161.41,929.93,1555.42,9,3,Scope 1 & 2,2022,"Gothenburg, Sweden",ENABLON
1518.94,1091.04,1518.94,59.39,162.8,1253.84,1091.04,1741.13,10,4,Scope 1 & 2,2022,"Gothenburg, Sweden",ENABLON
1699.02,1287.23,1699.02,104.88,79.99,1367.22,1287.23,1883.89,11,4,Scope 1 & 2,2022,"Gothenburg, Sweden",ENABLON
1667.18,1304.51,1667.18,90.28,0.0,1304.51,1304.51,1757.46,12,4,Scope 1 & 2,2022,"Gothenburg, Sweden",ENABLON
1510.16,1188.49,1510.16,56.43,77.54,1266.03,1188.49,1644.13,1,1,Scope 1 & 2,2023,"Gothenburg, Sweden",ENABLON
1546.47,1263.19,1546.47,68.87,151.99,1415.18,1263.19,1767.33,2,1,Scope 1 & 2,2023,"Gothenburg, Sweden",ENABLON
1200.81,1005.41,1200.81,122.02,204.24,1209.65,1005.41,1527.07,3,1,Scope 1 & 2,2023,"Gothenburg, Sweden",ENABLON
1186.81,987.45,1186.81,53.57,251.41,1238.86,987.45,1491.79,4,2,Scope 1 & 2,2023,"Gothenburg, Sweden",ENABLON
1223.16,938.24,1223.16,72.26,418.01,1356.25,938.24,1713.43,5,2,Scope 1 & 2,2023,"Gothenburg, Sweden",ENABLON
1095.42,916.36,1095.42,93.95,467.63,1383.99,916.36,1657.0,6,2,Scope 1 & 2,2023,"Gothenburg, Sweden",ENABLON
1199.02,933.94,1199.02,113.29,328.88,1262.82,933.94,1641.19,7,3,Scope 1 & 2,2023,"Gothenburg, Sweden",ENABLON
1304.29,995.84,1304.29,47.26,332.74,1328.58,995.84,1684.29,8,3,Scope 1 & 2,2023,"Gothenburg, Sweden",ENABLON
1272.51,1023.74,1272.51,55.91,210.17,1233.91,1023.74,1538.59,9,3,Scope 1 & 2,2023,"Gothenburg, Sweden",ENABLON
1529.61,1186.91,1529.61,103.51,149.9,1336.81,1186.91,1783.02,10,4,Scope 1 & 2,2023,"Gothenburg, Sweden",ENABLON
1534.58,1168.7,1534.58,123.38,85.52,1254.22,1168.7,1743.48,11,4,Scope 1 & 2,2023,"Gothenburg, Sweden",ENABLON
1723.47,1410.55,1723.47,35.55,0.0,1410.55,1410.55,1759.02,12,4,Scope 1 & 2,2023,"Gothenburg, Sweden",ENABLON
1603.13,1359.16,1603.13,115.76,76.52,1435.68,1359.16,1795.41,1,1,Scope 1 & 2,2024,"Gothenburg, Sweden",ENABLON
1507.62,1322.53,1507.62,41.28,135.04,1457.57,1322.53,1683.94,2,1,Scope 1 & 2,2024,"Gothenburg, Sweden",ENABLON
1432.14,1218.11,1432.14,126.47,246.11,1464.22,1218.11,1804.72,3,1,Scope 1 & 2,2024,"Gothenburg, Sweden",ENABLON
1207.51,1060.97,1207.51,58.37,250.32,1311.29,1060.97,1516.2,4,2,Scope 1 & 2,2024,"Gothenburg, Sweden",ENABLON
1151.89,941.66,1151.89,124.69,409.87,1351.53,941.66,1686.45,5,2,Scope 1 & 2,2024,"Gothenburg, Sweden",ENABLON
1013.72,889.36,1013.72,98.57,363.22,1252.58,889.36,1475.51,6,2,Scope 1 & 2,2024,"Gothenburg, Sweden",ENABLON
1155.66,1018.58,1155.66,45.73,360.95,1379.53,1018.58,1562.34,7,3,Scope 1 & 2,2024,"Gothenburg, Sweden",ENABLON
1281.47,1123.95,1281.47,120.13,348.32,1472.27,1123.95,1749.92,8,3,Scope 1 & 2,2024,"Gothenburg, Sweden",ENABLON
1236.05,1089.54,1236.05,60.34,214.73,1304.27,1089.54,1511.12,9,3,Scope 1 & 2,2024,"Gothenburg, Sweden",ENABLON
1511.29,1243.08,1511.29,124.38,176.27,1419.35,1243.08,1811.94,10,4,Scope 1 & 2,2024,"Gothenburg, Sweden",ENABLON
1638.35,1433.65,1638.35,133.66,75.91,1509.56,1433.65,1847.92,11,4,Scope 1 & 2,2024,"Gothenburg, Sweden",ENABLON
1606.82,1327.13,1606.82,80.34,0.0,1327.13,1327.13,1687.16,12,4,Scope 1 & 2,2024,"Gothenburg, Sweden",ENABLON
1732.83,1493.62,1732.83,39.64,78.24,1571.86,1493.62,1850.71,1,1,Scope 1 & 2,2025,"Gothenburg, Sweden",ENABLON
1360.73,1183.86,1360.73,128.72,160.52,1344.38,1183.86,1649.97,2,1,Scope 1 & 2,2025,"Gothenburg, Sweden",ENABLON
1355.01,1211.54,1355.01,135.42,226.64,1438.18,1211.54,1717.07,3,1,Scope 1 & 2,2025,"Gothenburg, Sweden",ENABLON
1343.41,1156.12,1343.41,138.79,292.07,1448.19,1156.12,1774.27,4,2,Scope 1 & 2,2025,"Gothenburg, Sweden",ENABLON
1322.36,1169.75,1322.36,46.1,370.98,1540.73,1169.75,1739.44,5,2,Scope 1 & 2,2025,"Gothenburg, Sweden",ENABLON
1112.34,991.98,1112.34,91.57,420.41,1412.39,991.98,1624.32,6,2,Scope 1 & 2,2025,"Gothenburg, Sweden",ENABLON
1144.74,1042.06,1144.74,54.89,355.97,1398.03,1042.06,1555.6,7,3,Scope 1 & 2,2025,"Gothenburg, Sweden",ENABLON
1102.31,1004.54,1102.31,76.81,289.32,1293.86,1004.54,1468.44,8,3,Scope 1 & 2,2025,"Gothenburg, Sweden",ENABLON
1432.06,1217.83,1432.06,73.27,245.29,1463.12,1217.83,1750.62,9,3,Scope 1 & 2,2025,"Gothenburg, Sweden",ENABLON
1543.4,1425.11,1543.4,68.54,152.84,1577.95,1425.11,1764.78,10,4,Scope 1 & 2,2025,"Gothenburg, Sweden",ENABLON
1675.5,1478.02,1675.5,70.34,78.45,1556.47,1478.02,1824.29,11,4,Scope 1 & 2,2025,"Gothenburg, Sweden",ENABLON
1703.04,1504.24,1703.04,48.41,0.0,1504.24,1504.24,1751.45,12,4,Scope 1 & 2,2025,"Gothenburg, Sweden",ENABLON
2670.29,1796.92,2670.29,110.97,134.58,1931.5,1796.92,2915.84,1,1,Scope 1 & 2,2022,"Gaithersburg, USA",ENABLON
2062.48,1392.57,2062.48,108.75,203.62,1596.19,1392.57,2374.85,2,1,Scope 1 & 2,2022,"Gaithersburg, USA",ENABLON
2178.53,1414.68,2178.53,123.69,356.08,1770.76,1414.68,2658.3,3,1,Scope 1 & 2,2022,"Gaithersburg, USA",ENABLON
1844.18,1191.84,1844.18,169.75,491.11,1682.95,1191.84,2505.04,4,2,Scope 1 & 2,2022,"Gaithersburg, USA",ENABLON
1614.73,1062.39,1614.73,130.7,508.99,1571.38,1062.39,2254.42,5,2,Scope 1 & 2,2022,"Gaithersburg, USA",ENABLON
1670.04,1085.77,1670.04,154.02,727.31,1813.08,1085.77,2551.37,6,2,Scope 1 & 2,2022,"Gaithersburg, USA",ENABLON
1765.53,1179.02,1765.53,80.16,464.95,1643.97,1179.02,2310.64,7,3,Scope 1 & 2,2022,"Gaithersburg, USA",ENABLON
2134.81,1448.89,2134.81,120.9,439.01,1887.9,1448.89,2694.72,8,3,Scope 1 & 2,2022,"Gaithersburg, USA",ENABLON
1959.61,1276.7,1959.61,120.23,341.09,1617.79,1276.7,2420.93,9,3,Scope 1 & 2,2022,"Gaithersburg, USA",ENABLON
2325.85,1601.55,2325.85,177.01,217.97,1819.52,1601.55,2720.83,10,4,Scope 1 & 2,2022,"Gaithersburg, USA",ENABLON
2300.15,1614.32,2300.15,75.96,110.01,1724.33,1614.32,2486.12,11,4,Scope 1 & 2,2022,"Gaithersburg, USA",ENABLON
2671.56,1854.34,2671.56,96.76,0.0,1854.34,1854.34,2768.32,12,4,Scope 1 & 2,2022,"Gaithersburg, USA",ENABLON
2385.87,1798.66,2385.87,160.64,128.44,1927.1,1798.66,2674.95,1,1,Scope 1 & 2,2023,"Gaithersburg, USA",ENABLON
2225.06,1614.41,2225.06,197.59,266.2,1880.61,1614.41,2688.85,2,1,Scope 1 & 2,2023,"Gaithersburg, USA",ENABLON
2139.88,1542.14,2139.88,187.96,363.75,1905.89,1542.14,2691.59,3,1,Scope 1 & 2,2023,"Gaithersburg, USA",ENABLON
2070.98,1447.36,2070.98,131.8,515.85,1963.21,1447.36,2718.63,4,2,Scope 1 & 2,2023,"Gaithersburg, USA",ENABLON
1639.08,1177.94,1639.08,153.94,541.28,1719.22,1177.94,2334.3,5,2,Scope 1 & 2,2023,"Gaithersburg, USA",ENABLON
1768.02,1239.17,1768.02,60.62,630.78,1869.95,1239.17,2459.42,6,2,Scope 1 & 2,2023,"Gaithersburg, USA",ENABLON
1716.59,1184.03,1716.59,122.97,506.77,1690.8,1184.03,2346.33,7,3,Scope 1 & 2,2023,"Gaithersburg, USA",ENABLON
1787.04,1222.62,1787.04,148.68,447.46,1670.08,1222.62,2383.18,8,3,Scope 1 & 2,2023,"Gaithersburg, USA",ENABLON
2072.21,1440.03,2072.21,113.75,344.9,1784.93,1440.03,2530.86,9,3,Scope 1 & 2,2023,"Gaithersburg, USA",ENABLON
2198.74,1609.06,2198.74,142.91,254.69,1863.75,1609.06,2596.34,10,4,Scope 1 & 2,2023,"Gaithersburg, USA",ENABLON
2629.4,1787.36,2629.4,123.8,137.77,1925.13,1787.36,2890.97,11,4,Scope 1 & 2,2023,"Gaithersburg, USA",ENABLON
2486.04,1867.71,2486.04,190.59,0.0,1867.71,1867.71,2676.63,12,4,Scope 1 & 2,2023,"Gaithersburg, USA",ENABLON
2388.62,1846.08,2388.62,140.09,126.03,1972.11,1846.08,2654.74,1,1,Scope 1 & 2,2024,"Gaithersburg, USA",ENABLON
2165.84,1573.81,2165.84,114.96,210.21,1784.02,1573.81,2491.01,2,1,Scope 1 & 2,2024,"Gaithersburg, USA",ENABLON
2033.54,1499.93,2033.54,110.38,350.09,1850.02,1499.93,2494.01,3,1,Scope 1 & 2,2024,"Gaithersburg, USA",ENABLON
1945.55,1413.41,1945.55,143.46,413.11,1826.52,1413.41,2502.12,4,2,Scope 1 & 2,2024,"Gaithersburg, USA",ENABLON
1805.23,1400.93,1805.23,52.04,549.2,1950.13,1400.93,2406.47,5,2,Scope 1 & 2,2024,"Gaithersburg, USA",ENABLON
1577.33,1190.61,1577.33,51.19,595.33,1785.94,1190.61,2223.85,6,2,Scope 1 & 2,2024,"Gaithersburg, USA",ENABLON
1663.43,1255.6,1663.43,152.15,501.22,1756.82,1255.6,2316.8,7,3,Scope 1 & 2,2024,"Gaithersburg, USA",ENABLON
2041.23,1491.95,2041.23,92.95,511.31,2003.26,1491.95,2645.49,8,3,Scope 1 & 2,2024,"Gaithersburg, USA",ENABLON
1826.82,1374.64,1826.82,186.44,317.4,1692.04,1374.64,2330.66,9,3,Scope 1 & 2,2024,"Gaithersburg, USA",ENABLON
2297.2,1803.33,2297.2,160.63,259.88,2063.21,1803.33,2717.71,10,4,Scope 1 & 2,2024,"Gaithersburg, USA",ENABLON
2755.17,2029.4,2755.17,62.42,123.51,2152.91,2029.4,2941.1,11,4,Scope 1 & 2,2024,"Gaithersburg, USA",ENABLON
2414.79,1791.43,2414.79,137.41,0.0,1791.43,1791.43,2552.2,12,4,Scope 1 & 2,2024,"Gaithersburg, USA",ENABLON
2587.96,2125.29,2587.96,84.37,133.76,2259.05,2125.29,2806.09,1,1,Scope 1 & 2,2025,"Gaithersburg, USA",ENABLON
2349.9,2001.59,2349.9,191.52,227.89,2229.48,2001.59,2769.31,2,1,Scope 1 & 2,2025,"Gaithersburg, USA",ENABLON
1997.4,1652.28,1997.4,92.01,287.0,1939.28,1652.28,2376.41,3,1,Scope 1 & 2,2025,"Gaithersburg, USA",ENABLON
2092.88,1623.68,2092.88,172.94,483.52,2107.2,1623.68,2749.34,4,2,Scope 1 & 2,2025,"Gaithersburg, USA",ENABLON
1895.15,1583.1,1895.15,66.65,590.51,2173.61,1583.1,2552.31,5,2,Scope 1 & 2,2025,"Gaithersburg, USA",ENABLON
1788.22,1526.09,1788.22,69.98,708.46,2234.55,1526.09,2566.66,6,2,Scope 1 & 2,2025,"Gaithersburg, USA",ENABLON
1914.23,1533.28,1914.23,118.72,564.61,2097.89,1533.28,2597.56,7,3,Scope 1 & 2,2025,"Gaithersburg, USA",ENABLON
1904.71,1599.21,1904.71,178.97,437.87,2037.08,1599.21,2521.55,8,3,Scope 1 & 2,2025,"Gaithersburg, USA",ENABLON
1883.54,1582.46,1883.54,138.08,353.47,1935.93,1582.46,2375.09,9,3,Scope 1 & 2,2025,"Gaithersburg, USA",ENABLON
2328.18,1983.24,2328.18,175.94,243.76,2227.0,1983.24,2747.88,10,4,Scope 1 & 2,2025,"Gaithersburg, USA",ENABLON
2315.97,1877.42,2315.97,134.61,123.78,2001.2,1877.42,2574.36,11,4,Scope 1 & 2,2025,"Gaithersburg, USA",ENABLON
2624.56,2210.19,2624.56,98.31,0.0,2210.19,2210.19,2722.87,12,4,Scope 1 & 2,2025,"Gaithersburg, USA",ENABLON
2436.79,1028.06,2436.79,128.26,113.68,1141.74,1028.06,2678.73,1,1,Scope 1 & 2,2022,"Cambridge, UK",ENABLON
2014.51,812.01,2014.51,168.73,191.33,1003.34,812.01,2374.57,2,1,Scope 1 & 2,2022,"Cambridge, UK",ENABLON
1828.06,792.91,1828.06,90.59,322.59,1115.5,792.91,2241.24,3,1,Scope 1 & 2,2022,"Cambridge, UK",ENABLON
1953.21,853.0,1953.21,49.8,413.31,1266.31,853.0,2416.32,4,2,Scope 1 & 2,2022,"Cambridge, UK",ENABLON
1486.26,636.69,1486.26,102.56,490.8,1127.49,636.69,2079.62,5,2,Scope 1 & 2,2022,"Cambridge, UK",ENABLON
1542.84,663.28,1542.84,113.56,640.18,1303.46,663.28,2296.58,6,2,Scope 1 & 2,2022,"Cambridge, UK",ENABLON
1515.19,619.02,1515.19,128.12,439.68,1058.7,619.02,2082.99,7,3,Scope 1 & 2,2022,"Cambridge, UK",ENABLON
1815.91,751.38,1815.91,122.42,422.41,1173.79,751.38,2360.74,8,3,Scope 1 & 2,2022,"Cambridge, UK",ENABLON
2015.83,820.43,2015.83,155.13,324.18,1144.61,820.43,2495.14,9,3,Scope 1 & 2,2022,"Cambridge, UK",ENABLON
2048.93,820.28,2048.93,72.97,190.58,1010.86,820.28,2312.48,10,4,Scope 1 & 2,2022,"Cambridge, UK",ENABLON
2309.27,934.33,2309.27,77.98,119.37,1053.7,934.33,2506.62,11,4,Scope 1 & 2,2022,"Cambridge, UK",ENABLON
2336.72,977.05,2336.72,199.32,0.0,977.05,977.05,2536.04,12,4,Scope 1 & 2,2022,"Cambridge, UK",ENABLON
2207.8,996.21,2207.8,75.34,97.62,1093.83,996.21,2380.76,1,1,Scope 1 & 2,2023,"Cambridge, UK",ENABLON
1976.07,896.17,1976.07,118.54,182.84,1079.01,896.17,2277.45,2,1,Scope 1 & 2,2023,"Cambridge, UK",ENABLON
2087.05,931.4,2087.05,161.03,355.67,1287.07,931.4,2603.75,3,1,Scope 1 & 2,2023,"Cambridge, UK",ENABLON
1865.53,873.39,1865.53,180.48,448.02,1321.41,873.39,2494.03,4,2,Scope 1 & 2,2023,"Cambridge, UK",ENABLON
1683.3,745.05,1683.3,70.0,500.37,1245.42,745.05,2253.67,5,2,Scope 1 & 2,2023,"Cambridge, UK",ENABLON
1593.71,732.62,1593.71,166.9,646.78,1379.4,732.62,2407.39,6,2,Scope 1 & 2,2023,"Cambridge, UK",ENABLON
1546.07,691.7,1546.07,48.16,480.16,1171.86,691.7,2074.39,7,3,Scope 1 & 2,2023,"Cambridge, UK",ENABLON
1759.83,784.69,1759.83,187.31,404.91,1189.6,784.69,2352.05,8,3,Scope 1 & 2,2023,"Cambridge, UK",ENABLON
1989.04,897.32,1989.04,168.88,346.02,1243.34,897.32,2503.94,9,3,Scope 1 & 2,2023,"Cambridge, UK",ENABLON
2113.05,1018.83,2113.05,113.82,217.58,1236.41,1018.83,2444.45,10,4,Scope 1 & 2,2023,"Cambridge, UK",ENABLON
2458.56,1155.3,2458.56,156.48,117.65,1272.95,1155.3,2732.69,11,4,Scope 1 & 2,2023,"Cambridge, UK",ENABLON
2579.67,1161.93,2579.67,86.57,0.0,1161.93,1161.93,2666.24,12,4,Scope 1 & 2,2023,"Cambridge, UK",ENABLON
2383.69,1165.97,2383.69,78.16,106.78,1272.75,1165.97,2568.63,1,1,Scope 1 & 2,2024,"Cambridge, UK",ENABLON
1874.45,938.72,1874.45,121.91,195.06,1133.78,938.72,2191.42,2,1,Scope 1 & 2,2024,"Cambridge, UK",ENABLON
1792.73,913.52,1792.73,139.93,317.78,1231.3,913.52,2250.44,3,1,Scope 1 & 2,2024,"Cambridge, UK",ENABLON
1773.15,919.89,1773.15,162.11,474.65,1394.54,919.89,2409.91,4,2,Scope 1 & 2,2024,"Cambridge, UK",ENABLON
1656.73,852.31,1656.73,106.52,577.4,1429.71,852.31,2340.65,5,2,Scope 1 & 2,2024,"Cambridge, UK",ENABLON
1448.3,708.14,1448.3,158.51,670.75,1378.89,708.14,2277.56,6,2,Scope 1 & 2,2024,"Cambridge, UK",ENABLON
1522.88,785.47,1522.88,137.41,455.75,1241.22,785.47,2116.04,7,3,Scope 1 & 2,2024,"Cambridge, UK",ENABLON
1721.22,899.88,1721.22,136.42,367.01,1266.89,899.88,2224.65,8,3,Scope 1 & 2,2024,"Cambridge, UK",ENABLON
2110.73,1033.06,2110.73,128.47,349.51,1382.57,1033.06,2588.71,9,3,Scope 1 & 2,2024,"Cambridge, UK",ENABLON
1926.75,960.66,1926.75,86.92,195.85,1156.51,960.66,2209.52,10,4,Scope 1 & 2,2024,"Cambridge, UK",ENABLON
2011.62,1038.2,2011.62,160.33,113.4,1151.6,1038.2,2285.35,11,4,Scope 1 & 2,2024,"Cambridge, UK",ENABLON
2606.11,1302.08,2606.11,167.34,0.0,1302.08,1302.08,2773.45,12,4,Scope 1 & 2,2024,"Cambridge, UK",ENABLON
2043.43,1161.63,2043.43,109.0,107.49,1269.12,1161.63,2259.92,1,1,Scope 1 & 2,2025,"Cambridge, UK",ENABLON
2270.23,1288.33,2270.23,145.29,220.45,1508.78,1288.33,2635.97,2,1,Scope 1 & 2,2025,"Cambridge, UK",ENABLON
1985.77,1091.64,1985.77,97.05,291.41,1383.05,1091.64,2374.23,3,1,Scope 1 & 2,2025,"Cambridge, UK",ENABLON
1839.61,1050.34,1839.61,95.57,466.71,1517.05,1050.34,2401.89,4,2,Scope 1 & 2,2025,"Cambridge, UK",ENABLON
1485.15,835.4,1485.15,149.43,536.92,1372.32,835.4,2171.5,5,2,Scope 1 & 2,2025,"Cambridge, UK",ENABLON
1538.38,903.4,1538.38,86.37,567.51,1470.91,903.4,2192.26,6,2,Scope 1 & 2,2025,"Cambridge, UK",ENABLON
1545.71,879.25,1545.71,176.34,502.04,1381.29,879.25,2224.09,7,3,Scope 1 & 2,2025,"Cambridge, UK",ENABLON
1855.87,1023.34,1855.87,73.22,413.55,1436.89,1023.34,2342.64,8,3,Scope 1 & 2,2025,"Cambridge, UK",ENABLON
1989.2,1078.32,1989.2,164.01,346.92,1425.24,1078.32,2500.13,9,3,Scope 1 & 2,2025,"Cambridge, UK",ENABLON
2101.48,1200.42,2101.48,113.75,242.19,1442.61,1200.42,2457.42,10,4,Scope 1 & 2,2025,"Cambridge, UK",ENABLON
2055.9,1118.81,2055.9,130.04,114.4,1233.21,1118.81,2300.34,11,4,Scope 1 & 2,2025,"Cambridge, UK",ENABLON
2244.32,1202.03,2244.32,125.94,0.0,1202.03,1202.03,2370.26,12,4,Scope 1 & 2,2025,"Cambridge, UK",ENABLON
2467.68,1900.47,2467.68,194.13,114.31,2014.78,1900.47,2776.12,1,1,Scope 1 & 2,2022,"Shanghai, China",ENABLON
2492.76,1987.77,2492.76,103.9,257.37,2245.14,1987.77,2854.03,2,1,Scope 1 & 2,2022,"Shanghai, China",ENABLON
2401.56,1827.2,2401.56,155.52,373.04,2200.24,1827.2,2930.12,3,1,Scope 1 & 2,2022,"Shanghai, China",ENABLON
2114.87,1691.46,2114.87,206.02,510.6,2202.06,1691.46,2831.49,4,2,Scope 1 & 2,2022,"Shanghai, China",ENABLON
1742.45,1403.52,1742.45,109.32,583.17,1986.69,1403.52,2434.94,5,2,Scope 1 & 2,2022,"Shanghai, China",ENABLON
1678.22,1265.28,1678.22,92.08,720.39,1985.67,1265.28,2490.69,6,2,Scope 1 & 2,2022,"Shanghai, China",ENABLON
1817.09,1347.89,1817.09,128.05,648.19,1996.08,1347.89,2593.33,7,3,Scope 1 & 2,2022,"Shanghai, China",ENABLON
2034.23,1574.08,2034.23,139.76,457.34,2031.42,1574.08,2631.33,8,3,Scope 1 & 2,2022,"Shanghai, China",ENABLON
2222.98,1747.91,2222.98,82.98,343.51,2091.42,1747.91,2649.47,9,3,Scope 1 & 2,2022,"Shanghai, China",ENABLON
2355.24,1727.04,2355.24,184.61,234.95,1961.99,1727.04,2774.8,10,4,Scope 1 & 2,2022,"Shanghai, China",ENABLON
2594.97,1974.88,2594.97,201.56,138.08,2112.96,1974.88,2934.61,11,4,Scope 1 & 2,2022,"Shanghai, China",ENABLON
2720.61,2094.59,2720.61,232.88,0.0,2094.59,2094.59,2953.49,12,4,Scope 1 & 2,2022,"Shanghai, China",ENABLON
2283.67,1940.21,2283.67,140.67,114.3,2054.51,1940.21,2538.64,1,1,Scope 1 & 2,2023,"Shanghai, China",ENABLON
2527.54,2057.59,2527.54,151.59,261.11,2318.7,2057.59,2940.24,2,1,Scope 1 & 2,2023,"Shanghai, China",ENABLON
2257.31,1778.82,2257.31,165.55,369.42,2148.24,1778.82,2792.28,3,1,Scope 1 & 2,2023,"Shanghai, China",ENABLON
1974.78,1647.69,1974.78,104.62,515.85,2163.54,1647.69,2595.25,4,2,Scope 1 & 2,2023,"Shanghai, China",ENABLON
1801.74,1529.16,1801.74,186.77,636.89,2166.05,1529.16,2625.4,5,2,Scope 1 & 2,2023,"Shanghai, China",ENABLON
1645.32,1382.25,1645.32,153.21,628.63,2010.88,1382.25,2427.16,6,2,Scope 1 & 2,2023,"Shanghai, China",ENABLON
2120.14,1757.74,2120.14,66.02,552.69,2310.43,1757.74,2738.85,7,3,Scope 1 & 2,2023,"Shanghai, China",ENABLON
2081.62,1690.47,2081.62,183.47,565.91,2256.38,1690.47,2831.0,8,3,Scope 1 & 2,2023,"Shanghai, China",ENABLON
1938.97,1576.25,1938.97,177.9,341.78,1918.03,1576.25,2458.65,9,3,Scope 1 & 2,2023,"Shanghai, China",ENABLON
2498.31,2106.75,2498.31,64.67,278.68,2385.43,2106.75,2841.66,10,4,Scope 1 & 2,2023,"Shanghai, China",ENABLON
2487.66,2041.03,2487.66,77.07,117.34,2158.37,2041.03,2682.07,11,4,Scope 1 & 2,2023,"Shanghai, China",ENABLON
2810.07,2196.17,2810.07,87.5,0.0,2196.17,2196.17,2897.57,12,4,Scope 1 & 2,2023,"Shanghai, China",ENABLON
2762.83,2494.5,2762.83,103.53,138.83,2633.33,2494.5,3005.19,1,1,Scope 1 & 2,2024,"Shanghai, China",ENABLON
2224.1,1874.9,2224.1,89.52,226.65,2101.55,1874.9,2540.27,2,1,Scope 1 & 2,2024,"Shanghai, China",ENABLON
1884.93,1661.48,1884.93,178.59,347.52,2009.0,1661.48,2411.04,3,1,Scope 1 & 2,2024,"Shanghai, China",ENABLON
1901.28,1660.3,1901.28,99.09,432.19,2092.49,1660.3,2432.56,4,2,Scope 1 & 2,2024,"Shanghai, China",ENABLON
1948.58,1747.35,1948.58,91.71,579.55,2326.9,1747.35,2619.84,5,2,Scope 1 & 2,2024,"Shanghai, China",ENABLON
1607.85,1352.75,1607.85,114.51,614.88,1967.63,1352.75,2337.24,6,2,Scope 1 & 2,2024,"Shanghai, China",ENABLON
1788.5,1514.19,1788.5,205.72,591.45,2105.64,1514.19,2585.67,7,3,Scope 1 & 2,2024,"Shanghai, China",ENABLON
2223.4,1937.21,2223.4,104.33,533.05,2470.26,1937.21,2860.78,8,3,Scope 1 & 2,2024,"Shanghai, China",ENABLON
2314.42,2025.05,2314.42,63.61,394.66,2419.71,2025.05,2772.69,9,3,Scope 1 & 2,2024,"Shanghai, China",ENABLON
2363.98,2109.85,2363.98,101.62,268.13,2377.98,2109.85,2733.73,10,4,Scope 1 & 2,2024,"Shanghai, China",ENABLON
2566.93,2249.37,2566.93,166.3,124.37,2373.74,2249.37,2857.6,11,4,Scope 1 & 2,2024,"Shanghai, China",ENABLON
2785.18,2495.78,2785.18,176.36,0.0,2495.78,2495.78,2961.54,12,4,Scope 1 & 2,2024,"Shanghai, China",ENABLON
2560.08,2264.0,2560.08,168.67,140.7,2404.7,2264.0,2869.45,1,1,Scope 1 & 2,2025,"Shanghai, China",ENABLON
2282.72,1971.27,2282.72,172.84,247.58,2218.85,1971.27,2703.14,2,1,Scope 1 & 2,2025,"Shanghai, China",ENABLON
2120.36,1839.53,2120.36,78.29,365.15,2204.68,1839.53,2563.8,3,1,Scope 1 & 2,2025,"Shanghai, China",ENABLON
1971.95,1857.15,1971.95,136.46,523.35,2380.5,1857.15,2631.76,4,2,Scope 1 & 2,2025,"Shanghai, China",ENABLON
1950.26,1756.75,1950.26,188.81,578.41,2335.16,1756.75,2717.48,5,2,Scope 1 & 2,2025,"Shanghai, China",ENABLON
1781.2,1542.41,1781.2,106.42,751.65,2294.06,1542.41,2639.27,6,2,Scope 1 & 2,2025,"Shanghai, China",ENABLON
1991.19,1865.17,1991.19,217.2,576.6,2441.77,1865.17,2784.99,7,3,Scope 1 & 2,2025,"Shanghai, China",ENABLON
1971.9,1836.7,1971.9,212.9,543.47,2380.17,1836.7,2728.27,8,3,Scope 1 & 2,2025,"Shanghai, China",ENABLON
2173.48,1969.12,2173.48,54.2,373.9,2343.02,1969.12,2601.58,9,3,Scope 1 & 2,2025,"Shanghai, China",ENABLON
2293.87,2088.64,2293.87,163.57,253.34,2341.98,2088.64,2710.78,10,4,Scope 1 & 2,2025,"Shanghai, China",ENABLON
2752.05,2414.13,2752.05,78.92,147.13,2561.26,2414.13,2978.1,11,4,Scope 1 & 2,2025,"Shanghai, China",ENABLON
2449.24,2307.06,2449.24,138.95,0.0,2307.06,2307.06,2588.19,12,4,Scope 1 & 2,2025,"Shanghai, China",ENABLON
1286.17,518.45,1286.17,53.73,69.18,587.63,518.45,1409.08,1,1,Scope 1 & 2,2022,"Osaka, Japan",ENABLON
1036.01,421.35,1036.01,45.94,118.78,540.13,421.35,1200.73,2,1,Scope 1 & 2,2022,"Osaka, Japan",ENABLON
959.48,388.63,959.48,32.72,170.47,559.1,388.63,1162.67,3,1,Scope 1 & 2,2022,"Osaka, Japan",ENABLON
936.89,378.09,936.89,98.04,242.33,620.42,378.09,1277.26,4,2,Scope 1 & 2,2022,"Osaka, Japan",ENABLON
944.8,368.33,944.8,56.75,262.6,630.93,368.33,1264.15,5,2,Scope 1 & 2,2022,"Osaka, Japan",ENABLON
772.87,299.1,772.87,90.49,310.46,609.56,299.1,1173.82,6,2,Scope 1 & 2,2022,"Osaka, Japan",ENABLON
823.09,347.55,823.09,90.48,260.94,608.49,347.55,1174.51,7,3,Scope 1 & 2,2022,"Osaka, Japan",ENABLON
863.38,369.09,863.38,59.84,212.95,582.04,369.09,1136.17,8,3,Scope 1 & 2,2022,"Osaka, Japan",ENABLON
1028.11,401.82,1028.11,38.57,162.13,563.95,401.82,1228.81,9,3,Scope 1 & 2,2022,"Osaka, Japan",ENABLON
1177.99,486.62,1177.99,82.72,123.31,609.93,486.62,1384.02,10,4,Scope 1 & 2,2022,"Osaka, Japan",ENABLON
1204.16,476.89,1204.16,90.67,54.25,531.14,476.89,1349.08,11,4,Scope 1 & 2,2022,"Osaka, Japan",ENABLON
1221.38,511.01,1221.38,30.18,0.0,511.01,511.01,1251.56,12,4,Scope 1 & 2,2022,"Osaka, Japan",ENABLON
1103.41,492.48,1103.41,89.93,52.52,545.0,492.48,1245.86,1,1,Scope 1 & 2,2023,"Osaka, Japan",ENABLON
1060.61,500.26,1060.61,24.26,117.88,618.14,500.26,1202.75,2,1,Scope 1 & 2,2023,"Osaka, Japan",ENABLON
987.99,433.68,987.99,41.16,145.54,579.22,433.68,1174.69,3,1,Scope 1 & 2,2023,"Osaka, Japan",ENABLON
1042.99,488.54,1042.99,26.64,205.3,693.84,488.54,1274.93,4,2,Scope 1 & 2,2023,"Osaka, Japan",ENABLON
860.74,372.8,860.74,34.8,247.0,619.8,372.8,1142.54,5,2,Scope 1 & 2,2023,"Osaka, Japan",ENABLON
818.46,371.08,818.46,79.84,334.89,705.97,371.08,1233.19,6,2,Scope 1 & 2,2023,"Osaka, Japan",ENABLON
951.78,432.78,951.78,33.78,287.22,720.0,432.78,1272.78,7,3,Scope 1 & 2,2023,"Osaka, Japan",ENABLON
1037.49,489.78,1037.49,90.12,217.56,707.34,489.78,1345.17,8,3,Scope 1 & 2,2023,"Osaka, Japan",ENABLON
1001.26,434.06,1001.26,98.86,169.85,603.91,434.06,1269.97,9,3,Scope 1 & 2,2023,"Osaka, Japan",ENABLON
1096.28,497.78,1096.28,78.81,113.43,611.21,497.78,1288.52,10,4,Scope 1 & 2,2023,"Osaka, Japan",ENABLON
1337.9,615.04,1337.9,35.58,58.32,673.36,615.04,1431.8,11,4,Scope 1 & 2,2023,"Osaka, Japan",ENABLON
1163.64,531.6,1163.64,71.63,0.0,531.6,531.6,1235.27,12,4,Scope 1 & 2,2023,"Osaka, Japan",ENABLON
1147.11,573.07,1147.11,66.2,63.79,636.86,573.07,1277.1,1,1,Scope 1 & 2,2024,"Osaka, Japan",ENABLON
1130.86,588.8,1130.86,82.06,108.32,697.12,588.8,1321.24,2,1,Scope 1 & 2,2024,"Osaka, Japan",ENABLON
1033.94,503.49,1033.94,82.4,186.38,689.87,503.49,1302.72,3,1,Scope 1 & 2,2024,"Osaka, Japan",ENABLON
966.94,483.05,966.94,49.34,206.89,689.94,483.05,1223.17,4,2,Scope 1 & 2,2024,"Osaka, Japan",ENABLON
888.68,453.89,888.68,54.06,242.73,696.62,453.89,1185.47,5,2,Scope 1 & 2,2024,"Osaka, Japan",ENABLON
774.59,371.15,774.59,86.44,285.72,656.87,371.15,1146.75,6,2,Scope 1 & 2,2024,"Osaka, Japan",ENABLON
989.44,509.21,989.44,33.16,263.14,772.35,509.21,1285.74,7,3,Scope 1 & 2,2024,"Osaka, Japan",ENABLON
1000.59,505.58,1000.59,72.42,239.15,744.73,505.58,1312.16,8,3,Scope 1 & 2,2024,"Osaka, Japan",ENABLON
1020.07,521.01,1020.07,50.34,151.05,672.06,521.01,1221.46,9,3,Scope 1 & 2,2024,"Osaka, Japan",ENABLON
1140.48,600.78,1140.48,85.96,132.29,733.07,600.78,1358.73,10,4,Scope 1 & 2,2024,"Osaka, Japan",ENABLON
1217.39,592.68,1217.39,73.81,58.74,651.42,592.68,1349.94,11,4,Scope 1 & 2,2024,"Osaka, Japan",ENABLON
1358.22,706.65,1358.22,36.96,0.0,706.65,706.65,1395.18,12,4,Scope 1 & 2,2024,"Osaka, Japan",ENABLON
1156.81,656.25,1156.81,70.14,61.36,717.61,656.25,1288.31,1,1,Scope 1 & 2,2025,"Osaka, Japan",ENABLON
1150.07,639.55,1150.07,95.59,137.62,777.17,639.55,1383.28,2,1,Scope 1 & 2,2025,"Osaka, Japan",ENABLON
1045.02,594.18,1045.02,98.52,157.1,751.28,594.18,1300.64,3,1,Scope 1 & 2,2025,"Osaka, Japan",ENABLON
907.55,488.69,907.55,73.21,196.93,685.62,488.69,1177.69,4,2,Scope 1 & 2,2025,"Osaka, Japan",ENABLON
849.07,469.84,849.07,84.26,233.78,703.62,469.84,1167.11,5,2,Scope 1 & 2,2025,"Osaka, Japan",ENABLON
799.59,417.69,799.59,66.86,286.53,704.22,417.69,1152.98,6,2,Scope 1 & 2,2025,"Osaka, Japan",ENABLON
941.29,508.6,941.29,57.17,266.62,775.22,508.6,1265.08,7,3,Scope 1 & 2,2025,"Osaka, Japan",ENABLON
895.7,495.71,895.7,80.13,227.21,722.92,495.71,1203.04,8,3,Scope 1 & 2,2025,"Osaka, Japan",ENABLON
984.46,547.7,984.46,34.14,140.98,688.68,547.7,1159.58,9,3,Scope 1 & 2,2025,"Osaka, Japan",ENABLON
1144.61,628.04,1144.61,79.96,114.41,742.45,628.04,1338.98,10,4,Scope 1 & 2,2025,"Osaka, Japan",ENABLON
1166.73,615.08,1166.73,85.41,55.89,670.97,615.08,1308.03,11,4,Scope 1 & 2,2025,"Osaka, Japan",ENABLON
1252.84,687.5,1252.84,80.97,0.0,687.5,687.5,1333.81,12,4,Scope 1 & 2,2025,"Osaka, Japan",ENABLON
1988.74,777.73,1988.74,43.59,97.98,875.71,777.73,2130.31,1,1,Scope 1 & 2,2022,"Sydney, Australia",ENABLON
1767.96,693.38,1767.96,70.83,165.88,859.26,693.38,2004.67,2,1,Scope 1 & 2,2022,"Sydney, Australia",ENABLON
1550.28,611.4,1550.28,57.25,266.95,878.35,611.4,1874.48,3,1,Scope 1 & 2,2022,"Sydney, Australia",ENABLON
1585.15,653.54,1585.15,147.95,380.46,1034.0,653.54,2113.56,4,2,Scope 1 & 2,2022,"Sydney, Australia",ENABLON
1331.28,504.8,1331.28,40.86,440.67,945.47,504.8,1812.81,5,2,Scope 1 & 2,2022,"Sydney, Australia",ENABLON
1370.9,551.79,1370.9,114.38,611.76,1163.55,551.79,2097.04,6,2,Scope 1 & 2,2022,"Sydney, Australia",ENABLON
1553.71,589.28,1553.71,55.58,456.25,1045.53,589.28,2065.54,7,3,Scope 1 & 2,2022,"Sydney, Australia",ENABLON
1471.43,608.25,1471.43,111.87,376.36,984.61,608.25,1959.66,8,3,Scope 1 & 2,2022,"Sydney, Australia",ENABLON
1818.06,706.54,1818.06,159.27,276.41,982.95,706.54,2253.74,9,3,Scope 1 & 2,2022,"Sydney, Australia",ENABLON
1874.7,733.83,1874.7,94.73,195.92,929.75,733.83,2165.35,10,4,Scope 1 & 2,2022,"Sydney, Australia",ENABLON
1951.42,780.29,1951.42,63.37,91.26,871.55,780.29,2106.05,11,4,Scope 1 & 2,2022,"Sydney, Australia",ENABLON
1899.92,746.83,1899.92,152.62,0.0,746.83,746.83,2052.54,12,4,Scope 1 & 2,2022,"Sydney, Australia",ENABLON
2008.48,872.7,2008.48,156.74,109.62,982.32,872.7,2274.84,1,1,Scope 1 & 2,2023,"Sydney, Australia",ENABLON
1700.13,780.63,1700.13,111.0,165.97,946.6,780.63,1977.1,2,1,Scope 1 & 2,2023,"Sydney, Australia",ENABLON
1732.9,773.98,1732.9,142.29,268.66,1042.64,773.98,2143.85,3,1,Scope 1 & 2,2023,"Sydney, Australia",ENABLON
1627.67,759.91,1627.67,100.17,406.34,1166.25,759.91,2134.18,4,2,Scope 1 & 2,2023,"Sydney, Australia",ENABLON
1427.24,662.31,1427.24,115.41,465.4,1127.71,662.31,2008.05,5,2,Scope 1 & 2,2023,"Sydney, Australia",ENABLON
1441.58,640.35,1441.58,47.79,493.97,1134.32,640.35,1983.34,6,2,Scope 1 & 2,2023,"Sydney, Australia",ENABLON
1452.79,649.78,1452.79,44.5,407.01,1056.79,649.78,1904.3,7,3,Scope 1 & 2,2023,"Sydney, Australia",ENABLON
1560.15,721.6,1560.15,45.75,347.93,1069.53,721.6,1953.83,8,3,Scope 1 & 2,2023,"Sydney, Australia",ENABLON
1489.72,673.84,1489.72,135.73,277.72,951.56,673.84,1903.17,9,3,Scope 1 & 2,2023,"Sydney, Australia",ENABLON
1826.92,841.56,1826.92,113.47,190.16,1031.72,841.56,2130.55,10,4,Scope 1 & 2,2023,"Sydney, Australia",ENABLON
2082.62,945.63,2082.62,161.06,104.49,1050.12,945.63,2348.17,11,4,Scope 1 & 2,2023,"Sydney, Australia",ENABLON
2082.54,887.8,2082.54,62.31,0.0,887.8,887.8,2144.85,12,4,Scope 1 & 2,2023,"Sydney, Australia",ENABLON
1823.84,922.08,1823.84,81.35,98.15,1020.23,922.08,2003.34,1,1,Scope 1 & 2,2024,"Sydney, Australia",ENABLON
1877.52,922.19,1877.52,74.24,177.71,1099.9,922.19,2129.47,2,1,Scope 1 & 2,2024,"Sydney, Australia",ENABLON
1714.66,836.41,1714.66,60.64,278.69,1115.1,836.41,2053.99,3,1,Scope 1 & 2,2024,"Sydney, Australia",ENABLON
1521.77,760.14,1521.77,78.29,342.59,1102.73,760.14,1942.65,4,2,Scope 1 & 2,2024,"Sydney, Australia",ENABLON
1559.61,738.18,1559.61,50.24,487.31,1225.49,738.18,2097.16,5,2,Scope 1 & 2,2024,"Sydney, Australia",ENABLON
1361.18,684.08,1361.18,127.05,514.9,1198.98,684.08,2003.13,6,2,Scope 1 & 2,2024,"Sydney, Australia",ENABLON
1535.52,765.8,1535.52,85.75,522.32,1288.12,765.8,2143.59,7,3,Scope 1 & 2,2024,"Sydney, Australia",ENABLON
1410.02,711.7,1410.02,147.16,328.01,1039.71,711.7,1885.19,8,3,Scope 1 & 2,2024,"Sydney, Australia",ENABLON
1598.66,774.56,1598.66,155.17,280.43,1054.99,774.56,2034.26,9,3,Scope 1 & 2,2024,"Sydney, Australia",ENABLON
1733.45,872.39,1733.45,142.75,198.86,1071.25,872.39,2075.06,10,4,Scope 1 & 2,2024,"Sydney, Australia",ENABLON
2067.41,1025.0,2067.41,141.75,109.89,1134.89,1025.0,2319.05,11,4,Scope 1 & 2,2024,"Sydney, Australia",ENABLON
2193.72,1068.92,2193.72,95.48,0.0,1068.92,1068.92,2289.2,12,4,Scope 1 & 2,2024,"Sydney, Australia",ENABLON
1794.38,971.0,1794.38,156.54,85.83,1056.83,971.0,2036.75,1,1,Scope 1 & 2,2025,"Sydney, Australia",ENABLON
1795.21,1008.12,1795.21,49.54,166.43,1174.55,1008.12,2011.18,2,1,Scope 1 & 2,2025,"Sydney, Australia",ENABLON
1505.33,848.71,1505.33,134.14,273.85,1122.56,848.71,1913.32,3,1,Scope 1 & 2,2025,"Sydney, Australia",ENABLON
1401.76,730.13,1401.76,121.6,319.72,1049.85,730.13,1843.08,4,2,Scope 1 & 2,2025,"Sydney, Australia",ENABLON
1396.07,778.14,1396.07,135.12,402.41,1180.55,778.14,1933.6,5,2,Scope 1 & 2,2025,"Sydney, Australia",ENABLON
1445.39,775.93,1445.39,95.0,513.28,1289.21,775.93,2053.67,6,2,Scope 1 & 2,2025,"Sydney, Australia",ENABLON
1521.8,806.02,1521.8,95.75,434.86,1240.88,806.02,2052.41,7,3,Scope 1 & 2,2025,"Sydney, Australia",ENABLON
1641.47,871.7,1641.47,110.94,379.37,1251.07,871.7,2131.78,8,3,Scope 1 & 2,2025,"Sydney, Australia",ENABLON
1756.8,938.79,1756.8,154.76,295.96,1234.75,938.79,2207.52,9,3,Scope 1 & 2,2025,"Sydney, Australia",ENABLON
1976.18,1046.32,1976.18,110.56,231.06,1277.38,1046.32,2317.8,10,4,Scope 1 & 2,2025,"Sydney, Australia",ENABLON
1862.64,1043.06,1862.64,165.66,96.18,1139.24,1043.06,2124.48,11,4,Scope 1 & 2,2025,"Sydney, Australia",ENABLON
2275.72,1251.58,2275.72,82.54,0.0,1251.58,1251.58,2358.26,12,4,Scope 1 & 2,2025,"Sydney, Australia",ENABLON
2084.37,1257.09,2084.37,168.25,114.72,1371.81,1257.09,2367.34,1,1,Scope 1 & 2,2022,"Sodertalje, Sweden",ENABLON
2224.01,1321.42,2224.01,196.72,226.2,1547.62,1321.42,2646.93,2,1,Scope 1 & 2,2022,"Sodertalje, Sweden",ENABLON
1985.75,1219.04,1985.75,80.86,360.11,1579.15,1219.04,2426.72,3,1,Scope 1 & 2,2022,"Sodertalje, Sweden",ENABLON
1899.11,1172.12,1899.11,54.0,374.98,1547.1,1172.12,2328.09,4,2,Scope 1 & 2,2022,"Sodertalje, Sweden",ENABLON
1570.8,921.15,1570.8,94.31,554.22,1475.37,921.15,2219.33,5,2,Scope 1 & 2,2022,"Sodertalje, Sweden",ENABLON
1615.55,1027.48,1615.55,146.49,720.93,1748.41,1027.48,2482.97,6,2,Scope 1 & 2,2022,"Sodertalje, Sweden",ENABLON
1555.81,979.85,1555.81,151.67,465.84,1445.69,979.85,2173.32,7,3,Scope 1 & 2,2022,"Sodertalje, Sweden",ENABLON
1703.27,996.29,1703.27,104.48,419.15,1415.44,996.29,2226.9,8,3,Scope 1 & 2,2022,"Sodertalje, Sweden",ENABLON
1805.52,1119.85,1805.52,157.76,287.36,1407.21,1119.85,2250.64,9,3,Scope 1 & 2,2022,"Sodertalje, Sweden",ENABLON
2320.7,1400.08,2320.7,70.12,238.06,1638.14,1400.08,2628.88,10,4,Scope 1 & 2,2022,"Sodertalje, Sweden",ENABLON
2257.92,1436.39,2257.92,111.59,99.96,1536.35,1436.39,2469.47,11,4,Scope 1 & 2,2022,"Sodertalje, Sweden",ENABLON
2412.68,1503.94,2412.68,193.67,0.0,1503.94,1503.94,2606.35,12,4,Scope 1 & 2,2022,"Sodertalje, Sweden",ENABLON
2137.96,1367.51,2137.96,80.18,104.89,1472.4,1367.51,2323.03,1,1,Scope 1 & 2,2023,"Sodertalje, Sweden",ENABLON
2164.85,1426.05,2164.85,85.36,228.8,1654.85,1426.05,2479.01,2,1,Scope 1 & 2,2023,"Sodertalje, Sweden",ENABLON
2027.93,1286.36,2027.93,199.2,311.11,1597.47,1286.36,2538.24,3,1,Scope 1 & 2,2023,"Sodertalje, Sweden",ENABLON
1786.46,1193.99,1786.46,191.34,435.01,1629.0,1193.99,2412.81,4,2,Scope 1 & 2,2023,"Sodertalje, Sweden",ENABLON
1646.32,1149.49,1646.32,133.25,512.24,1661.73,1149.49,2291.81,5,2,Scope 1 & 2,2023,"Sodertalje, Sweden",ENABLON
1503.35,982.75,1503.35,146.29,523.73,1506.48,982.75,2173.37,6,2,Scope 1 & 2,2023,"Sodertalje, Sweden",ENABLON
1722.25,1172.88,1722.25,162.56,567.5,1740.38,1172.88,2452.31,7,3,Scope 1 & 2,2023,"Sodertalje, Sweden",ENABLON
1822.2,1250.94,1822.2,122.4,375.3,1626.24,1250.94,2319.9,8,3,Scope 1 & 2,2023,"Sodertalje, Sweden",ENABLON
1858.31,1260.37,1858.31,110.01,329.44,1589.81,1260.37,2297.76,9,3,Scope 1 & 2,2023,"Sodertalje, Sweden",ENABLON
2271.1,1553.18,2271.1,61.39,248.36,1801.54,1553.18,2580.85,10,4,Scope 1 & 2,2023,"Sodertalje, Sweden",ENABLON
2382.8,1533.43,2382.8,57.7,109.48,1642.91,1533.43,2549.98,11,4,Scope 1 & 2,2023,"Sodertalje, Sweden",ENABLON
2266.43,1583.74,2266.43,121.61,0.0,1583.74,1583.74,2388.04,12,4,Scope 1 & 2,2023,"Sodertalje, Sweden",ENABLON
2314.44,1594.45,2314.44,169.11,110.33,1704.78,1594.45,2593.88,1,1,Scope 1 & 2,2024,"Sodertalje, Sweden",ENABLON
2033.37,1422.28,2033.37,175.74,233.56,1655.84,1422.28,2442.67,2,1,Scope 1 & 2,2024,"Sodertalje, Sweden",ENABLON
1808.28,1320.59,1808.28,166.76,297.84,1618.43,1320.59,2272.88,3,1,Scope 1 & 2,2024,"Sodertalje, Sweden",ENABLON
1932.24,1375.33,1932.24,203.1,454.41,1829.74,1375.33,2589.75,4,2,Scope 1 & 2,2024,"Sodertalje, Sweden",ENABLON
1645.55,1208.88,1645.55,119.81,576.63,1785.51,1208.88,2341.99,5,2,Scope 1 & 2,2024,"Sodertalje, Sweden",ENABLON
1670.77,1230.07,1670.77,134.18,584.87,1814.94,1230.07,2389.82,6,2,Scope 1 & 2,2024,"Sodertalje, Sweden",ENABLON
1794.94,1299.77,1794.94,58.65,510.87,1810.64,1299.77,2364.46,7,3,Scope 1 & 2,2024,"Sodertalje, Sweden",ENABLON
1777.46,1290.95,1777.46,105.14,424.81,1715.76,1290.95,2307.41,8,3,Scope 1 & 2,2024,"Sodertalje, Sweden",ENABLON
1923.15,1348.16,1923.15,172.17,289.17,1637.33,1348.16,2384.49,9,3,Scope 1 & 2,2024,"Sodertalje, Sweden",ENABLON
2310.84,1723.05,2310.84,217.9,236.39,1959.44,1723.05,2765.13,10,4,Scope 1 & 2,2024,"Sodertalje, Sweden",ENABLON
2145.68,1576.29,2145.68,98.36,109.13,1685.42,1576.29,2353.17,11,4,Scope 1 & 2,2024,"Sodertalje, Sweden",ENABLON
2645.44,1905.06,2645.44,77.79,0.0,1905.06,1905.06,2723.23,12,4,Scope 1 & 2,2024,"Sodertalje, Sweden",ENABLON
2541.55,1987.07,2541.55,65.29,109.6,2096.67,1987.07,2716.44,1,1,Scope 1 & 2,2025,"Sodertalje, Sweden",ENABLON
2100.6,1613.2,2100.6,132.24,214.53,1827.73,1613.2,2447.37,2,1,Scope 1 & 2,2025,"Sodertalje, Sweden",ENABLON
2059.82,1607.9,2059.82,107.73,377.91,1985.81,1607.9,2545.46,3,1,Scope 1 & 2,2025,"Sodertalje, Sweden",ENABLON
1887.59,1456.32,1887.59,106.89,441.31,1897.63,1456.32,2435.79,4,2,Scope 1 & 2,2025,"Sodertalje, Sweden",ENABLON
1625.26,1234.37,1625.26,142.76,457.79,1692.16,1234.37,2225.81,5,2,Scope 1 & 2,2025,"Sodertalje, Sweden",ENABLON
1543.01,1142.45,1543.01,79.78,611.54,1753.99,1142.45,2234.33,6,2,Scope 1 & 2,2025,"Sodertalje, Sweden",ENABLON
1652.82,1310.46,1652.82,86.08,579.07,1889.53,1310.46,2317.97,7,3,Scope 1 & 2,2025,"Sodertalje, Sweden",ENABLON
1830.41,1383.3,1830.41,170.53,395.13,1778.43,1383.3,2396.07,8,3,Scope 1 & 2,2025,"Sodertalje, Sweden",ENABLON
2232.52,1728.22,2232.52,67.04,353.84,2082.06,1728.22,2653.4,9,3,Scope 1 & 2,2025,"Sodertalje, Sweden",ENABLON
2346.31,1700.56,2346.31,109.81,232.25,1932.81,1700.56,2688.37,10,4,Scope 1 & 2,2025,"Sodertalje, Sweden",ENABLON
2282.24,1772.16,2282.24,184.35,126.85,1899.01,1772.16,2593.44,11,4,Scope 1 & 2,2025,"Sodertalje, Sweden",ENABLON
2660.62,2022.78,2660.62,192.96,0.0,2022.78,2022.78,2853.58,12,4,Scope 1 & 2,2025,"Sodertalje, Sweden",ENABLON
977.36,457.96,977.36,22.66,50.32,508.28,457.96,1050.34,1,1,Scope 1 & 2,2022,"Newark, USA",ENABLON
917.13,432.34,917.13,57.24,103.56,535.9,432.34,1077.93,2,1,Scope 1 & 2,2022,"Newark, USA",ENABLON
784.62,373.99,784.62,79.36,128.28,502.27,373.99,992.26,3,1,Scope 1 & 2,2022,"Newark, USA",ENABLON
785.74,349.67,785.74,73.71,202.61,552.28,349.67,1062.06,4,2,Scope 1 & 2,2022,"Newark, USA",ENABLON
813.82,386.36,813.82,53.06,262.04,648.4,386.36,1128.92,5,2,Scope 1 & 2,2022,"Newark, USA",ENABLON
624.5,295.25,624.5,65.15,285.37,580.62,295.25,975.02,6,2,Scope 1 & 2,2022,"Newark, USA",ENABLON
681.63,331.31,681.63,44.39,239.84,571.15,331.31,965.86,7,3,Scope 1 & 2,2022,"Newark, USA",ENABLON
775.78,348.69,775.78,28.09,158.81,507.5,348.69,962.68,8,3,Scope 1 & 2,2022,"Newark, USA",ENABLON
853.48,416.11,853.48,42.53,147.41,563.52,416.11,1043.42,9,3,Scope 1 & 2,2022,"Newark, USA",ENABLON
1036.77,489.92,1036.77,41.85,115.76,605.68,489.92,1194.38,10,4,Scope 1 & 2,2022,"Newark, USA",ENABLON
1052.79,492.24,1052.79,43.65,47.18,539.42,492.24,1143.62,11,4,Scope 1 & 2,2022,"Newark, USA",ENABLON
1069.29,480.07,1069.29,88.57,0.0,480.07,480.07,1157.86,12,4,Scope 1 & 2,2022,"Newark, USA",ENABLON
1047.14,557.01,1047.14,65.77,55.14,612.15,557.01,1168.05,1,1,Scope 1 & 2,2023,"Newark, USA",ENABLON
988.52,483.24,988.52,24.33,108.18,591.42,483.24,1121.03,2,1,Scope 1 & 2,2023,"Newark, USA",ENABLON
893.95,471.87,893.95,65.71,152.73,624.6,471.87,1112.39,3,1,Scope 1 & 2,2023,"Newark, USA",ENABLON
794.37,413.3,794.37,51.83,192.8,606.1,413.3,1039.0,4,2,Scope 1 & 2,2023,"Newark, USA",ENABLON
694.81,368.17,694.81,48.39,244.88,613.05,368.17,988.08,5,2,Scope 1 & 2,2023,"Newark, USA",ENABLON
749.03,366.75,749.03,25.44,269.08,635.83,366.75,1043.55,6,2,Scope 1 & 2,2023,"Newark, USA",ENABLON
757.69,393.38,757.69,32.85,228.48,621.86,393.38,1019.02,7,3,Scope 1 & 2,2023,"Newark, USA",ENABLON
759.94,404.98,759.94,65.14,191.95,596.93,404.98,1017.03,8,3,Scope 1 & 2,2023,"Newark, USA",ENABLON
987.81,510.45,987.81,50.03,146.8,657.25,510.45,1184.64,9,3,Scope 1 & 2,2023,"Newark, USA",ENABLON
933.13,466.37,933.13,38.46,95.31,561.68,466.37,1066.9,10,4,Scope 1 & 2,2023,"Newark, USA",ENABLON
951.36,494.38,951.36,44.81,44.65,539.03,494.38,1040.82,11,4,Scope 1 & 2,2023,"Newark, USA",ENABLON
1066.49,537.61,1066.49,32.51,0.0,537.61,537.61,1099.0,12,4,Scope 1 & 2,2023,"Newark, USA",ENABLON
1024.48,574.55,1024.48,75.64,49.58,624.13,574.55,1149.7,1,1,Scope 1 & 2,2024,"Newark, USA",ENABLON
967.56,515.48,967.56,42.76,99.89,615.37,515.48,1110.21,2,1,Scope 1 & 2,2024,"Newark, USA",ENABLON
926.99,504.38,926.99,91.89,159.24,663.62,504.38,1178.12,3,1,Scope 1 & 2,2024,"Newark, USA",ENABLON
808.42,471.71,808.42,50.96,166.16,637.87,471.71,1025.54,4,2,Scope 1 & 2,2024,"Newark, USA",ENABLON
770.11,447.76,770.11,55.51,237.68,685.44,447.76,1063.3,5,2,Scope 1 & 2,2024,"Newark, USA",ENABLON
638.52,368.11,638.52,63.17,290.72,658.83,368.11,992.41,6,2,Scope 1 & 2,2024,"Newark, USA",ENABLON
728.53,395.51,728.53,54.42,220.87,616.38,395.51,1003.82,7,3,Scope 1 & 2,2024,"Newark, USA",ENABLON
840.21,484.41,840.21,53.67,174.0,658.41,484.41,1067.88,8,3,Scope 1 & 2,2024,"Newark, USA",ENABLON
816.45,439.59,816.45,62.9,154.78,594.37,439.59,1034.13,9,3,Scope 1 & 2,2024,"Newark, USA",ENABLON
1023.56,564.41,1023.56,82.05,106.52,670.93,564.41,1212.13,10,4,Scope 1 & 2,2024,"Newark, USA",ENABLON
1133.59,636.46,1133.59,39.34,58.56,695.02,636.46,1231.49,11,4,Scope 1 & 2,2024,"Newark, USA",ENABLON
1124.62,619.73,1124.62,32.66,0.0,619.73,619.73,1157.28,12,4,Scope 1 & 2,2024,"Newark, USA",ENABLON
1012.48,617.02,1012.48,63.49,50.19,667.21,617.02,1126.16,1,1,Scope 1 & 2,2025,"Newark, USA",ENABLON
938.45,600.46,938.45,31.8,98.61,699.07,600.46,1068.86,2,1,Scope 1 & 2,2025,"Newark, USA",ENABLON
941.82,592.82,941.82,45.55,146.2,739.02,592.82,1133.57,3,1,Scope 1 & 2,2025,"Newark, USA",ENABLON
822.77,517.23,822.77,40.4,200.3,717.53,517.23,1063.47,4,2,Scope 1 & 2,2025,"Newark, USA",ENABLON
690.49,423.81,690.49,79.13,234.7,658.51,423.81,1004.32,5,2,Scope 1 & 2,2025,"Newark, USA",ENABLON
698.47,403.79,698.47,65.33,302.24,706.03,403.79,1066.04,6,2,Scope 1 & 2,2025,"Newark, USA",ENABLON
702.63,439.92,702.63,68.73,254.87,694.79,439.92,1026.23,7,3,Scope 1 & 2,2025,"Newark, USA",ENABLON
811.36,476.53,811.36,59.03,202.65,679.18,476.53,1073.04,8,3,Scope 1 & 2,2025,"Newark, USA",ENABLON
877.71,514.22,877.71,78.2,153.8,668.02,514.22,1109.71,9,3,Scope 1 & 2,2025,"Newark, USA",ENABLON
966.29,563.77,966.29,88.19,92.48,656.25,563.77,1146.96,10,4,Scope 1 & 2,2025,"Newark, USA",ENABLON
949.28,589.14,949.28,29.76,44.14,633.28,589.14,1023.18,11,4,Scope 1 & 2,2025,"Newark, USA",ENABLON
1051.02,664.56,1051.02,85.5,0.0,664.56,664.56,1136.52,12,4,Scope 1 & 2,2025,"Newark, USA",ENABLON
1965.68,812.94,1965.68,84.55,90.05,902.99,812.94,2140.28,1,1,Scope 1 & 2,2022,"Milan, Italy",ENABLON
2002.97,849.79,2002.97,68.91,195.63,1045.42,849.79,2267.51,2,1,Scope 1 & 2,2022,"Milan, Italy",ENABLON
1714.69,713.45,1714.69,141.61,278.92,992.37,713.45,2135.22,3,1,Scope 1 & 2,2022,"Milan, Italy",ENABLON
1673.94,658.62,1673.94,125.39,415.86,1074.48,658.62,2215.19,4,2,Scope 1 & 2,2022,"Milan, Italy",ENABLON
1473.97,629.19,1473.97,66.84,454.81,1084.0,629.19,1995.62,5,2,Scope 1 & 2,2022,"Milan, Italy",ENABLON
1397.66,580.59,1397.66,63.83,506.42,1087.01,580.59,1967.91,6,2,Scope 1 & 2,2022,"Milan, Italy",ENABLON
1430.92,599.94,1430.92,153.97,440.38,1040.32,599.94,2025.27,7,3,Scope 1 & 2,2022,"Milan, Italy",ENABLON
1592.35,639.29,1592.35,124.58,338.97,978.26,639.29,2055.9,8,3,Scope 1 & 2,2022,"Milan, Italy",ENABLON
1880.43,789.15,1880.43,186.74,349.3,1138.45,789.15,2416.47,9,3,Scope 1 & 2,2022,"Milan, Italy",ENABLON
1840.27,736.2,1840.27,135.85,185.35,921.55,736.2,2161.47,10,4,Scope 1 & 2,2022,"Milan, Italy",ENABLON
2072.45,816.28,2072.45,111.17,97.08,913.36,816.28,2280.7,11,4,Scope 1 & 2,2022,"Milan, Italy",ENABLON
2229.95,872.13,2229.95,146.81,0.0,872.13,872.13,2376.76,12,4,Scope 1 & 2,2022,"Milan, Italy",ENABLON
2170.83,1003.45,2170.83,81.56,108.28,1111.73,1003.45,2360.67,1,1,Scope 1 & 2,2023,"Milan, Italy",ENABLON
2006.91,903.07,2006.91,52.55,210.56,1113.63,903.07,2270.02,2,1,Scope 1 & 2,2023,"Milan, Italy",ENABLON
1865.18,802.91,1865.18,152.4,283.01,1085.92,802.91,2300.59,3,1,Scope 1 & 2,2023,"Milan, Italy",ENABLON
1649.69,783.47,1649.69,96.61,428.86,1212.33,783.47,2175.16,4,2,Scope 1 & 2,2023,"Milan, Italy",ENABLON
1682.76,801.5,1682.76,72.29,506.24,1307.74,801.5,2261.29,5,2,Scope 1 & 2,2023,"Milan, Italy",ENABLON
1279.03,555.74,1279.03,147.28,551.26,1107.0,555.74,1977.57,6,2,Scope 1 & 2,2023,"Milan, Italy",ENABLON
1514.38,719.33,1514.38,135.23,483.76,1203.09,719.33,2133.37,7,3,Scope 1 & 2,2023,"Milan, Italy",ENABLON
1772.05,777.27,1772.05,170.04,389.36,1166.63,777.27,2331.45,8,3,Scope 1 & 2,2023,"Milan, Italy",ENABLON
1926.8,874.58,1926.8,104.72,358.26,1232.84,874.58,2389.78,9,3,Scope 1 & 2,2023,"Milan, Italy",ENABLON
2024.21,955.7,2024.21,185.36,243.44,1199.14,955.7,2453.01,10,4,Scope 1 & 2,2023,"Milan, Italy",ENABLON
1930.78,921.39,1930.78,55.01,95.05,1016.44,921.39,2080.84,11,4,Scope 1 & 2,2023,"Milan, Italy",ENABLON
2138.23,970.4,2138.23,118.71,0.0,970.4,970.4,2256.94,12,4,Scope 1 & 2,2023,"Milan, Italy",ENABLON
2267.25,1100.53,2267.25,120.67,121.75,1222.28,1100.53,2509.67,1,1,Scope 1 & 2,2024,"Milan, Italy",ENABLON
1809.05,884.28,1809.05,98.93,173.26,1057.54,884.28,2081.24,2,1,Scope 1 & 2,2024,"Milan, Italy",ENABLON
1633.37,825.19,1633.37,139.37,293.63,1118.82,825.19,2066.37,3,1,Scope 1 & 2,2024,"Milan, Italy",ENABLON
1724.5,901.21,1724.5,161.6,378.18,1279.39,901.21,2264.28,4,2,Scope 1 & 2,2024,"Milan, Italy",ENABLON
1677.59,856.51,1677.59,56.45,505.64,1362.15,856.51,2239.68,5,2,Scope 1 & 2,2024,"Milan, Italy",ENABLON
1368.49,668.26,1368.49,75.74,477.4,1145.66,668.26,1921.63,6,2,Scope 1 & 2,2024,"Milan, Italy",ENABLON
1447.16,760.63,1447.16,130.56,423.9,1184.53,760.63,2001.62,7,3,Scope 1 & 2,2024,"Milan, Italy",ENABLON
1634.68,833.26,1634.68,42.78,390.71,1223.97,833.26,2068.17,8,3,Scope 1 & 2,2024,"Milan, Italy",ENABLON
1948.66,957.62,1948.66,62.04,279.04,1236.66,957.62,2289.74,9,3,Scope 1 & 2,2024,"Milan, Italy",ENABLON
1850.89,948.35,1850.89,163.14,199.31,1147.66,948.35,2213.34,10,4,Scope 1 & 2,2024,"Milan, Italy",ENABLON
1962.22,963.06,1962.22,166.43,91.41,1054.47,963.06,2220.06,11,4,Scope 1 & 2,2024,"Milan, Italy",ENABLON
2345.04,1133.39,2345.04,67.59,0.0,1133.39,1133.39,2412.63,12,4,Scope 1 & 2,2024,"Milan, Italy",ENABLON
2201.23,1215.02,2201.23,108.85,111.53,1326.55,1215.02,2421.61,1,1,Scope 1 & 2,2025,"Milan, Italy",ENABLON
1905.09,1015.12,1905.09,134.22,203.54,1218.66,1015.12,2242.85,2,1,Scope 1 & 2,2025,"Milan, Italy",ENABLON
1643.24,862.63,1643.24,151.54,298.61,1161.24,862.63,2093.39,3,1,Scope 1 & 2,2025,"Milan, Italy",ENABLON
1677.08,927.15,1677.08,52.59,400.86,1328.01,927.15,2130.53,4,2,Scope 1 & 2,2025,"Milan, Italy",ENABLON
1385.3,766.52,1385.3,96.53,436.11,1202.63,766.52,1917.94,5,2,Scope 1 & 2,2025,"Milan, Italy",ENABLON
1314.31,692.57,1314.31,97.69,495.3,1187.87,692.57,1907.3,6,2,Scope 1 & 2,2025,"Milan, Italy",ENABLON
1474.63,810.64,1474.63,50.36,453.35,1263.99,810.64,1978.34,7,3,Scope 1 & 2,2025,"Milan, Italy",ENABLON
1762.98,963.69,1762.98,116.14,407.3,1370.99,963.69,2286.42,8,3,Scope 1 & 2,2025,"Milan, Italy",ENABLON
1603.18,901.04,1603.18,137.5,269.05,1170.09,901.04,2009.73,9,3,Scope 1 & 2,2025,"Milan, Italy",ENABLON
1853.24,1026.05,1853.24,143.03,212.8,1238.85,1026.05,2209.07,10,4,Scope 1 & 2,2025,"Milan, Italy",ENABLON
1956.37,1130.17,1956.37,49.97,91.12,1221.29,1130.17,2097.46,11,4,Scope 1 & 2,2025,"Milan, Italy",ENABLON
2368.66,1236.58,2368.66,194.9,0.0,1236.58,1236.58,2563.56,12,4,Scope 1 & 2,2025,"Milan, Italy",ENABLON
