EXTERNAL_WASTE_AVOIDED_REUSE_AND_BYPRODUCT_2022_ONWARDS_TONNES_QUANTITY,HAZARDOUS_WASTE_RECYCLED_TONNES_PRODUCT_QUANTITY,HAZARDOUS_WASTE_RECYCLED_TONNES_SITE_QUANTITY,HAZARDOUS_WASTE_TONNES_PRODUCT_QUANTITY,HAZARDOUS_WASTE_TONNES_SITE_QUANTITY,HAZARDOUS_WASTE_TO_LANDFILL_TONNES_PRODUCT_QUANTITY,HAZARDOUS_WASTE_TO_LANDFILL_TONNES_SITE_QUANTITY,NON_HAZARDOUS_WASTE_RECYCLED_TONNES_PRODUCT_QUANTITY,NON_HAZARDOUS_WASTE_RECYCLED_TONNES_SITE_QUANTITY,NON_HAZARDOUS_WASTE_TONNES_PRODUCT_QUANTITY,NON_HAZARDOUS_WASTE_TONNES_SITE_QUANTITY,NON_HAZARDOUS_WASTE_TO_LANDFILL_TONNES_PRODUCT_QUANTITY,NON_HAZARDOUS_WASTE_TO_LANDFILL_TONNES_SITE_QUANTITY,RECYCLED_WASTE_TONNES_PRODUCT_QUANTITY,RECYCLED_WASTE_TONNES_SITE_QUANTITY,REPORTING_MONTH_NUMBER,REPORTING_QUARTER_NUMBER,REPORTING_YEAR_NUMBER,SHE_SITE_NAME,SRC_SYS_NM,TOTAL_HAZARDOUS_WASTE_RECYCLED_TONNES_QUANTITY,TOTAL_HAZARDOUS_WASTE_TONNES_QUANTITY,TOTAL_HAZARDOUS_WASTE_TO_LANDFILL_TONNES_QUANTITY,TOTAL_NON_HAZARDOUS_WASTE_RECYCLED_TONNES_QUANTITY,TOTAL_NON_HAZARDOUS_WASTE_TONNES_QUANTITY,TOTAL_NON_HAZARDOUS_WASTE_TO_LANDFILL_TONNES_QUANTITY,TOTAL_RECYCLED_WASTE_TONNES_QUANTITY,TOTAL_WASTE_TONNES_QUANTITY,TOTAL_WASTE_TO_LANDFILL_TONNES_QUANTITY,WASTE_TONNES_PRODUCT_QUANTITY,WASTE_TONNES_SITE_QUANTITY,WASTE_TO_LANDFILL_TONNES_PRODUCT_QUANTITY,WASTE_TO_LANDFILL_TONNES_SITE_QUANTITY
12.1,10.18,6.79,22.35,14.9,2.43,1.62,47.89,33.55,70.7,47.14,14.72,9.02,58.07,40.34,1,1,2022,"Macclesfield, UK",ENABLON,16.97,37.25,4.05,81.44,117.84,23.74,98.41,155.09,27.79,93.05,62.04,17.15,10.64
13.61,10.02,6.68,21.99,14.66,2.39,1.6,49.49,29.21,69.56,46.37,16.15,12.95,59.51,35.89,2,1,2022,"Macclesfield, UK",ENABLON,16.7,36.65,3.99,78.7,115.93,29.1,95.4,152.58,33.09,91.55,61.03,18.54,14.55
13.68,11.65,7.77,25.58,17.05,2.79,1.86,51.07,34.22,80.91,53.94,15.69,10.38,62.72,41.99,3,1,2022,"Macclesfield, UK",ENABLON,19.42,42.63,4.65,85.29,134.85,26.07,104.71,177.48,30.72,106.49,70.99,18.48,12.24
16.29,11.71,7.81,25.71,17.14,2.8,1.87,53.3,35.04,81.3,54.2,15.84,10.77,65.01,42.85,4,2,2022,"Macclesfield, UK",ENABLON,19.52,42.85,4.67,88.34,135.5,26.61,107.86,178.35,31.28,107.01,71.34,18.64,12.64
14.6,11.75,7.83,25.79,17.19,2.81,1.87,52.99,35.49,81.55,54.37,13.56,8.98,64.74,43.32,5,2,2022,"Macclesfield, UK",ENABLON,19.58,42.98,4.68,88.48,135.92,22.54,108.06,178.9,27.22,107.34,71.56,16.37,10.85
10.49,10.98,7.32,24.11,16.07,2.63,1.75,48.11,33.26,76.26,50.84,10.26,6.47,59.09,40.58,6,2,2022,"Macclesfield, UK",ENABLON,18.3,40.18,4.38,81.37,127.1,16.73,99.67,167.28,21.11,100.37,66.91,12.89,8.22
12.35,12.08,8.06,26.53,17.69,2.89,1.93,56.0,36.08,83.92,55.94,21.37,14.95,68.08,44.14,7,3,2022,"Macclesfield, UK",ENABLON,20.14,44.22,4.82,92.08,139.86,36.32,112.22,184.08,41.14,110.45,73.63,24.26,16.88
10.64,10.19,6.8,22.38,14.92,2.44,1.62,46.58,33.41,70.79,47.19,11.8,6.95,56.77,40.21,8,3,2022,"Macclesfield, UK",ENABLON,16.99,37.3,4.06,79.99,117.98,18.75,96.98,155.28,22.81,93.17,62.11,14.24,8.57
16.16,9.62,6.41,21.11,14.08,2.3,1.53,46.77,30.01,66.77,44.51,10.28,7.32,56.39,36.42,9,3,2022,"Macclesfield, UK",ENABLON,16.03,35.19,3.83,76.78,111.28,17.6,92.81,146.47,21.43,87.88,58.59,12.58,8.85
16.99,10.79,7.19,23.69,15.79,2.58,1.72,50.36,34.64,74.93,49.95,12.84,8.12,61.15,41.83,10,4,2022,"Macclesfield, UK",ENABLON,17.98,39.48,4.3,85.0,124.88,20.96,102.98,164.36,25.26,98.62,65.74,15.42,9.84
17.2,10.28,6.86,22.57,15.05,2.46,1.64,50.16,31.38,71.37,47.58,8.9,6.63,60.44,38.24,11,4,2022,"Macclesfield, UK",ENABLON,17.14,37.62,4.1,81.54,118.95,15.53,98.68,156.57,19.63,93.94,62.63,11.36,8.27
11.51,9.98,6.65,21.9,14.6,2.38,1.59,48.83,31.26,69.28,46.18,13.69,9.76,58.81,37.91,12,4,2022,"Macclesfield, UK",ENABLON,16.63,36.5,3.97,80.09,115.46,23.45,96.72,151.96,27.42,91.18,60.78,16.07,11.35
16.13,12.87,8.58,26.24,17.49,2.67,1.78,56.57,42.06,82.97,55.32,15.78,8.51,69.44,50.64,1,1,2023,"Macclesfield, UK",ENABLON,21.45,43.73,4.45,98.63,138.29,24.29,120.08,182.02,28.74,109.21,72.81,18.45,10.29
12.74,12.94,8.63,26.39,17.59,2.69,1.79,57.89,42.63,83.46,55.64,17.45,9.55,70.83,51.26,2,1,2023,"Macclesfield, UK",ENABLON,21.57,43.98,4.48,100.52,139.1,27.0,122.09,183.08,31.48,109.85,73.23,20.14,11.34
18.94,11.0,7.33,22.43,14.95,2.29,1.52,49.54,34.33,70.95,47.3,16.2,10.07,60.54,41.66,3,1,2023,"Macclesfield, UK",ENABLON,18.33,37.38,3.81,83.87,118.25,26.27,102.2,155.63,30.08,93.38,62.25,18.49,11.59
22.99,13.6,9.07,27.73,18.49,2.83,1.88,66.45,44.73,87.72,58.48,12.55,8.19,80.05,53.8,4,2,2023,"Macclesfield, UK",ENABLON,22.67,46.22,4.71,111.18,146.2,20.74,133.85,192.42,25.45,115.45,76.97,15.38,10.07
18.83,13.62,9.08,27.77,18.51,2.83,1.89,62.66,39.88,87.81,58.54,19.94,14.39,76.28,48.96,5,2,2023,"Macclesfield, UK",ENABLON,22.7,46.28,4.72,102.54,146.35,34.33,125.24,192.63,39.05,115.58,77.05,22.77,16.28
10.39,10.38,6.93,21.17,14.12,2.16,1.44,49.51,32.59,66.97,44.64,7.41,5.08,59.89,39.52,6,2,2023,"Macclesfield, UK",ENABLON,17.31,35.29,3.6,82.1,111.61,12.49,99.41,146.9,16.09,88.14,58.76,9.57,6.52
16.67,12.37,8.25,25.21,16.81,2.57,1.71,58.91,39.76,79.73,53.15,15.01,9.75,71.28,48.01,7,3,2023,"Macclesfield, UK",ENABLON,20.62,42.02,4.28,98.67,132.88,24.76,119.29,174.9,29.04,104.94,69.96,17.58,11.46
22.05,12.8,8.53,26.09,17.39,2.66,1.77,63.08,41.54,82.51,55.01,8.78,6.04,75.88,50.07,8,3,2023,"Macclesfield, UK",ENABLON,21.33,43.48,4.43,104.62,137.52,14.82,125.95,181.0,19.25,108.6,72.4,11.44,7.81
13.12,11.7,7.8,23.86,15.91,2.43,1.62,53.72,37.57,75.46,50.3,10.5,6.33,65.42,45.37,9,3,2023,"Macclesfield, UK",ENABLON,19.5,39.77,4.05,91.29,125.76,16.83,110.79,165.53,20.88,99.32,66.21,12.93,7.95
18.37,10.89,7.26,22.2,14.8,2.26,1.51,51.89,32.53,70.2,46.8,14.44,10.79,62.78,39.79,10,4,2023,"Macclesfield, UK",ENABLON,18.15,37.0,3.77,84.42,117.0,25.23,102.57,154.0,29.0,92.4,61.6,16.7,12.3
13.89,11.96,7.98,24.39,16.26,2.49,1.66,55.8,38.06,77.13,51.42,10.71,6.8,67.76,46.04,11,4,2023,"Macclesfield, UK",ENABLON,19.94,40.65,4.15,93.86,128.55,17.51,113.8,169.2,21.66,101.52,67.68,13.2,8.46
14.74,12.88,8.59,26.26,17.51,2.68,1.78,57.37,40.19,83.06,55.37,9.58,5.78,70.25,48.78,12,4,2023,"Macclesfield, UK",ENABLON,21.47,43.77,4.46,97.56,138.43,15.36,119.03,182.2,19.82,109.32,72.88,12.26,7.56
13.51,11.19,7.46,21.3,14.2,2.02,1.35,54.6,33.13,67.37,44.91,11.21,9.36,65.79,40.59,1,1,2024,"Macclesfield, UK",ENABLON,18.65,35.5,3.37,87.73,112.28,20.57,106.38,147.78,23.94,88.67,59.11,13.23,10.71
20.2,14.12,9.42,26.87,17.92,2.55,1.7,63.55,44.57,85.0,56.66,16.16,9.56,77.67,53.99,2,1,2024,"Macclesfield, UK",ENABLON,23.54,44.79,4.25,108.12,141.66,25.72,131.66,186.45,29.97,111.87,74.58,18.71,11.26
11.27,11.05,7.36,21.02,14.01,1.99,1.33,52.04,33.58,66.48,44.33,8.04,5.82,63.09,40.94,3,1,2024,"Macclesfield, UK",ENABLON,18.41,35.03,3.32,85.62,110.81,13.86,104.03,145.84,17.18,87.5,58.34,10.03,7.15
21.26,13.79,9.2,26.24,17.5,2.49,1.66,65.94,43.01,83.0,55.33,9.98,7.05,79.73,52.21,4,2,2024,"Macclesfield, UK",ENABLON,22.99,43.74,4.15,108.95,138.33,17.03,131.94,182.07,21.18,109.24,72.83,12.47,8.71
14.15,12.31,8.2,23.42,15.61,2.22,1.48,59.52,35.99,74.06,49.38,11.82,9.9,71.83,44.19,5,2,2024,"Macclesfield, UK",ENABLON,20.51,39.03,3.7,95.51,123.44,21.72,116.02,162.47,25.42,97.48,64.99,14.04,11.38
28.03,14.8,9.87,28.17,18.78,2.67,1.78,72.98,43.98,89.09,59.39,10.93,9.44,87.78,53.85,6,2,2024,"Macclesfield, UK",ENABLON,24.67,46.95,4.45,116.96,148.48,20.37,141.63,195.43,24.82,117.26,78.17,13.6,11.22
18.07,14.07,9.38,26.78,17.85,2.54,1.69,62.14,45.19,84.7,56.47,15.93,8.65,76.21,54.57,7,3,2024,"Macclesfield, UK",ENABLON,23.45,44.63,4.23,107.33,141.17,24.58,130.78,185.8,28.81,111.48,74.32,18.47,10.34
23.8,13.59,9.06,25.86,17.24,2.45,1.64,64.26,44.11,81.78,54.52,11.41,7.01,77.85,53.17,8,3,2024,"Macclesfield, UK",ENABLON,22.65,43.1,4.09,108.37,136.3,18.42,131.02,179.4,22.51,107.64,71.76,13.86,8.65
19.55,11.9,7.93,22.65,15.1,2.15,1.43,55.91,35.8,71.62,47.75,12.2,8.94,67.81,43.73,9,3,2024,"Macclesfield, UK",ENABLON,19.83,37.75,3.58,91.71,119.37,21.14,111.54,157.12,24.72,94.27,62.85,14.35,10.37
20.92,11.65,7.77,22.17,14.78,2.1,1.4,55.72,34.86,70.1,46.73,8.12,6.35,67.37,42.63,10,4,2024,"Macclesfield, UK",ENABLON,19.42,36.95,3.5,90.58,116.83,14.47,110.0,153.78,17.97,92.27,61.51,10.22,7.75
12.34,11.4,7.6,21.7,14.47,2.06,1.37,50.9,33.92,68.65,45.77,13.61,9.09,62.3,41.52,11,4,2024,"Macclesfield, UK",ENABLON,19.0,36.17,3.43,84.82,114.42,22.7,103.82,150.59,26.13,90.35,60.24,15.67,10.46
14.45,12.95,8.63,24.65,16.43,2.34,1.56,61.36,41.33,77.95,51.97,6.33,4.09,74.31,49.96,12,4,2024,"Macclesfield, UK",ENABLON,21.58,41.08,3.9,102.69,129.92,10.42,124.27,171.0,14.32,102.6,68.4,8.67,5.65
12.66,12.52,8.35,22.33,14.89,1.96,1.31,58.99,38.26,70.62,47.08,4.92,3.62,71.51,46.61,1,1,2025,"Macclesfield, UK",ENABLON,20.87,37.22,3.27,97.25,117.7,8.54,118.12,154.92,11.81,92.95,61.97,6.88,4.93
19.26,12.8,8.53,22.83,15.22,2.01,1.34,63.07,41.73,72.2,48.13,4.31,2.98,75.87,50.26,2,1,2025,"Macclesfield, UK",ENABLON,21.33,38.05,3.35,104.8,120.33,7.29,126.13,158.38,10.64,95.03,63.35,6.32,4.32
14.5,14.8,9.86,26.4,17.6,2.32,1.55,69.71,47.67,83.5,55.66,8.18,4.95,84.51,57.53,3,1,2025,"Macclesfield, UK",ENABLON,24.66,44.0,3.87,117.38,139.16,13.13,142.04,183.16,17.0,109.9,73.26,10.5,6.5
18.24,15.21,10.14,27.14,18.09,2.39,1.59,72.04,48.74,85.84,57.23,5.67,3.56,87.25,58.88,4,2,2025,"Macclesfield, UK",ENABLON,25.35,45.23,3.98,120.78,143.07,9.23,146.13,188.3,13.21,112.98,75.32,8.06,5.15
22.29,12.12,8.08,21.63,14.42,1.9,1.27,57.29,35.87,68.41,45.61,4.37,3.62,69.41,43.95,5,2,2025,"Macclesfield, UK",ENABLON,20.2,36.05,3.17,93.16,114.02,7.99,113.36,150.07,11.16,90.04,60.03,6.27,4.89
25.29,15.76,10.5,28.11,18.74,2.47,1.65,75.47,46.38,88.91,59.27,7.89,6.83,91.23,56.88,6,2,2025,"Macclesfield, UK",ENABLON,26.26,46.85,4.12,121.85,148.18,14.72,148.11,195.03,18.84,117.02,78.01,10.36,8.48
13.86,12.62,8.41,22.51,15.01,1.98,1.32,59.13,39.01,71.2,47.46,7.54,5.2,71.75,47.42,7,3,2025,"Macclesfield, UK",ENABLON,21.03,37.52,3.3,98.14,118.66,12.74,119.17,156.18,16.04,93.71,62.47,9.52,6.52
19.3,13.15,8.77,23.47,15.65,2.06,1.38,57.69,38.97,74.23,49.48,11.57,7.45,70.84,47.74,8,3,2025,"Macclesfield, UK",ENABLON,21.92,39.12,3.44,96.66,123.71,19.02,118.58,162.83,22.46,97.7,65.13,13.63,8.83
17.29,12.29,8.19,21.92,14.62,1.93,1.29,54.23,39.67,69.34,46.22,7.69,3.76,66.52,47.86,9,3,2025,"Macclesfield, UK",ENABLON,20.48,36.54,3.22,93.9,115.56,11.45,114.38,152.1,14.67,91.26,60.84,9.62,5.05
20.72,15.25,10.17,27.21,18.14,2.39,1.59,74.66,45.11,86.07,57.38,4.79,4.63,89.91,55.28,10,4,2025,"Macclesfield, UK",ENABLON,25.42,45.35,3.98,119.77,143.45,9.42,145.19,188.8,13.4,113.28,75.52,7.18,6.22
15.98,12.39,8.26,22.1,14.74,1.94,1.3,55.58,39.16,69.91,46.6,11.61,6.55,67.97,47.42,11,4,2025,"Macclesfield, UK",ENABLON,20.65,36.84,3.24,94.74,116.51,18.16,115.39,153.35,21.4,92.01,61.34,13.55,7.85
15.97,15.45,10.3,27.57,18.38,2.42,1.62,68.28,49.87,87.19,58.12,8.47,4.11,83.73,60.17,12,4,2025,"Macclesfield, UK",ENABLON,25.75,45.95,4.04,118.15,145.31,12.58,143.9,191.26,16.62,114.76,76.5,10.89,5.73
7.46,5.02,3.34,11.8,7.86,1.36,0.9,19.39,11.61,28.72,19.15,7.92,6.05,24.41,14.95,1,1,2022,"Gothenburg, Sweden",ENABLON,8.36,19.66,2.26,31.0,47.87,13.97,39.36,67.53,16.23,40.52,27.01,9.28,6.95
6.44,5.0,3.33,11.76,7.84,1.35,0.9,18.37,11.67,28.62,19.08,6.81,4.82,23.37,15.0,2,1,2022,"Gothenburg, Sweden",ENABLON,8.33,19.6,2.25,30.04,47.7,11.63,38.37,67.3,13.88,40.38,26.92,8.16,5.72
4.52,4.34,2.89,10.21,6.8,1.17,0.78,15.46,10.82,24.84,16.56,7.15,4.48,19.8,13.71,3,1,2022,"Gothenburg, Sweden",ENABLON,7.23,17.01,1.95,26.28,41.4,11.63,33.51,58.41,13.58,35.05,23.36,8.32,5.26
6.17,4.27,2.85,10.05,6.7,1.16,0.77,15.97,11.0,24.45,16.3,7.11,4.54,20.24,13.85,4,2,2022,"Gothenburg, Sweden",ENABLON,7.12,16.75,1.93,26.97,40.75,11.65,34.09,57.5,13.58,34.5,23.0,8.27,5.31
4.37,5.15,3.43,12.12,8.08,1.39,0.93,17.61,11.87,29.52,19.68,9.56,6.3,22.76,15.3,5,2,2022,"Gothenburg, Sweden",ENABLON,8.58,20.2,2.32,29.48,49.2,15.86,38.06,69.4,18.18,41.64,27.76,10.95,7.23
6.93,5.07,3.38,11.94,7.95,1.37,0.91,18.3,12.08,29.05,19.37,7.73,5.21,23.37,15.46,6,2,2022,"Gothenburg, Sweden",ENABLON,8.45,19.89,2.28,30.38,48.42,12.94,38.83,68.31,15.22,40.99,27.32,9.1,6.12
4.72,4.82,3.21,11.33,7.55,1.3,0.87,17.8,11.07,27.57,18.39,8.27,5.98,22.62,14.28,7,3,2022,"Gothenburg, Sweden",ENABLON,8.03,18.88,2.17,28.87,45.96,14.25,36.9,64.84,16.42,38.9,25.94,9.57,6.85
4.36,4.25,2.83,10.0,6.67,1.15,0.77,14.9,11.07,24.35,16.23,5.17,2.97,19.15,13.9,8,3,2022,"Gothenburg, Sweden",ENABLON,7.08,16.67,1.92,25.97,40.58,8.14,33.05,57.25,10.06,34.35,22.9,6.32,3.74
4.92,4.73,3.16,11.14,7.43,1.28,0.85,17.14,11.85,27.12,18.08,7.54,4.8,21.87,15.01,9,3,2022,"Gothenburg, Sweden",ENABLON,7.89,18.57,2.13,28.99,45.2,12.34,36.88,63.77,14.47,38.26,25.51,8.82,5.65
6.09,5.29,3.52,12.44,8.29,1.43,0.95,18.69,13.17,30.27,20.18,6.54,4.06,23.98,16.69,10,4,2022,"Gothenburg, Sweden",ENABLON,8.81,20.73,2.38,31.86,50.45,10.6,40.67,71.18,12.98,42.71,28.47,7.97,5.01
6.14,4.9,3.26,11.52,7.68,1.32,0.88,18.69,12.0,28.03,18.69,5.31,3.73,23.59,15.26,11,4,2022,"Gothenburg, Sweden",ENABLON,8.16,19.2,2.2,30.69,46.72,9.04,38.85,65.92,11.24,39.55,26.37,6.63,4.61
6.36,4.73,3.15,11.13,7.42,1.28,0.85,17.78,11.67,27.11,18.07,6.97,4.75,22.51,14.82,12,4,2022,"Gothenburg, Sweden",ENABLON,7.88,18.55,2.13,29.45,45.18,11.72,37.33,63.73,13.85,38.24,25.49,8.25,5.6
5.91,4.83,3.22,10.5,7.0,1.13,0.76,18.85,11.0,25.55,17.03,2.64,2.23,23.68,14.22,1,1,2023,"Gothenburg, Sweden",ENABLON,8.05,17.5,1.89,29.85,42.58,4.87,37.9,60.08,6.76,36.05,24.03,3.77,2.99
8.48,5.97,3.97,12.97,8.64,1.4,0.93,20.54,15.39,31.56,21.05,5.89,3.25,26.51,19.36,2,1,2023,"Gothenburg, Sweden",ENABLON,9.94,21.61,2.33,35.93,52.61,9.14,45.87,74.22,11.47,44.53,29.69,7.29,4.18
8.39,5.82,3.88,12.65,8.44,1.37,0.91,20.73,14.82,30.81,20.54,4.43,2.62,26.55,18.7,3,1,2023,"Gothenburg, Sweden",ENABLON,9.7,21.09,2.28,35.55,51.35,7.05,45.25,72.44,9.33,43.46,28.98,5.8,3.53
4.92,5.99,3.99,13.02,8.68,1.41,0.94,21.16,15.42,31.68,21.12,8.21,4.76,27.15,19.41,4,2,2023,"Gothenburg, Sweden",ENABLON,9.98,21.7,2.35,36.58,52.8,12.97,46.56,74.5,15.32,44.7,29.8,9.62,5.7
3.85,4.67,3.12,10.16,6.78,1.1,0.73,17.59,12.11,24.74,16.49,4.12,2.59,22.26,15.23,5,2,2023,"Gothenburg, Sweden",ENABLON,7.79,16.94,1.83,29.7,41.23,6.71,37.49,58.17,8.54,34.9,23.27,5.22,3.32
5.02,5.98,3.98,12.99,8.66,1.4,0.94,22.47,14.34,31.63,21.09,6.67,4.76,28.45,18.32,6,2,2023,"Gothenburg, Sweden",ENABLON,9.96,21.65,2.34,36.81,52.72,11.43,46.77,74.37,13.77,44.62,29.75,8.07,5.7
4.77,5.78,3.85,12.56,8.37,1.36,0.9,19.81,14.8,30.56,20.38,5.82,3.24,25.59,18.65,7,3,2023,"Gothenburg, Sweden",ENABLON,9.63,20.93,2.26,34.61,50.94,9.06,44.24,71.87,11.32,43.12,28.75,7.18,4.14
4.3,4.58,3.05,9.96,6.64,1.08,0.72,17.47,11.28,24.23,16.15,3.11,2.2,22.05,14.33,8,3,2023,"Gothenburg, Sweden",ENABLON,7.63,16.6,1.8,28.75,40.38,5.31,36.38,56.98,7.11,34.19,22.79,4.19,2.92
6.31,5.63,3.75,12.23,8.16,1.32,0.88,21.15,14.19,29.79,19.85,4.62,3.05,26.78,17.94,9,3,2023,"Gothenburg, Sweden",ENABLON,9.38,20.39,2.2,35.34,49.64,7.67,44.72,70.03,9.87,42.02,28.01,5.94,3.93
4.59,4.99,3.33,10.85,7.23,1.17,0.78,18.74,12.63,26.4,17.6,4.05,2.64,23.73,15.96,10,4,2023,"Gothenburg, Sweden",ENABLON,8.32,18.08,1.95,31.37,44.0,6.69,39.69,62.08,8.64,37.25,24.83,5.22,3.42
4.57,5.84,3.9,12.7,8.47,1.37,0.91,22.12,13.37,30.93,20.62,5.7,4.42,27.96,17.27,11,4,2023,"Gothenburg, Sweden",ENABLON,9.74,21.17,2.28,35.49,51.55,10.12,45.23,72.72,12.4,43.63,29.09,7.07,5.33
8.45,5.77,3.85,12.54,8.36,1.35,0.9,22.18,14.41,30.52,20.35,5.69,3.97,27.95,18.26,12,4,2023,"Gothenburg, Sweden",ENABLON,9.62,20.9,2.25,36.59,50.87,9.66,46.21,71.77,11.91,43.06,28.71,7.04,4.87
5.79,6.35,4.24,12.83,8.56,1.3,0.86,23.92,15.51,31.25,20.83,4.6,3.26,30.27,19.75,1,1,2024,"Gothenburg, Sweden",ENABLON,10.59,21.39,2.16,39.43,52.08,7.86,50.02,73.47,10.02,44.08,29.39,5.9,4.12
6.26,6.45,4.3,13.02,8.68,1.31,0.88,25.1,15.77,31.69,21.13,3.13,2.41,31.55,20.07,2,1,2024,"Gothenburg, Sweden",ENABLON,10.75,21.7,2.19,40.87,52.82,5.54,51.62,74.52,7.73,44.71,29.81,4.44,3.29
6.86,5.85,3.9,11.81,7.87,1.19,0.79,20.49,13.73,28.74,19.17,6.25,4.14,26.34,17.63,3,1,2024,"Gothenburg, Sweden",ENABLON,9.75,19.68,1.98,34.22,47.91,10.39,43.97,67.59,12.37,40.55,27.04,7.44,4.93
8.03,6.22,4.15,12.57,8.38,1.27,0.85,22.69,15.83,30.6,20.4,4.35,2.62,28.91,19.98,4,2,2024,"Gothenburg, Sweden",ENABLON,10.37,20.95,2.12,38.52,51.0,6.97,48.89,71.95,9.09,43.17,28.78,5.62,3.47
5.78,6.2,4.13,12.52,8.35,1.26,0.84,23.61,14.45,30.48,20.32,5.26,4.14,29.81,18.58,5,2,2024,"Gothenburg, Sweden",ENABLON,10.33,20.87,2.1,38.06,50.8,9.4,48.39,71.67,11.5,43.0,28.67,6.52,4.98
3.93,4.98,3.32,10.06,6.71,1.02,0.68,18.49,11.47,24.5,16.33,5.12,3.89,23.47,14.79,6,2,2024,"Gothenburg, Sweden",ENABLON,8.3,16.77,1.7,29.96,40.83,9.01,38.26,57.6,10.71,34.56,23.04,6.14,4.57
7.01,5.28,3.51,10.66,7.1,1.08,0.72,18.18,12.95,25.94,17.3,5.22,3.08,23.46,16.46,7,3,2024,"Gothenburg, Sweden",ENABLON,8.79,17.76,1.8,31.13,43.24,8.3,39.92,61.0,10.1,36.6,24.4,6.3,3.8
5.3,5.32,3.55,10.75,7.17,1.09,0.72,19.84,13.07,26.16,17.44,2.55,1.75,25.16,16.62,8,3,2024,"Gothenburg, Sweden",ENABLON,8.87,17.92,1.81,32.91,43.6,4.3,41.78,61.52,6.11,36.91,24.61,3.64,2.47
5.28,6.45,4.3,13.03,8.69,1.32,0.88,23.82,15.88,31.73,21.15,6.46,4.31,30.27,20.18,9,3,2024,"Gothenburg, Sweden",ENABLON,10.75,21.72,2.2,39.7,52.88,10.77,50.45,74.6,12.97,44.76,29.84,7.78,5.19
5.24,5.33,3.55,10.77,7.18,1.09,0.73,18.23,13.78,26.21,17.47,4.37,2.25,23.56,17.33,10,4,2024,"Gothenburg, Sweden",ENABLON,8.88,17.95,1.82,32.01,43.68,6.62,40.89,61.63,8.44,36.98,24.65,5.46,2.98
8.42,5.47,3.65,11.05,7.37,1.12,0.74,20.71,12.81,26.91,17.94,4.98,3.84,26.18,16.46,11,4,2024,"Gothenburg, Sweden",ENABLON,9.12,18.42,1.86,33.52,44.85,8.82,42.64,63.27,10.68,37.96,25.31,6.1,4.58
5.0,5.99,3.99,12.1,8.06,1.22,0.81,21.65,13.82,29.44,19.63,6.04,4.35,27.64,17.81,12,4,2024,"Gothenburg, Sweden",ENABLON,9.98,20.16,2.03,35.47,49.07,10.39,45.45,69.23,12.42,41.54,27.69,7.26,5.16
8.06,6.6,4.4,12.45,8.3,1.17,0.78,24.45,15.35,30.32,20.21,3.69,2.85,31.05,19.75,1,1,2025,"Gothenburg, Sweden",ENABLON,11.0,20.75,1.95,39.8,50.53,6.54,50.8,71.28,8.49,42.77,28.51,4.86,3.63
9.48,6.68,4.45,12.6,8.4,1.18,0.79,23.32,15.85,30.69,20.46,4.65,2.97,30.0,20.3,2,1,2025,"Gothenburg, Sweden",ENABLON,11.13,21.0,1.97,39.17,51.15,7.62,50.3,72.15,9.59,43.29,28.86,5.83,3.76
7.05,5.31,3.54,10.01,6.67,0.94,0.63,20.42,13.33,24.37,16.25,3.75,2.65,25.73,16.87,3,1,2025,"Gothenburg, Sweden",ENABLON,8.85,16.68,1.57,33.75,40.62,6.4,42.6,57.3,7.97,34.38,22.92,4.69,3.28
8.9,6.53,4.35,12.32,8.21,1.16,0.77,25.39,15.22,29.99,20.0,3.57,3.16,31.92,19.57,4,2,2025,"Gothenburg, Sweden",ENABLON,10.88,20.53,1.93,40.61,49.99,6.73,51.49,70.52,8.66,42.31,28.21,4.73,3.93
6.62,6.32,4.21,11.92,7.95,1.12,0.75,22.63,16.31,29.01,19.34,5.3,2.88,28.95,20.52,5,2,2025,"Gothenburg, Sweden",ENABLON,10.53,19.87,1.87,38.94,48.35,8.18,49.47,68.22,10.05,40.93,27.29,6.42,3.63
8.06,5.79,3.86,10.92,7.28,1.03,0.68,21.0,14.8,26.6,17.73,5.06,2.92,26.79,18.66,6,2,2025,"Gothenburg, Sweden",ENABLON,9.65,18.2,1.71,35.8,44.33,7.98,45.45,62.53,9.69,37.52,25.01,6.09,3.6
5.2,5.84,3.89,11.02,7.34,1.04,0.69,21.7,13.7,26.82,17.88,2.28,1.77,27.54,17.59,7,3,2025,"Gothenburg, Sweden",ENABLON,9.73,18.36,1.73,35.4,44.7,4.05,45.13,63.06,5.78,37.84,25.22,3.32,2.46
9.29,6.28,4.18,11.84,7.89,1.11,0.74,23.91,15.31,28.82,19.21,2.48,1.87,30.19,19.49,8,3,2025,"Gothenburg, Sweden",ENABLON,10.46,19.73,1.85,39.22,48.03,4.35,49.68,67.76,6.2,40.66,27.1,3.59,2.61
5.4,6.13,4.09,11.56,7.71,1.09,0.72,23.28,15.89,28.15,18.76,2.27,1.4,29.41,19.98,9,3,2025,"Gothenburg, Sweden",ENABLON,10.22,19.27,1.81,39.17,46.91,3.67,49.39,66.18,5.48,39.71,26.47,3.36,2.12
6.02,5.7,3.81,10.76,7.18,1.01,0.67,19.95,14.73,26.21,17.47,3.34,1.68,25.65,18.54,10,4,2025,"Gothenburg, Sweden",ENABLON,9.51,17.94,1.68,34.68,43.68,5.02,44.19,61.62,6.7,36.97,24.65,4.35,2.35
6.09,5.3,3.53,10.0,6.66,0.94,0.63,20.1,12.38,24.33,16.23,2.43,2.0,25.4,15.91,11,4,2025,"Gothenburg, Sweden",ENABLON,8.83,16.66,1.57,32.48,40.56,4.43,41.31,57.22,6.0,34.33,22.89,3.37,2.63
5.01,5.6,3.73,10.57,7.04,0.99,0.66,20.92,14.36,25.72,17.15,2.35,1.43,26.52,18.09,12,4,2025,"Gothenburg, Sweden",ENABLON,9.33,17.61,1.65,35.28,42.87,3.78,44.61,60.48,5.43,36.29,24.19,3.34,2.09
13.45,4.51,3.01,8.5,5.67,0.8,0.53,54.68,36.22,70.27,46.85,5.83,3.97,59.19,39.23,1,1,2022,"Gaithersburg, USA",ENABLON,7.52,14.17,1.33,90.9,117.12,9.8,98.42,131.29,11.13,78.77,52.52,6.63,4.5
16.36,5.13,3.42,9.67,6.44,0.91,0.6,58.49,41.61,79.91,53.28,12.19,6.81,63.62,45.03,2,1,2022,"Gaithersburg, USA",ENABLON,8.55,16.11,1.51,100.1,133.19,19.0,108.65,149.3,20.51,89.58,59.72,13.1,7.41
15.28,4.32,2.88,8.14,5.43,0.76,0.51,51.0,34.74,67.27,44.84,9.01,5.64,55.32,37.62,3,1,2022,"Gaithersburg, USA",ENABLON,7.2,13.57,1.27,85.74,112.11,14.65,92.94,125.68,15.92,75.41,50.27,9.77,6.15
19.54,4.99,3.32,9.4,6.26,0.88,0.59,59.8,37.34,77.66,51.78,5.85,4.67,64.79,40.66,4,2,2022,"Gaithersburg, USA",ENABLON,8.31,15.66,1.47,97.14,129.44,10.52,105.45,145.1,11.99,87.06,58.04,6.73,5.26
12.41,4.35,2.9,8.21,5.47,0.77,0.51,49.84,32.3,67.88,45.25,6.28,4.49,54.19,35.2,5,2,2022,"Gaithersburg, USA",ENABLON,7.25,13.68,1.28,82.14,113.13,10.77,89.39,126.81,12.05,76.09,50.72,7.05,5.0
17.94,4.59,3.06,8.66,5.77,0.81,0.54,52.98,33.81,71.61,47.74,10.38,7.66,57.57,36.87,6,2,2022,"Gaithersburg, USA",ENABLON,7.65,14.43,1.35,86.79,119.35,18.04,94.44,133.78,19.39,80.27,53.51,11.19,8.2
18.48,4.6,3.07,8.67,5.78,0.81,0.54,54.63,33.8,71.66,47.77,11.33,9.05,59.23,36.87,7,3,2022,"Gaithersburg, USA",ENABLON,7.67,14.45,1.35,88.43,119.43,20.38,96.1,133.88,21.73,80.33,53.55,12.14,9.59
20.52,5.02,3.35,9.47,6.31,0.89,0.59,56.98,37.41,78.25,52.17,9.27,6.41,62.0,40.76,8,3,2022,"Gaithersburg, USA",ENABLON,8.37,15.78,1.48,94.39,130.42,15.68,102.76,146.2,17.16,87.72,58.48,10.16,7.0
10.14,4.63,3.09,8.73,5.82,0.82,0.55,53.42,36.53,72.12,48.08,7.92,4.93,58.05,39.62,9,3,2022,"Gaithersburg, USA",ENABLON,7.72,14.55,1.37,89.95,120.2,12.85,97.67,134.75,14.22,80.85,53.9,8.74,5.48
9.08,4.17,2.78,7.86,5.24,0.74,0.49,49.01,32.04,64.94,43.29,7.03,4.94,53.18,34.82,10,4,2022,"Gaithersburg, USA",ENABLON,6.95,13.1,1.23,81.05,108.23,11.97,88.0,121.33,13.2,72.8,48.53,7.77,5.43
14.68,4.79,3.19,9.03,6.02,0.85,0.57,58.19,36.45,74.62,49.75,7.59,6.02,62.98,39.64,11,4,2022,"Gaithersburg, USA",ENABLON,7.98,15.05,1.42,94.64,124.37,13.61,102.62,139.42,15.03,83.65,55.77,8.44,6.59
16.34,4.61,3.07,8.69,5.79,0.82,0.54,55.61,33.76,71.85,47.9,11.08,9.34,60.22,36.83,12,4,2022,"Gaithersburg, USA",ENABLON,7.68,14.48,1.36,89.37,119.75,20.42,97.05,134.23,21.78,80.54,53.69,11.9,9.88
13.3,4.61,3.08,8.16,5.44,0.71,0.47,50.84,36.14,67.42,44.95,5.75,3.11,55.45,39.22,1,1,2023,"Gaithersburg, USA",ENABLON,7.69,13.6,1.18,86.98,112.37,8.86,94.67,125.97,10.04,75.58,50.39,6.46,3.58
16.81,4.65,3.1,8.23,5.49,0.72,0.48,56.16,36.79,68.04,45.36,6.35,4.53,60.81,39.89,2,1,2023,"Gaithersburg, USA",ENABLON,7.75,13.72,1.2,92.95,113.4,10.88,100.7,127.12,12.08,76.27,50.85,7.07,5.01
12.78,4.6,3.06,8.13,5.42,0.71,0.47,50.72,36.82,67.2,44.8,10.71,5.43,55.32,39.88,3,1,2023,"Gaithersburg, USA",ENABLON,7.66,13.55,1.18,87.54,112.0,16.14,95.2,125.55,17.32,75.33,50.22,11.42,5.9
16.09,5.33,3.55,9.43,6.28,0.82,0.55,60.63,39.55,77.92,51.95,8.29,5.89,65.96,43.1,4,2,2023,"Gaithersburg, USA",ENABLON,8.88,15.71,1.37,100.18,129.87,14.18,109.06,145.58,15.55,87.35,58.23,9.11,6.44
18.54,5.24,3.49,9.26,6.17,0.8,0.54,61.95,38.83,76.53,51.02,6.76,5.5,67.19,42.32,5,2,2023,"Gaithersburg, USA",ENABLON,8.73,15.43,1.34,100.78,127.55,12.26,109.51,142.98,13.6,85.79,57.19,7.56,6.04
10.79,4.79,3.19,8.47,5.65,0.74,0.49,57.23,34.88,70.02,46.67,7.15,6.34,62.02,38.07,6,2,2023,"Gaithersburg, USA",ENABLON,7.98,14.12,1.23,92.11,116.69,13.49,100.09,130.81,14.72,78.49,52.32,7.89,6.83
21.01,5.2,3.47,9.2,6.14,0.8,0.53,59.02,40.69,76.08,50.71,11.75,7.03,64.22,44.16,7,3,2023,"Gaithersburg, USA",ENABLON,8.67,15.34,1.33,99.71,126.79,18.78,108.38,142.13,20.11,85.28,56.85,12.55,7.56
16.22,5.31,3.54,9.4,6.27,0.82,0.55,60.23,42.13,77.7,51.8,6.62,3.73,65.54,45.67,8,3,2023,"Gaithersburg, USA",ENABLON,8.85,15.67,1.37,102.36,129.5,10.35,111.21,145.17,11.72,87.1,58.07,7.44,4.28
12.94,4.43,2.95,7.83,5.22,0.68,0.45,49.01,35.61,64.77,43.18,10.64,5.37,53.44,38.56,9,3,2023,"Gaithersburg, USA",ENABLON,7.38,13.05,1.13,84.62,107.95,16.01,92.0,121.0,17.14,72.6,48.4,11.32,5.82
11.48,4.99,3.32,8.82,5.88,0.77,0.51,57.37,36.28,72.87,48.58,9.86,7.66,62.36,39.6,10,4,2023,"Gaithersburg, USA",ENABLON,8.31,14.7,1.28,93.65,121.45,17.52,101.96,136.15,18.8,81.69,54.46,10.63,8.17
20.12,4.88,3.25,8.63,5.75,0.75,0.5,53.87,39.67,71.32,47.55,7.0,3.29,58.75,42.92,11,4,2023,"Gaithersburg, USA",ENABLON,8.13,14.38,1.25,93.54,118.87,10.29,101.67,133.25,11.54,79.95,53.3,7.75,3.79
13.4,4.83,3.22,8.55,5.7,0.74,0.5,53.84,37.51,70.69,47.13,7.76,4.5,58.67,40.73,12,4,2023,"Gaithersburg, USA",ENABLON,8.05,14.25,1.24,91.35,117.82,12.26,99.4,132.07,13.5,79.24,52.83,8.5,5.0
23.27,5.97,3.98,9.95,6.63,0.8,0.53,69.76,48.59,82.25,54.84,4.21,2.18,75.73,52.57,1,1,2024,"Gaithersburg, USA",ENABLON,9.95,16.58,1.33,118.35,137.09,6.39,128.3,153.67,7.72,92.2,61.47,5.01,2.71
16.29,4.5,3.0,7.49,4.99,0.6,0.4,52.06,36.28,61.91,41.28,6.59,3.52,56.56,39.28,2,1,2024,"Gaithersburg, USA",ENABLON,7.5,12.48,1.0,88.34,103.19,10.11,95.84,115.67,11.11,69.4,46.27,7.19,3.92
17.63,5.49,3.66,9.15,6.1,0.73,0.49,62.96,42.2,75.66,50.44,5.91,3.84,68.45,45.86,3,1,2024,"Gaithersburg, USA",ENABLON,9.15,15.25,1.22,105.16,126.1,9.75,114.31,141.35,10.97,84.81,56.54,6.64,4.33
15.65,5.3,3.53,8.82,5.88,0.7,0.47,58.6,42.12,72.93,48.62,5.6,2.65,63.9,45.65,4,2,2024,"Gaithersburg, USA",ENABLON,8.83,14.7,1.17,100.72,121.55,8.25,109.55,136.25,9.42,81.75,54.5,6.3,3.12
18.5,4.75,3.17,7.91,5.28,0.63,0.42,55.26,37.06,65.41,43.6,4.89,3.17,60.01,40.23,5,2,2024,"Gaithersburg, USA",ENABLON,7.92,13.19,1.05,92.32,109.01,8.06,100.24,122.2,9.11,73.32,48.88,5.52,3.59
22.06,5.56,3.7,9.26,6.17,0.74,0.49,62.74,42.59,76.52,51.02,7.76,4.81,68.3,46.29,6,2,2024,"Gaithersburg, USA",ENABLON,9.26,15.43,1.23,105.33,127.54,12.57,114.59,142.97,13.8,85.78,57.19,8.5,5.3
20.94,5.82,3.88,9.7,6.47,0.78,0.52,69.77,47.49,80.18,53.45,3.95,2.31,75.59,51.37,7,3,2024,"Gaithersburg, USA",ENABLON,9.7,16.17,1.3,117.26,133.63,6.26,126.96,149.8,7.56,89.88,59.92,4.73,2.83
21.9,5.45,3.63,9.07,6.04,0.72,0.48,62.98,41.58,74.95,49.97,7.47,5.2,68.43,45.21,8,3,2024,"Gaithersburg, USA",ENABLON,9.08,15.11,1.2,104.56,124.92,12.67,113.64,140.03,13.87,84.02,56.01,8.19,5.68
12.55,4.63,3.09,7.71,5.14,0.62,0.41,54.08,35.48,63.73,42.48,3.32,2.39,58.71,38.57,9,3,2024,"Gaithersburg, USA",ENABLON,7.72,12.85,1.03,89.56,106.21,5.71,97.28,119.06,6.74,71.44,47.62,3.94,2.8
12.68,5.13,3.42,8.55,5.7,0.68,0.46,59.14,38.38,70.7,47.14,5.53,4.11,64.27,41.8,10,4,2024,"Gaithersburg, USA",ENABLON,8.55,14.25,1.14,97.52,117.84,9.64,106.07,132.09,10.78,79.25,52.84,6.21,4.57
15.65,5.21,3.48,8.68,5.79,0.69,0.46,63.56,38.49,71.76,47.84,6.01,6.24,68.77,41.97,11,4,2024,"Gaithersburg, USA",ENABLON,8.69,14.47,1.15,102.05,119.6,12.25,110.74,134.07,13.4,80.44,53.63,6.7,6.7
17.01,5.76,3.84,9.6,6.4,0.77,0.51,68.59,45.54,79.39,52.93,3.66,2.5,74.35,49.38,12,4,2024,"Gaithersburg, USA",ENABLON,9.6,16.0,1.28,114.13,132.32,6.16,123.73,148.32,7.44,88.99,59.33,4.43,3.01
19.97,5.11,3.41,8.04,5.36,0.59,0.39,61.66,38.42,66.42,44.28,2.33,2.57,66.77,41.83,1,1,2025,"Gaithersburg, USA",ENABLON,8.52,13.4,0.98,100.08,110.7,4.9,108.6,124.1,5.88,74.46,49.64,2.92,2.96
17.61,6.06,4.04,9.54,6.36,0.7,0.46,68.07,46.31,78.83,52.56,7.42,4.43,74.13,50.35,2,1,2025,"Gaithersburg, USA",ENABLON,10.1,15.9,1.16,114.38,131.39,11.85,124.48,147.29,13.01,88.37,58.92,8.12,4.89
17.74,4.76,3.17,7.49,4.99,0.55,0.36,54.29,35.27,61.9,41.27,5.09,3.9,59.05,38.44,3,1,2025,"Gaithersburg, USA",ENABLON,7.93,12.48,0.91,89.56,103.17,8.99,97.49,115.65,9.9,69.39,46.26,5.64,4.26
15.25,5.73,3.83,9.02,6.02,0.66,0.44,69.86,43.41,74.6,49.73,4.14,4.65,75.59,47.24,4,2,2025,"Gaithersburg, USA",ENABLON,9.56,15.04,1.1,113.27,124.33,8.79,122.83,139.37,9.89,83.62,55.75,4.8,5.09
23.91,6.36,4.24,10.01,6.67,0.73,0.49,74.81,47.34,82.71,55.14,5.61,5.12,81.17,51.58,5,2,2025,"Gaithersburg, USA",ENABLON,10.6,16.68,1.22,122.15,137.85,10.73,132.75,154.53,11.95,92.72,61.81,6.34,5.61
13.92,5.7,3.8,8.97,5.98,0.65,0.44,66.97,42.1,74.11,49.41,5.53,5.19,72.67,45.9,6,2,2025,"Gaithersburg, USA",ENABLON,9.5,14.95,1.09,109.07,123.52,10.72,118.57,138.47,11.81,83.08,55.39,6.18,5.63
23.49,6.24,4.16,9.82,6.55,0.72,0.48,71.74,48.27,81.21,54.14,3.58,2.24,77.98,52.43,7,3,2025,"Gaithersburg, USA",ENABLON,10.4,16.37,1.2,120.01,135.35,5.82,130.41,151.72,7.02,91.03,60.69,4.3,2.72
19.46,5.57,3.72,8.77,5.85,0.64,0.43,66.63,43.66,72.52,48.34,4.39,3.34,72.2,47.38,8,3,2025,"Gaithersburg, USA",ENABLON,9.29,14.62,1.07,110.29,120.86,7.73,119.58,135.48,8.8,81.29,54.19,5.03,3.77
12.2,5.17,3.44,8.13,5.42,0.59,0.4,62.87,40.12,67.22,44.81,2.05,2.01,68.04,43.56,9,3,2025,"Gaithersburg, USA",ENABLON,8.61,13.55,0.99,102.99,112.03,4.06,111.6,125.58,5.05,75.35,50.23,2.64,2.41
19.77,5.46,3.64,8.6,5.73,0.63,0.42,63.91,42.78,71.06,47.38,2.54,1.64,69.37,46.42,10,4,2025,"Gaithersburg, USA",ENABLON,9.1,14.33,1.05,106.69,118.44,4.18,115.79,132.77,5.23,79.66,53.11,3.17,2.06
14.48,6.27,4.18,9.87,6.58,0.72,0.48,71.6,46.05,81.56,54.37,6.37,5.12,77.87,50.23,11,4,2025,"Gaithersburg, USA",ENABLON,10.45,16.45,1.2,117.65,135.93,11.49,128.1,152.38,12.69,91.43,60.95,7.09,5.6
21.76,5.49,3.66,8.64,5.76,0.63,0.42,62.52,43.0,71.42,47.61,3.85,2.08,68.01,46.66,12,4,2025,"Gaithersburg, USA",ENABLON,9.15,14.4,1.05,105.52,119.03,5.93,114.67,133.43,6.98,80.06,53.37,4.48,2.5
7.33,5.11,3.41,12.73,8.49,1.52,1.02,29.35,19.6,48.76,32.5,11.93,7.93,34.46,23.01,1,1,2022,"Cambridge, UK",ENABLON,8.52,21.22,2.54,48.95,81.26,19.86,57.47,102.48,22.4,61.49,40.99,13.45,8.95
6.52,5.33,3.55,13.28,8.85,1.59,1.06,30.12,20.06,50.84,33.9,11.99,8.01,35.45,23.61,2,1,2022,"Cambridge, UK",ENABLON,8.88,22.13,2.65,50.18,84.74,20.0,59.06,106.87,22.65,64.12,42.75,13.58,9.07
9.44,4.66,3.1,11.6,7.73,1.39,0.93,24.61,17.46,44.43,29.62,8.91,5.53,29.27,20.56,3,1,2022,"Cambridge, UK",ENABLON,7.76,19.33,2.32,42.07,74.05,14.44,49.83,93.38,16.76,56.03,37.35,10.3,6.46
6.23,4.14,2.76,10.31,6.88,1.23,0.82,22.59,15.32,39.48,26.32,11.49,7.52,26.73,18.08,4,2,2022,"Cambridge, UK",ENABLON,6.9,17.19,2.05,37.91,65.8,19.01,44.81,82.99,21.06,49.79,33.2,12.72,8.34
5.27,4.7,3.14,11.71,7.81,1.4,0.93,24.74,16.37,44.86,29.9,14.55,9.77,29.44,19.51,5,2,2022,"Cambridge, UK",ENABLON,7.84,19.52,2.33,41.11,74.76,24.32,48.95,94.28,26.65,56.57,37.71,15.95,10.7
9.67,4.98,3.32,12.41,8.27,1.49,0.99,27.02,18.16,47.5,31.67,14.49,9.58,32.0,21.48,6,2,2022,"Cambridge, UK",ENABLON,8.3,20.68,2.48,45.18,79.17,24.07,53.48,99.85,26.55,59.91,39.94,15.98,10.57
7.17,4.26,2.84,10.62,7.08,1.27,0.85,22.73,14.82,40.65,27.1,10.15,6.92,26.99,17.66,7,3,2022,"Cambridge, UK",ENABLON,7.1,17.7,2.12,37.55,67.75,17.07,44.65,85.45,19.19,51.27,34.18,11.42,7.77
7.51,4.06,2.7,10.1,6.73,1.21,0.81,23.88,15.9,38.65,25.77,8.05,5.38,27.94,18.6,8,3,2022,"Cambridge, UK",ENABLON,6.76,16.83,2.02,39.78,64.42,13.43,46.54,81.25,15.45,48.75,32.5,9.26,6.19
6.24,4.78,3.19,11.91,7.94,1.43,0.95,27.35,16.95,45.6,30.4,13.24,9.57,32.13,20.14,9,3,2022,"Cambridge, UK",ENABLON,7.97,19.85,2.38,44.3,76.0,22.81,52.27,95.85,25.19,57.51,38.34,14.67,10.52
8.1,4.05,2.7,10.09,6.73,1.21,0.81,22.53,14.11,38.63,25.75,6.44,4.61,26.58,16.81,10,4,2022,"Cambridge, UK",ENABLON,6.75,16.82,2.02,36.64,64.38,11.05,43.39,81.2,13.07,48.72,32.48,7.65,5.42
7.69,4.17,2.78,10.39,6.93,1.24,0.83,22.67,14.9,39.78,26.52,7.3,4.94,26.84,17.68,11,4,2022,"Cambridge, UK",ENABLON,6.95,17.32,2.07,37.57,66.3,12.24,44.52,83.62,14.31,50.17,33.45,8.54,5.77
7.78,5.34,3.56,13.3,8.87,1.59,1.06,29.58,19.2,50.91,33.94,15.57,10.69,34.92,22.76,12,4,2022,"Cambridge, UK",ENABLON,8.9,22.17,2.65,48.78,84.85,26.26,57.68,107.02,28.91,64.21,42.81,17.16,11.75
8.66,5.21,3.47,11.93,7.95,1.34,0.9,29.79,18.79,45.67,30.45,8.8,6.34,35.0,22.26,1,1,2023,"Cambridge, UK",ENABLON,8.68,19.88,2.24,48.58,76.12,15.14,57.26,96.0,17.38,57.6,38.4,10.14,7.24
9.91,4.97,3.32,11.39,7.6,1.28,0.86,26.5,17.71,43.63,29.08,10.64,7.06,31.47,21.03,2,1,2023,"Cambridge, UK",ENABLON,8.29,18.99,2.14,44.21,72.71,17.7,52.5,91.7,19.84,55.02,36.68,11.92,7.92
6.87,4.79,3.2,10.98,7.32,1.24,0.82,26.88,17.49,42.02,28.01,10.06,6.94,31.67,20.69,3,1,2023,"Cambridge, UK",ENABLON,7.99,18.3,2.06,44.37,70.03,17.0,52.36,88.33,19.06,53.0,35.33,11.3,7.76
8.84,5.58,3.72,12.78,8.52,1.44,0.96,30.94,21.82,48.95,32.63,12.8,7.86,36.52,25.54,4,2,2023,"Cambridge, UK",ENABLON,9.3,21.3,2.4,52.76,81.58,20.66,62.06,102.88,23.06,61.73,41.15,14.24,8.82
8.78,5.51,3.67,12.62,8.41,1.42,0.95,31.05,21.19,48.31,32.21,10.33,6.65,36.56,24.86,5,2,2023,"Cambridge, UK",ENABLON,9.18,21.03,2.37,52.24,80.52,16.98,61.42,101.55,19.35,60.93,40.62,11.75,7.6
6.69,5.23,3.49,11.98,7.99,1.35,0.9,29.53,19.06,45.89,30.59,6.03,4.22,34.76,22.55,6,2,2023,"Cambridge, UK",ENABLON,8.72,19.97,2.25,48.59,76.48,10.25,57.31,96.45,12.5,57.87,38.58,7.38,5.12
8.85,4.41,2.94,10.1,6.74,1.14,0.76,24.76,16.35,38.69,25.79,6.47,4.38,29.17,19.29,7,3,2023,"Cambridge, UK",ENABLON,7.35,16.84,1.9,41.11,64.48,10.85,48.46,81.32,12.75,48.79,32.53,7.61,5.14
6.97,5.35,3.57,12.26,8.17,1.38,0.92,29.17,20.95,46.93,31.29,6.24,3.7,34.52,24.52,8,3,2023,"Cambridge, UK",ENABLON,8.92,20.43,2.3,50.12,78.22,9.94,59.04,98.65,12.24,59.19,39.46,7.62,4.62
8.81,4.85,3.23,11.12,7.41,1.25,0.84,26.49,18.63,42.59,28.39,5.95,3.65,31.34,21.86,9,3,2023,"Cambridge, UK",ENABLON,8.08,18.53,2.09,45.12,70.98,9.6,53.2,89.51,11.69,53.71,35.8,7.2,4.49
5.38,4.93,3.29,11.29,7.53,1.27,0.85,26.09,18.88,43.25,28.83,8.03,4.76,31.02,22.17,10,4,2023,"Cambridge, UK",ENABLON,8.22,18.82,2.12,44.97,72.08,12.79,53.19,90.9,14.91,54.54,36.36,9.3,5.61
8.44,4.86,3.24,11.14,7.43,1.26,0.84,28.01,17.93,42.67,28.44,10.67,7.53,32.87,21.17,11,4,2023,"Cambridge, UK",ENABLON,8.1,18.57,2.1,45.94,71.11,18.2,54.04,89.68,20.3,53.81,35.87,11.93,8.37
6.95,4.95,3.3,11.34,7.56,1.28,0.85,27.59,18.57,43.44,28.96,6.08,4.0,32.54,21.87,12,4,2023,"Cambridge, UK",ENABLON,8.25,18.9,2.13,46.16,72.4,10.08,54.41,91.3,12.21,54.78,36.52,7.36,4.85
12.28,5.72,3.81,12.13,8.08,1.28,0.85,33.17,22.18,46.43,30.96,5.06,3.36,38.89,25.99,1,1,2024,"Cambridge, UK",ENABLON,9.53,20.21,2.13,55.35,77.39,8.42,64.88,97.6,10.55,58.56,39.04,6.34,4.21
7.07,5.41,3.61,11.47,7.65,1.21,0.81,29.35,20.66,43.92,29.28,6.96,4.2,34.76,24.27,2,1,2024,"Cambridge, UK",ENABLON,9.02,19.12,2.02,50.01,73.2,11.16,59.03,92.32,13.18,55.39,36.93,8.17,5.01
7.65,6.04,4.03,12.81,8.54,1.35,0.9,35.59,22.36,49.06,32.71,7.28,5.44,41.63,26.39,3,1,2024,"Cambridge, UK",ENABLON,10.07,21.35,2.25,57.95,81.77,12.72,68.02,103.12,14.97,61.87,41.25,8.63,6.34
6.9,4.99,3.33,10.59,7.06,1.12,0.75,27.32,18.08,40.54,27.02,7.78,5.24,32.31,21.41,4,2,2024,"Cambridge, UK",ENABLON,8.32,17.65,1.87,45.4,67.56,13.02,53.72,85.21,14.89,51.13,34.08,8.9,5.99
8.48,5.78,3.85,12.25,8.17,1.29,0.86,34.03,22.34,46.92,31.28,9.81,6.74,39.81,26.19,5,2,2024,"Cambridge, UK",ENABLON,9.63,20.42,2.15,56.37,78.2,16.55,66.0,98.62,18.7,59.17,39.45,11.1,7.6
7.08,6.11,4.07,12.95,8.63,1.37,0.91,35.58,22.33,49.59,33.06,10.63,7.89,41.69,26.4,6,2,2024,"Cambridge, UK",ENABLON,10.18,21.58,2.28,57.91,82.65,18.52,68.09,104.23,20.8,62.54,41.69,12.0,8.8
10.4,5.78,3.85,12.26,8.17,1.3,0.86,30.48,20.26,46.93,31.29,11.1,7.44,36.26,24.11,7,3,2024,"Cambridge, UK",ENABLON,9.63,20.43,2.16,50.74,78.22,18.54,60.37,98.65,20.7,59.19,39.46,12.4,8.3
7.44,5.16,3.44,10.95,7.3,1.16,0.77,28.33,19.73,41.94,27.96,7.9,4.88,33.49,23.17,8,3,2024,"Cambridge, UK",ENABLON,8.6,18.25,1.93,48.06,69.9,12.78,56.66,88.15,14.71,52.89,35.26,9.06,5.65
11.65,5.72,3.81,12.14,8.09,1.28,0.86,32.57,20.92,46.49,31.0,7.6,5.41,38.29,24.73,9,3,2024,"Cambridge, UK",ENABLON,9.53,20.23,2.14,53.49,77.49,13.01,63.02,97.72,15.15,58.63,39.09,8.88,6.27
6.93,6.31,4.21,13.39,8.93,1.42,0.94,34.52,22.28,51.28,34.19,10.15,7.13,40.83,26.49,10,4,2024,"Cambridge, UK",ENABLON,10.52,22.32,2.36,56.8,85.47,17.28,67.32,107.79,19.64,64.67,43.12,11.57,8.07
8.42,4.79,3.19,10.15,6.77,1.07,0.72,25.28,16.65,38.88,25.92,6.45,4.38,30.07,19.84,11,4,2024,"Cambridge, UK",ENABLON,7.98,16.92,1.79,41.93,64.8,10.83,49.91,81.72,12.62,49.03,32.69,7.52,5.1
7.85,5.43,3.62,11.52,7.68,1.22,0.81,29.01,19.29,44.11,29.41,10.87,7.28,34.44,22.91,12,4,2024,"Cambridge, UK",ENABLON,9.05,19.2,2.03,48.3,73.52,18.15,57.35,92.72,20.18,55.63,37.09,12.09,8.09
9.62,6.67,4.45,13.17,8.78,1.3,0.87,39.03,26.19,50.41,33.61,8.72,5.71,45.7,30.64,1,1,2025,"Cambridge, UK",ENABLON,11.12,21.95,2.17,65.22,84.02,14.43,76.34,105.97,16.6,63.58,42.39,10.02,6.58
9.49,6.46,4.31,12.75,8.5,1.26,0.84,37.86,22.75,48.82,32.55,4.3,3.67,44.32,27.06,2,1,2025,"Cambridge, UK",ENABLON,10.77,21.25,2.1,60.61,81.37,7.97,71.38,102.62,10.07,61.57,41.05,5.56,4.51
7.63,6.15,4.1,12.14,8.09,1.2,0.8,33.18,23.65,46.5,31.0,5.58,3.18,39.33,27.75,3,1,2025,"Cambridge, UK",ENABLON,10.25,20.23,2.0,56.83,77.5,8.76,67.08,97.73,10.76,58.64,39.09,6.78,3.98
12.21,5.88,3.92,11.61,7.74,1.15,0.76,34.12,20.76,44.44,29.63,7.29,5.91,40.0,24.68,4,2,2025,"Cambridge, UK",ENABLON,9.8,19.35,1.91,54.88,74.07,13.2,64.68,93.42,15.11,56.05,37.37,8.44,6.67
11.24,6.78,4.52,13.39,8.93,1.32,0.88,37.41,24.84,51.26,34.17,5.57,3.75,44.19,29.36,5,2,2025,"Cambridge, UK",ENABLON,11.3,22.32,2.2,62.25,85.43,9.32,73.55,107.75,11.52,64.65,43.1,6.89,4.63
11.93,6.09,4.06,12.02,8.01,1.19,0.79,35.81,22.99,46.03,30.69,5.21,3.83,41.9,27.05,6,2,2025,"Cambridge, UK",ENABLON,10.15,20.03,1.98,58.8,76.72,9.04,68.95,96.75,11.02,58.05,38.7,6.4,4.62
9.08,5.46,3.64,10.78,7.19,1.06,0.71,29.56,19.63,41.28,27.52,4.48,3.01,35.02,23.27,7,3,2025,"Cambridge, UK",ENABLON,9.1,17.97,1.77,49.19,68.8,7.49,58.29,86.77,9.26,52.06,34.71,5.54,3.72
7.96,6.61,4.41,13.06,8.71,1.29,0.86,37.82,24.98,50.01,33.34,5.45,3.72,44.43,29.39,8,3,2025,"Cambridge, UK",ENABLON,11.02,21.77,2.15,62.8,83.35,9.17,73.82,105.12,11.32,63.07,42.05,6.74,4.58
12.83,6.79,4.53,13.41,8.94,1.32,0.88,35.44,23.77,51.34,34.23,6.9,4.55,42.23,28.3,9,3,2025,"Cambridge, UK",ENABLON,11.32,22.35,2.2,59.21,85.57,11.45,70.53,107.92,13.65,64.75,43.17,8.22,5.43
8.68,5.39,3.6,10.65,7.1,1.05,0.7,28.87,18.98,40.76,27.17,7.13,4.88,34.26,22.58,10,4,2025,"Cambridge, UK",ENABLON,8.99,17.75,1.75,47.85,67.93,12.01,56.84,85.68,13.76,51.41,34.27,8.18,5.58
8.3,6.59,4.39,13.01,8.67,1.28,0.86,35.74,25.19,49.81,33.21,7.66,4.51,42.33,29.58,11,4,2025,"Cambridge, UK",ENABLON,10.98,21.68,2.14,60.93,83.02,12.17,71.91,104.7,14.31,62.82,41.88,8.94,5.37
12.85,5.96,3.97,11.76,7.84,1.16,0.77,31.93,23.2,45.04,30.03,6.58,3.61,37.89,27.17,12,4,2025,"Cambridge, UK",ENABLON,9.93,19.6,1.93,55.13,75.07,10.19,65.06,94.67,12.12,56.8,37.87,7.74,4.38
20.64,10.2,6.8,19.86,13.24,1.93,1.29,55.71,37.68,78.13,52.08,10.65,6.88,65.91,44.48,1,1,2022,"Shanghai, China",ENABLON,17.0,33.1,3.22,93.39,130.21,17.53,110.39,163.31,20.75,97.99,65.32,12.58,8.17
16.43,11.76,7.84,22.89,15.26,2.23,1.48,70.1,42.7,90.03,60.02,14.03,11.47,81.86,50.54,2,1,2022,"Shanghai, China",ENABLON,19.6,38.15,3.71,112.8,150.05,25.5,132.4,188.2,29.21,112.92,75.28,16.26,12.95
19.53,12.59,8.4,24.5,16.34,2.38,1.59,67.52,45.94,96.39,64.25,17.95,11.5,80.11,54.34,3,1,2022,"Shanghai, China",ENABLON,20.99,40.84,3.97,113.46,160.64,29.45,134.45,201.48,33.42,120.89,80.59,20.33,13.09
13.33,10.47,6.98,20.37,13.58,1.98,1.32,56.54,41.84,80.13,53.42,12.4,6.49,67.01,48.82,4,2,2022,"Shanghai, China",ENABLON,17.45,33.95,3.3,98.38,133.55,18.89,115.83,167.5,22.19,100.5,67.0,14.38,7.81
13.42,11.27,7.51,21.93,14.62,2.13,1.42,60.62,42.82,86.25,57.5,11.72,6.9,71.89,50.33,5,2,2022,"Shanghai, China",ENABLON,18.78,36.55,3.55,103.44,143.75,18.62,122.22,180.3,22.17,108.18,72.12,13.85,8.32
18.5,11.76,7.84,22.89,15.26,2.23,1.48,66.35,45.94,90.04,60.02,11.29,6.87,78.11,53.78,6,2,2022,"Shanghai, China",ENABLON,19.6,38.15,3.71,112.29,150.06,18.16,131.89,188.21,21.87,112.93,75.28,13.52,8.35
21.74,11.58,7.72,22.53,15.02,2.19,1.46,65.88,44.12,88.63,59.09,12.3,8.12,77.46,51.84,7,3,2022,"Shanghai, China",ENABLON,19.3,37.55,3.65,110.0,147.72,20.42,129.3,185.27,24.07,111.16,74.11,14.49,9.58
13.61,11.75,7.84,22.87,15.25,2.22,1.48,64.62,47.16,89.98,59.99,9.31,4.91,76.37,55.0,8,3,2022,"Shanghai, China",ENABLON,19.59,38.12,3.7,111.78,149.97,14.22,131.37,188.09,17.92,112.85,75.24,11.53,6.39
18.11,10.47,6.98,20.37,13.58,1.98,1.32,56.68,37.62,80.15,53.44,10.3,6.93,67.15,44.6,9,3,2022,"Shanghai, China",ENABLON,17.45,33.95,3.3,94.3,133.59,17.23,111.75,167.54,20.53,100.52,67.02,12.28,8.25
24.4,11.99,7.99,23.33,15.55,2.27,1.51,64.91,44.91,91.78,61.19,17.61,10.89,76.9,52.9,10,4,2022,"Shanghai, China",ENABLON,19.98,38.88,3.78,109.82,152.97,28.5,129.8,191.85,32.28,115.11,76.74,19.88,12.4
15.14,10.48,6.98,20.39,13.59,1.98,1.32,61.77,38.33,80.2,53.47,9.48,7.47,72.25,45.31,11,4,2022,"Shanghai, China",ENABLON,17.46,33.98,3.3,100.1,133.67,16.95,117.56,167.65,20.25,100.59,67.06,11.46,8.79
21.64,11.59,7.72,22.55,15.03,2.19,1.46,62.66,45.26,88.68,59.12,14.49,8.09,74.25,52.98,12,4,2022,"Shanghai, China",ENABLON,19.31,37.58,3.65,107.92,147.8,22.58,127.23,185.38,26.23,111.23,74.15,16.68,9.55
17.83,11.94,7.96,21.76,14.51,1.96,1.31,71.44,44.25,85.59,57.06,6.95,5.88,83.38,52.21,1,1,2023,"Shanghai, China",ENABLON,19.9,36.27,3.27,115.69,142.65,12.83,135.59,178.92,16.1,107.35,71.57,8.91,7.19
11.98,10.47,6.98,19.08,12.72,1.72,1.15,62.6,38.23,75.06,50.04,5.5,4.86,73.07,45.21,2,1,2023,"Shanghai, China",ENABLON,17.45,31.8,2.87,100.83,125.1,10.36,118.28,156.9,13.23,94.14,62.76,7.22,6.01
13.95,11.93,7.96,21.74,14.5,1.96,1.31,65.26,44.38,85.54,57.02,9.45,5.96,77.19,52.34,3,1,2023,"Shanghai, China",ENABLON,19.89,36.24,3.27,109.64,142.56,15.41,129.53,178.8,18.68,107.28,71.52,11.41,7.27
22.85,12.67,8.45,23.09,15.39,2.08,1.39,73.02,50.22,90.83,60.56,14.6,8.82,85.69,58.67,4,2,2023,"Shanghai, China",ENABLON,21.12,38.48,3.47,123.24,151.39,23.42,144.36,189.87,26.89,113.92,75.95,16.68,10.21
20.22,11.99,7.99,21.84,14.56,1.97,1.31,64.95,44.08,85.89,57.26,14.83,9.47,76.94,52.07,5,2,2023,"Shanghai, China",ENABLON,19.98,36.4,3.28,109.03,143.15,24.3,129.01,179.55,27.58,107.73,71.82,16.8,10.78
17.93,13.8,9.2,25.14,16.76,2.27,1.51,78.81,54.55,98.87,65.91,8.73,5.12,92.61,63.75,6,2,2023,"Shanghai, China",ENABLON,23.0,41.9,3.78,133.36,164.78,13.85,156.36,206.68,17.63,124.01,82.67,11.0,6.63
20.58,10.56,7.04,19.24,12.83,1.74,1.16,61.91,39.13,75.7,50.46,8.05,6.3,72.47,46.17,7,3,2023,"Shanghai, China",ENABLON,17.6,32.07,2.9,101.04,126.16,14.35,118.64,158.23,17.25,94.94,63.29,9.79,7.46
15.43,13.79,9.19,25.13,16.75,2.27,1.51,78.43,50.8,98.86,65.91,10.73,7.77,92.22,59.99,8,3,2023,"Shanghai, China",ENABLON,22.98,41.88,3.78,129.23,164.77,18.5,152.21,206.65,22.28,123.99,82.66,13.0,9.28
24.62,11.49,7.66,20.94,13.96,1.89,1.26,68.64,44.78,82.39,54.93,10.46,7.5,80.13,52.44,9,3,2023,"Shanghai, China",ENABLON,19.15,34.9,3.15,113.42,137.32,17.96,132.57,172.22,21.11,103.33,68.89,12.35,8.76
25.46,13.48,8.98,24.56,16.37,2.22,1.48,73.08,51.78,96.59,64.4,15.27,8.64,86.56,60.76,10,4,2023,"Shanghai, China",ENABLON,22.46,40.93,3.7,124.86,160.99,23.91,147.32,201.92,27.61,121.15,80.77,17.49,10.12
13.68,10.3,6.87,18.76,12.51,1.69,1.13,61.22,41.41,73.8,49.2,8.78,5.56,71.52,48.28,11,4,2023,"Shanghai, China",ENABLON,17.17,31.27,2.82,102.63,123.0,14.34,119.8,154.27,17.16,92.56,61.71,10.47,6.69
18.31,12.02,8.01,21.9,14.6,1.98,1.32,70.49,44.19,86.14,57.42,13.13,10.41,82.51,52.2,12,4,2023,"Shanghai, China",ENABLON,20.03,36.5,3.3,114.68,143.56,23.54,134.71,180.06,26.84,108.04,72.02,15.11,11.73
30.59,13.73,9.15,23.52,15.68,1.96,1.31,82.6,50.17,92.51,61.68,7.72,7.56,96.33,59.32,1,1,2024,"Shanghai, China",ENABLON,22.88,39.2,3.27,132.77,154.19,15.28,155.65,193.39,18.55,116.03,77.36,9.68,8.87
32.14,14.24,9.49,24.39,16.26,2.03,1.35,85.11,55.27,95.95,63.97,7.1,5.38,99.35,64.76,2,1,2024,"Shanghai, China",ENABLON,23.73,40.65,3.38,140.38,159.92,12.48,164.11,200.57,15.86,120.34,80.23,9.13,6.73
20.05,12.9,8.6,22.09,14.73,1.84,1.23,75.07,47.54,86.89,57.92,10.06,8.12,87.97,56.14,3,1,2024,"Shanghai, China",ENABLON,21.5,36.82,3.07,122.61,144.81,18.18,144.11,181.63,21.25,108.98,72.65,11.9,9.35
21.35,12.48,8.32,21.37,14.25,1.78,1.19,69.37,50.26,84.05,56.03,5.58,2.46,81.85,58.58,4,2,2024,"Shanghai, China",ENABLON,20.8,35.62,2.97,119.63,140.08,8.04,140.43,175.7,11.01,105.42,70.28,7.36,3.65
26.79,12.19,8.13,20.88,13.92,1.74,1.16,68.86,46.93,82.14,54.76,7.85,4.79,81.05,55.06,5,2,2024,"Shanghai, China",ENABLON,20.32,34.8,2.9,115.79,136.9,12.64,136.11,171.7,15.54,103.02,68.68,9.59,5.95
26.72,13.91,9.28,23.83,15.89,1.98,1.32,83.86,51.45,93.76,62.5,6.93,6.62,97.77,60.73,6,2,2024,"Shanghai, China",ENABLON,23.19,39.72,3.3,135.31,156.26,13.55,158.5,195.98,16.85,117.59,78.39,8.91,7.94
23.86,12.66,8.44,21.69,14.46,1.81,1.2,76.29,46.0,85.32,56.88,6.99,7.03,88.95,54.44,7,3,2024,"Shanghai, China",ENABLON,21.1,36.15,3.01,122.29,142.2,14.02,143.39,178.35,17.03,107.01,71.34,8.8,8.23
14.12,12.04,8.03,20.62,13.75,1.72,1.14,71.11,44.51,81.12,54.08,3.94,3.52,83.15,52.54,8,3,2024,"Shanghai, China",ENABLON,20.07,34.37,2.86,115.62,135.2,7.46,135.69,169.57,10.32,101.74,67.83,5.66,4.66
18.63,11.96,7.97,20.49,13.66,1.71,1.14,64.35,45.94,80.58,53.72,7.99,4.14,76.31,53.91,9,3,2024,"Shanghai, China",ENABLON,19.93,34.15,2.85,110.29,134.3,12.13,130.22,168.45,14.98,101.07,67.38,9.7,5.28
18.49,13.41,8.94,22.97,15.31,1.91,1.27,74.01,47.76,90.33,60.23,8.57,6.36,87.42,56.7,10,4,2024,"Shanghai, China",ENABLON,22.35,38.28,3.18,121.77,150.56,14.93,144.12,188.84,18.11,113.3,75.54,10.48,7.63
17.58,14.17,9.45,24.27,16.18,2.02,1.35,83.39,54.9,95.48,63.65,5.67,4.01,97.56,64.35,11,4,2024,"Shanghai, China",ENABLON,23.62,40.45,3.37,138.29,159.13,9.68,161.91,199.58,13.05,119.75,79.83,7.69,5.36
14.39,11.92,7.94,20.41,13.6,1.7,1.13,65.3,48.01,80.26,53.51,9.45,4.18,77.22,55.95,12,4,2024,"Shanghai, China",ENABLON,19.86,34.01,2.83,113.31,133.77,13.63,133.17,167.78,16.46,100.67,67.11,11.15,5.31
22.45,12.41,8.28,20.06,13.38,1.53,1.02,69.45,46.98,78.93,52.61,7.78,4.81,81.86,55.26,1,1,2025,"Shanghai, China",ENABLON,20.69,33.44,2.55,116.43,131.54,12.59,137.12,164.98,15.14,98.99,65.99,9.31,5.83
19.13,13.24,8.83,21.4,14.27,1.63,1.09,71.69,53.2,84.2,56.13,6.19,2.08,84.93,62.03,2,1,2025,"Shanghai, China",ENABLON,22.07,35.67,2.72,124.89,140.33,8.27,146.96,176.0,10.99,105.6,70.4,7.82,3.17
22.84,12.79,8.53,20.67,13.78,1.58,1.05,74.46,48.94,81.3,54.2,4.26,3.12,87.25,57.47,3,1,2025,"Shanghai, China",ENABLON,21.32,34.45,2.63,123.4,135.5,7.38,144.72,169.95,10.01,101.97,67.98,5.84,4.17
20.03,14.31,9.54,23.12,15.41,1.76,1.17,77.8,52.3,90.93,60.63,8.47,5.45,92.11,61.84,4,2,2025,"Shanghai, China",ENABLON,23.85,38.53,2.93,130.1,151.56,13.92,153.95,190.09,16.85,114.05,76.04,10.23,6.62
18.43,11.87,7.91,19.19,12.79,1.46,0.98,68.71,45.46,75.48,50.32,5.07,3.54,80.58,53.37,5,2,2025,"Shanghai, China",ENABLON,19.78,31.98,2.44,114.17,125.8,8.61,133.95,157.78,11.05,94.67,63.11,6.53,4.52
21.55,15.09,10.06,24.38,16.26,1.86,1.24,82.1,56.85,95.92,63.94,8.14,4.51,97.19,66.91,6,2,2025,"Shanghai, China",ENABLON,25.15,40.64,3.1,138.95,159.86,12.65,164.1,200.5,15.75,120.3,80.2,10.0,5.75
24.47,15.33,10.22,24.77,16.51,1.89,1.26,86.96,59.73,97.44,64.96,6.64,3.67,102.29,69.95,7,3,2025,"Shanghai, China",ENABLON,25.55,41.28,3.15,146.69,162.4,10.31,172.24,203.68,13.46,122.21,81.47,8.53,4.93
20.58,13.19,8.79,21.32,14.21,1.63,1.08,75.71,47.18,83.88,55.92,7.94,7.24,88.9,55.97,8,3,2025,"Shanghai, China",ENABLON,21.98,35.53,2.71,122.89,139.8,15.18,144.87,175.33,17.89,105.2,70.13,9.57,8.32
24.45,14.6,9.73,23.6,15.73,1.8,1.2,81.13,56.23,92.81,61.87,5.91,3.14,95.73,65.96,9,3,2025,"Shanghai, China",ENABLON,24.33,39.33,3.0,137.36,154.68,9.05,161.69,194.01,12.05,116.41,77.6,7.71,4.34
23.73,12.04,8.03,19.46,12.97,1.48,0.99,69.15,45.97,76.56,51.04,4.27,2.89,81.19,54.0,10,4,2025,"Shanghai, China",ENABLON,20.07,32.43,2.47,115.12,127.6,7.16,135.19,160.03,9.63,96.02,64.01,5.75,3.88
26.49,13.12,8.75,21.21,14.14,1.62,1.08,70.18,49.23,83.42,55.61,9.95,5.3,83.3,57.98,11,4,2025,"Shanghai, China",ENABLON,21.87,35.35,2.7,119.41,139.03,15.25,141.28,174.38,17.95,104.63,69.75,11.57,6.38
23.51,13.4,8.93,21.65,14.43,1.65,1.1,72.1,48.07,85.17,56.78,10.05,6.7,85.5,57.0,12,4,2025,"Shanghai, China",ENABLON,22.33,36.08,2.75,120.17,141.95,16.75,142.5,178.03,19.5,106.82,71.21,11.7,7.8
8.97,2.93,1.95,7.13,4.75,0.84,0.56,28.82,19.85,52.55,35.04,13.74,8.83,31.75,21.8,1,1,2022,"Osaka, Japan",ENABLON,4.88,11.88,1.4,48.67,87.59,22.57,53.55,99.47,23.97,59.68,39.79,14.58,9.39
10.02,3.16,2.1,7.68,5.12,0.9,0.6,31.6,20.69,56.64,37.76,9.25,6.3,34.76,22.79,2,1,2022,"Osaka, Japan",ENABLON,5.26,12.8,1.5,52.29,94.4,15.55,57.55,107.2,17.05,64.32,42.88,10.15,6.9
7.24,2.94,1.96,7.16,4.77,0.84,0.56,31.11,19.68,52.77,35.18,13.54,9.61,34.05,21.64,3,1,2022,"Osaka, Japan",ENABLON,4.9,11.93,1.4,50.79,87.95,23.15,55.69,99.88,24.55,59.93,39.95,14.38,10.17
8.79,2.78,1.85,6.76,4.51,0.8,0.53,27.16,20.29,49.85,33.23,11.08,6.42,29.94,22.14,4,2,2022,"Osaka, Japan",ENABLON,4.63,11.27,1.33,47.45,83.08,17.5,52.08,94.35,18.83,56.61,37.74,11.88,6.95
5.33,2.61,1.74,6.34,4.23,0.75,0.5,27.32,16.96,46.74,31.15,7.04,5.11,29.93,18.7,5,2,2022,"Osaka, Japan",ENABLON,4.35,10.57,1.25,44.28,77.89,12.15,48.63,88.46,13.4,53.08,35.38,7.79,5.61
5.47,2.68,1.79,6.53,4.36,0.77,0.51,28.9,18.49,48.16,32.1,9.24,6.5,31.58,20.28,6,2,2022,"Osaka, Japan",ENABLON,4.47,10.89,1.28,47.39,80.26,15.74,51.86,91.15,17.02,54.69,36.46,10.01,7.01
9.35,2.61,1.74,6.36,4.24,0.75,0.5,28.57,17.85,46.84,31.23,11.27,8.17,31.18,19.59,7,3,2022,"Osaka, Japan",ENABLON,4.35,10.6,1.25,46.42,78.07,19.44,50.77,88.67,20.69,53.2,35.47,12.02,8.67
9.38,2.99,1.99,7.27,4.85,0.86,0.57,31.6,21.41,53.58,35.72,13.79,9.01,34.59,23.4,8,3,2022,"Osaka, Japan",ENABLON,4.98,12.12,1.43,53.01,89.3,22.8,57.99,101.42,24.23,60.85,40.57,14.65,9.58
8.93,2.89,1.92,7.03,4.68,0.83,0.55,28.82,20.26,51.77,34.52,13.95,8.74,31.71,22.18,9,3,2022,"Osaka, Japan",ENABLON,4.81,11.71,1.38,49.08,86.29,22.69,53.89,98.0,24.07,58.8,39.2,14.78,9.29
6.57,2.66,1.77,6.46,4.31,0.76,0.51,27.66,18.86,47.63,31.75,9.77,6.32,30.32,20.63,10,4,2022,"Osaka, Japan",ENABLON,4.43,10.77,1.27,46.52,79.38,16.09,50.95,90.15,17.36,54.09,36.06,10.53,6.83
8.31,3.09,2.06,7.53,5.02,0.89,0.59,32.04,22.51,55.5,37.0,13.07,8.14,35.13,24.57,11,4,2022,"Osaka, Japan",ENABLON,5.15,12.55,1.48,54.55,92.5,21.21,59.7,105.05,22.69,63.03,42.02,13.96,8.73
5.94,3.12,2.08,7.6,5.06,0.9,0.6,32.03,20.58,55.97,37.32,11.25,7.83,35.15,22.66,12,4,2022,"Osaka, Japan",ENABLON,5.2,12.66,1.5,52.61,93.29,19.08,57.81,105.95,20.58,63.57,42.38,12.15,8.43
9.55,3.16,2.11,7.08,4.72,0.78,0.52,30.85,21.96,52.16,34.77,9.08,5.51,34.01,24.07,1,1,2023,"Osaka, Japan",ENABLON,5.27,11.8,1.3,52.81,86.93,14.59,58.08,98.73,15.89,59.24,39.49,9.86,6.03
12.97,3.58,2.38,8.02,5.34,0.89,0.59,35.08,25.04,59.07,39.39,15.38,9.31,38.66,27.42,2,1,2023,"Osaka, Japan",ENABLON,5.96,13.36,1.48,60.12,98.46,24.69,66.08,111.82,26.17,67.09,44.73,16.27,9.9
8.1,3.17,2.11,7.1,4.73,0.79,0.52,31.96,22.44,52.34,34.89,13.66,8.44,35.13,24.55,3,1,2023,"Osaka, Japan",ENABLON,5.28,11.83,1.31,54.4,87.23,22.1,59.68,99.06,23.41,59.44,39.62,14.45,8.96
9.23,3.54,2.36,7.94,5.29,0.88,0.59,36.03,24.45,58.48,38.99,12.86,8.35,39.57,26.81,4,2,2023,"Osaka, Japan",ENABLON,5.9,13.23,1.47,60.48,97.47,21.21,66.38,110.7,22.68,66.42,44.28,13.74,8.94
7.03,2.78,1.85,6.23,4.15,0.69,0.46,28.29,19.54,45.91,30.61,10.18,6.44,31.07,21.39,5,2,2023,"Osaka, Japan",ENABLON,4.63,10.38,1.15,47.83,76.52,16.62,52.46,86.9,17.77,52.14,34.76,10.87,6.9
8.38,3.4,2.27,7.63,5.09,0.85,0.56,34.37,24.29,56.26,37.5,12.96,7.92,37.77,26.56,6,2,2023,"Osaka, Japan",ENABLON,5.67,12.72,1.41,58.66,93.76,20.88,64.33,106.48,22.29,63.89,42.59,13.81,8.48
8.86,3.1,2.07,6.94,4.63,0.77,0.51,32.61,22.41,51.16,34.11,8.48,5.38,35.71,24.48,7,3,2023,"Osaka, Japan",ENABLON,5.17,11.57,1.28,55.02,85.27,13.86,60.19,96.84,15.14,58.1,38.74,9.25,5.89
9.97,3.35,2.23,7.51,5.01,0.83,0.56,36.42,23.35,55.37,36.91,11.48,8.14,39.77,25.58,8,3,2023,"Osaka, Japan",ENABLON,5.58,12.52,1.39,59.77,92.28,19.62,65.35,104.8,21.01,62.88,41.92,12.31,8.7
8.89,2.84,1.9,6.37,4.25,0.71,0.47,30.99,19.23,46.97,31.31,7.18,5.37,33.83,21.13,9,3,2023,"Osaka, Japan",ENABLON,4.74,10.62,1.18,50.22,78.28,12.55,54.96,88.9,13.73,53.34,35.56,7.89,5.84
6.47,3.1,2.07,6.96,4.64,0.77,0.51,33.48,20.32,51.32,34.21,6.78,5.21,36.58,22.39,10,4,2023,"Osaka, Japan",ENABLON,5.17,11.6,1.28,53.8,85.53,11.99,58.97,97.13,13.27,58.28,38.85,7.55,5.72
10.75,2.82,1.88,6.32,4.22,0.7,0.47,29.13,20.45,46.6,31.06,10.37,6.37,31.95,22.33,11,4,2023,"Osaka, Japan",ENABLON,4.7,10.54,1.17,49.58,77.66,16.74,54.28,88.2,17.91,52.92,35.28,11.07,6.84
7.71,3.49,2.33,7.83,5.22,0.87,0.58,35.1,24.78,57.74,38.49,14.51,8.88,38.59,27.11,12,4,2023,"Osaka, Japan",ENABLON,5.82,13.05,1.45,59.88,96.23,23.39,65.7,109.28,24.84,65.57,43.71,15.38,9.46
11.83,3.85,2.57,8.01,5.34,0.83,0.55,39.57,27.41,59.07,39.38,6.72,4.16,43.42,29.98,1,1,2024,"Osaka, Japan",ENABLON,6.42,13.35,1.38,66.98,98.45,10.88,73.4,111.8,12.26,67.08,44.72,7.55,4.71
9.16,3.05,2.03,6.34,4.23,0.66,0.44,30.04,21.91,46.73,31.15,9.91,5.61,33.09,23.94,2,1,2024,"Osaka, Japan",ENABLON,5.08,10.57,1.1,51.95,77.88,15.52,57.03,88.45,16.62,53.07,35.38,10.57,6.05
9.98,3.8,2.53,7.9,5.27,0.82,0.55,38.57,27.54,58.25,38.83,11.3,6.6,42.37,30.07,3,1,2024,"Osaka, Japan",ENABLON,6.33,13.17,1.37,66.11,97.08,17.9,72.44,110.25,19.27,66.15,44.1,12.12,7.15
10.59,3.95,2.64,8.22,5.48,0.85,0.57,39.56,27.54,60.6,40.4,8.66,5.33,43.51,30.18,4,2,2024,"Osaka, Japan",ENABLON,6.59,13.7,1.42,67.1,101.0,13.99,73.69,114.7,15.41,68.82,45.88,9.51,5.9
10.68,3.23,2.15,6.71,4.47,0.7,0.46,32.13,21.52,49.45,32.97,10.62,7.03,35.36,23.67,5,2,2024,"Osaka, Japan",ENABLON,5.38,11.18,1.16,53.65,82.42,17.65,59.03,93.6,18.81,56.16,37.44,11.32,7.49
7.22,3.13,2.09,6.51,4.34,0.68,0.45,32.91,21.83,47.96,31.98,8.55,5.76,36.04,23.92,6,2,2024,"Osaka, Japan",ENABLON,5.22,10.85,1.13,54.74,79.94,14.31,59.96,90.79,15.44,54.47,36.32,9.23,6.21
11.12,3.77,2.51,7.84,5.22,0.81,0.54,38.42,27.22,57.75,38.51,9.07,5.37,42.19,29.73,7,3,2024,"Osaka, Japan",ENABLON,6.28,13.06,1.35,65.64,96.26,14.44,71.92,109.32,15.79,65.59,43.73,9.88,5.91
9.36,3.01,2.01,6.25,4.17,0.65,0.43,31.97,20.0,46.06,30.7,9.29,6.94,34.98,22.01,8,3,2024,"Osaka, Japan",ENABLON,5.02,10.42,1.08,51.97,76.76,16.23,56.99,87.18,17.31,52.31,34.87,9.94,7.37
8.98,3.44,2.29,7.16,4.77,0.74,0.5,35.98,24.71,52.78,35.19,8.33,5.23,39.42,27.0,9,3,2024,"Osaka, Japan",ENABLON,5.73,11.93,1.24,60.69,87.97,13.56,66.42,99.9,14.8,59.94,39.96,9.07,5.73
9.46,3.57,2.38,7.43,4.95,0.77,0.51,35.46,24.83,54.72,36.48,6.63,4.04,39.03,27.21,10,4,2024,"Osaka, Japan",ENABLON,5.95,12.38,1.28,60.29,91.2,10.67,66.24,103.58,11.95,62.15,41.43,7.4,4.55
7.8,3.32,2.21,6.9,4.6,0.72,0.48,32.72,21.8,50.88,33.92,10.9,7.28,36.04,24.01,11,4,2024,"Osaka, Japan",ENABLON,5.53,11.5,1.2,54.52,84.8,18.18,60.05,96.3,19.38,57.78,38.52,11.62,7.76
7.04,3.05,2.03,6.35,4.23,0.66,0.44,32.0,20.44,46.78,31.19,6.56,4.73,35.05,22.47,12,4,2024,"Osaka, Japan",ENABLON,5.08,10.58,1.1,52.44,77.97,11.29,57.52,88.55,12.39,53.13,35.42,7.22,5.17
8.49,4.19,2.79,8.12,5.41,0.79,0.52,42.15,30.34,59.83,39.89,10.25,5.7,46.34,33.13,1,1,2025,"Osaka, Japan",ENABLON,6.98,13.53,1.31,72.49,99.72,15.95,79.47,113.25,17.26,67.95,45.3,11.04,6.22
14.33,4.11,2.74,7.97,5.31,0.77,0.51,40.51,29.94,58.73,39.16,9.67,5.06,44.62,32.68,2,1,2025,"Osaka, Japan",ENABLON,6.85,13.28,1.28,70.45,97.89,14.73,77.3,111.17,16.01,66.7,44.47,10.44,5.57
13.35,4.18,2.79,8.1,5.4,0.78,0.52,42.79,28.86,59.69,39.79,5.82,3.77,46.97,31.65,3,1,2025,"Osaka, Japan",ENABLON,6.97,13.5,1.3,71.65,99.48,9.59,78.62,112.98,10.89,67.79,45.19,6.6,4.29
6.53,3.27,2.18,6.33,4.22,0.61,0.41,35.48,22.49,46.68,31.12,4.79,3.63,38.75,24.67,4,2,2025,"Osaka, Japan",ENABLON,5.45,10.55,1.02,57.97,77.8,8.42,63.42,88.35,9.44,53.01,35.34,5.4,4.04
7.44,3.52,2.35,6.82,4.55,0.66,0.44,35.77,23.64,50.28,33.52,8.77,5.96,39.29,25.99,5,2,2025,"Osaka, Japan",ENABLON,5.87,11.37,1.1,59.41,83.8,14.73,65.28,95.17,15.83,57.1,38.07,9.43,6.4
13.83,3.75,2.5,7.27,4.85,0.7,0.47,40.77,26.61,53.59,35.72,7.45,5.25,44.52,29.11,6,2,2025,"Osaka, Japan",ENABLON,6.25,12.12,1.17,67.38,89.31,12.7,73.63,101.43,13.87,60.86,40.57,8.15,5.72
11.1,3.41,2.27,6.6,4.4,0.64,0.43,37.11,22.37,48.65,32.44,7.78,6.54,40.52,24.64,7,3,2025,"Osaka, Japan",ENABLON,5.68,11.0,1.07,59.48,81.09,14.32,65.16,92.09,15.39,55.25,36.84,8.42,6.97
12.22,3.99,2.66,7.74,5.16,0.75,0.5,43.68,26.11,57.05,38.04,9.26,7.94,47.67,28.77,8,3,2025,"Osaka, Japan",ENABLON,6.65,12.9,1.25,69.79,95.09,17.2,76.44,107.99,18.45,64.79,43.2,10.01,8.44
9.07,3.82,2.55,7.41,4.94,0.72,0.48,39.86,25.14,54.63,36.42,10.0,7.5,43.68,27.69,9,3,2025,"Osaka, Japan",ENABLON,6.37,12.35,1.2,65.0,91.05,17.5,71.37,103.4,18.7,62.04,41.36,10.72,7.98
8.48,3.19,2.13,6.18,4.12,0.6,0.4,33.09,20.86,45.58,30.39,7.06,5.3,36.28,22.99,10,4,2025,"Osaka, Japan",ENABLON,5.32,10.3,1.0,53.95,75.97,12.36,59.27,86.27,13.36,51.76,34.51,7.66,5.7
7.27,3.48,2.32,6.75,4.5,0.65,0.44,38.03,25.02,49.72,33.15,3.93,2.72,41.51,27.34,11,4,2025,"Osaka, Japan",ENABLON,5.8,11.25,1.09,63.05,82.87,6.65,68.85,94.12,7.74,56.47,37.65,4.58,3.16
12.94,4.0,2.67,7.76,5.17,0.75,0.5,41.64,28.64,57.18,38.12,10.02,6.19,45.64,31.31,12,4,2025,"Osaka, Japan",ENABLON,6.67,12.93,1.25,70.28,95.3,16.21,76.95,108.23,17.46,64.94,43.29,10.77,6.69
9.71,7.91,5.27,21.91,14.61,2.8,1.87,42.71,29.43,82.19,54.79,20.09,12.98,50.62,34.7,1,1,2022,"Sydney, Australia",ENABLON,13.18,36.52,4.67,72.14,136.98,33.07,85.32,173.5,37.74,104.1,69.4,22.89,14.85
9.66,7.19,4.79,19.92,13.28,2.55,1.7,41.51,27.4,74.7,49.8,16.29,10.97,48.7,32.19,2,1,2022,"Sydney, Australia",ENABLON,11.98,33.2,4.25,68.91,124.5,27.26,80.89,157.7,31.51,94.62,63.08,18.84,12.67
9.14,7.19,4.79,19.91,13.27,2.54,1.7,37.83,24.66,74.67,49.78,21.08,14.31,45.02,29.45,3,1,2022,"Sydney, Australia",ENABLON,11.98,33.18,4.24,62.49,124.45,35.39,74.47,157.63,39.63,94.58,63.05,23.62,16.01
17.42,7.87,5.24,21.8,14.53,2.79,1.86,44.43,29.97,81.77,54.52,21.33,14.06,52.3,35.21,4,2,2022,"Sydney, Australia",ENABLON,13.11,36.33,4.65,74.4,136.29,35.39,87.51,172.62,40.04,103.57,69.05,24.12,15.92
7.8,6.26,4.17,17.34,11.56,2.22,1.48,35.42,23.36,65.04,43.36,10.93,7.37,41.68,27.53,5,2,2022,"Sydney, Australia",ENABLON,10.43,28.9,3.7,58.78,108.4,18.3,69.21,137.3,22.0,82.38,54.92,13.15,8.85
8.6,6.62,4.41,18.35,12.23,2.35,1.56,35.41,22.69,68.82,45.89,20.06,13.84,42.03,27.1,6,2,2022,"Sydney, Australia",ENABLON,11.03,30.58,3.91,58.1,114.71,33.9,69.13,145.29,37.81,87.17,58.12,22.41,15.4
7.97,6.87,4.58,19.03,12.69,2.43,1.62,37.32,25.27,71.38,47.58,13.13,8.62,44.19,29.85,7,3,2022,"Sydney, Australia",ENABLON,11.45,31.72,4.05,62.59,118.96,21.75,74.04,150.68,25.8,90.41,60.27,15.56,10.24
9.9,6.78,4.52,18.77,12.52,2.4,1.6,36.89,24.74,70.42,46.94,21.3,14.12,43.67,29.26,8,3,2022,"Sydney, Australia",ENABLON,11.3,31.29,4.0,61.63,117.36,35.42,72.93,148.65,39.42,89.19,59.46,23.7,15.72
15.78,8.24,5.49,22.82,15.21,2.92,1.94,46.06,28.87,85.6,57.07,28.6,20.15,54.3,34.36,9,3,2022,"Sydney, Australia",ENABLON,13.73,38.03,4.86,74.93,142.67,48.75,88.66,180.7,53.61,108.42,72.28,31.52,22.09
12.64,6.87,4.58,19.03,12.69,2.43,1.62,37.55,25.43,71.39,47.59,15.06,9.89,44.42,30.01,10,4,2022,"Sydney, Australia",ENABLON,11.45,31.72,4.05,62.98,118.98,24.95,74.43,150.7,29.0,90.42,60.28,17.49,11.51
12.86,7.33,4.89,20.32,13.54,2.6,1.73,41.94,25.15,76.19,50.8,21.57,15.82,49.27,30.04,11,4,2022,"Sydney, Australia",ENABLON,12.22,33.86,4.33,67.09,126.99,37.39,79.31,160.85,41.72,96.51,64.34,24.17,17.55
8.73,6.84,4.56,18.95,12.64,2.42,1.62,35.58,23.93,71.09,47.39,25.81,17.08,42.42,28.49,12,4,2022,"Sydney, Australia",ENABLON,11.4,31.59,4.04,59.51,118.48,42.89,70.91,150.07,46.93,90.04,60.03,28.23,18.7
10.36,8.62,5.75,21.77,14.51,2.63,1.75,46.2,30.17,81.64,54.43,23.85,16.24,54.82,35.92,1,1,2023,"Sydney, Australia",ENABLON,14.37,36.28,4.38,76.37,136.07,40.09,90.74,172.35,44.47,103.41,68.94,26.48,17.99
11.2,9.19,6.13,23.21,15.47,2.8,1.87,50.98,34.19,87.03,58.02,19.04,12.6,60.17,40.32,2,1,2023,"Sydney, Australia",ENABLON,15.32,38.68,4.67,85.17,145.05,31.64,100.49,183.73,36.31,110.24,73.49,21.84,14.47
15.24,8.03,5.35,20.29,13.52,2.45,1.63,42.55,27.48,76.09,50.73,16.57,11.42,50.58,32.83,3,1,2023,"Sydney, Australia",ENABLON,13.38,33.81,4.08,70.03,126.82,27.99,83.41,160.63,32.07,96.38,64.25,19.02,13.05
14.05,7.04,4.69,17.77,11.84,2.15,1.43,38.84,24.84,66.63,44.42,15.13,10.56,45.88,29.53,4,2,2023,"Sydney, Australia",ENABLON,11.73,29.61,3.58,63.68,111.05,25.69,75.41,140.66,29.27,84.4,56.26,17.28,11.99
11.48,7.76,5.17,19.59,13.06,2.37,1.58,40.71,26.57,73.49,48.99,13.48,9.19,48.47,31.74,5,2,2023,"Sydney, Australia",ENABLON,12.93,32.65,3.95,67.28,122.48,22.67,80.21,155.13,26.62,93.08,62.05,15.85,10.77
7.63,6.96,4.64,17.57,11.71,2.12,1.41,38.08,24.65,65.89,43.93,13.41,9.24,45.04,29.29,6,2,2023,"Sydney, Australia",ENABLON,11.6,29.28,3.53,62.73,109.82,22.65,74.33,139.1,26.18,83.46,55.64,15.53,10.65
16.84,8.3,5.53,20.96,13.97,2.53,1.69,47.58,31.61,78.6,52.4,22.47,15.04,55.88,37.14,7,3,2023,"Sydney, Australia",ENABLON,13.83,34.93,4.22,79.19,131.0,37.51,93.02,165.93,41.73,99.56,66.37,25.0,16.73
12.73,8.26,5.5,20.85,13.9,2.52,1.68,44.07,30.94,78.19,52.13,23.11,14.56,52.33,36.44,8,3,2023,"Sydney, Australia",ENABLON,13.76,34.75,4.2,75.01,130.32,37.67,88.77,165.07,41.87,99.04,66.03,25.63,16.24
9.6,7.86,5.24,19.85,13.24,2.4,1.6,44.08,29.36,74.47,49.64,11.04,7.37,51.94,34.6,9,3,2023,"Sydney, Australia",ENABLON,13.1,33.09,4.0,73.44,124.11,18.41,86.54,157.2,22.41,94.32,62.88,13.44,8.97
16.51,7.76,5.18,19.61,13.08,2.37,1.58,43.25,28.98,73.57,49.04,21.14,14.01,51.01,34.16,10,4,2023,"Sydney, Australia",ENABLON,12.94,32.69,3.95,72.23,122.61,35.15,85.17,155.3,39.1,93.18,62.12,23.51,15.59
10.0,7.95,5.3,20.07,13.38,2.42,1.62,43.66,29.12,75.29,50.19,17.52,11.66,51.61,34.42,11,4,2023,"Sydney, Australia",ENABLON,13.25,33.45,4.04,72.78,125.48,29.18,86.03,158.93,33.22,95.36,63.57,19.94,13.28
8.77,7.75,5.17,19.57,13.05,2.36,1.58,44.45,29.0,73.41,48.94,11.49,7.87,52.2,34.17,12,4,2023,"Sydney, Australia",ENABLON,12.92,32.62,3.94,73.45,122.35,19.36,86.37,154.97,23.3,92.98,61.99,13.85,9.45
15.69,9.53,6.36,22.12,14.75,2.52,1.68,49.25,36.55,82.96,55.3,14.84,8.5,58.78,42.91,1,1,2024,"Sydney, Australia",ENABLON,15.89,36.87,4.2,85.8,138.26,23.34,101.69,175.13,27.54,105.08,70.05,17.36,10.18
14.87,8.32,5.55,19.3,12.87,2.2,1.46,45.97,29.81,72.41,48.27,13.09,9.07,54.29,35.36,2,1,2024,"Sydney, Australia",ENABLON,13.87,32.17,3.66,75.78,120.68,22.16,89.65,152.85,25.82,91.71,61.14,15.29,10.53
16.31,9.49,6.33,22.01,14.68,2.5,1.67,52.37,35.78,82.57,55.04,11.91,7.64,61.86,42.11,3,1,2024,"Sydney, Australia",ENABLON,15.82,36.69,4.17,88.15,137.61,19.55,103.97,174.3,23.72,104.58,69.72,14.41,9.31
12.42,8.28,5.52,19.21,12.8,2.19,1.46,43.28,29.17,72.03,48.02,15.22,10.01,51.56,34.69,4,2,2024,"Sydney, Australia",ENABLON,13.8,32.01,3.65,72.45,120.05,25.23,86.25,152.06,28.88,91.24,60.82,17.41,11.47
11.54,8.66,5.77,20.09,13.39,2.29,1.52,47.04,33.27,75.35,50.24,19.7,12.09,55.7,39.04,5,2,2024,"Sydney, Australia",ENABLON,14.43,33.48,3.81,80.31,125.59,31.79,94.74,159.07,35.6,95.44,63.63,21.99,13.61
10.76,7.59,5.06,17.61,11.74,2.0,1.34,40.18,29.06,66.04,44.02,15.33,9.11,47.77,34.12,6,2,2024,"Sydney, Australia",ENABLON,12.65,29.35,3.34,69.24,110.06,24.44,81.89,139.41,27.78,83.65,55.76,17.33,10.45
15.32,7.6,5.07,17.64,11.76,2.01,1.34,42.78,26.5,66.16,44.11,10.78,7.96,50.38,31.57,7,3,2024,"Sydney, Australia",ENABLON,12.67,29.4,3.35,69.28,110.27,18.74,81.95,139.67,22.09,83.8,55.87,12.79,9.3
8.61,7.77,5.18,18.03,12.02,2.05,1.37,40.45,28.67,67.6,45.07,16.11,9.91,48.22,33.85,8,3,2024,"Sydney, Australia",ENABLON,12.95,30.05,3.42,69.12,112.67,26.02,82.07,142.72,29.44,85.63,57.09,18.16,11.28
13.03,7.74,5.15,17.95,11.96,2.04,1.36,43.09,26.48,67.31,44.88,17.18,12.71,50.83,31.63,9,3,2024,"Sydney, Australia",ENABLON,12.89,29.91,3.4,69.57,112.19,29.89,82.46,142.1,33.29,85.26,56.84,19.22,14.07
10.02,7.55,5.03,17.51,11.67,1.99,1.33,38.84,28.14,65.65,43.77,16.92,10.12,46.39,33.17,10,4,2024,"Sydney, Australia",ENABLON,12.58,29.18,3.32,66.98,109.42,27.04,79.56,138.6,30.36,83.16,55.44,18.91,11.45
15.42,8.11,5.41,18.82,12.55,2.14,1.43,46.14,30.1,70.58,47.05,12.13,8.35,54.25,35.51,11,4,2024,"Sydney, Australia",ENABLON,13.52,31.37,3.57,76.24,117.63,20.48,89.76,149.0,24.05,89.4,59.6,14.27,9.78
14.14,9.01,6.01,20.91,13.94,2.38,1.59,46.49,32.1,78.41,52.27,16.6,10.58,55.5,38.11,12,4,2024,"Sydney, Australia",ENABLON,15.02,34.85,3.97,78.59,130.68,27.18,93.61,165.53,31.15,99.32,66.21,18.98,12.17
13.05,8.71,5.81,18.69,12.46,2.0,1.33,46.69,30.94,70.12,46.74,16.27,10.95,55.4,36.75,1,1,2025,"Sydney, Australia",ENABLON,14.52,31.15,3.33,77.63,116.86,27.22,92.15,148.01,30.55,88.81,59.2,18.27,12.28
18.82,9.86,6.57,21.16,14.11,2.26,1.51,51.32,37.48,79.36,52.9,13.4,7.63,61.18,44.05,2,1,2025,"Sydney, Australia",ENABLON,16.43,35.27,3.77,88.8,132.26,21.03,105.23,167.53,24.8,100.52,67.01,15.66,9.14
19.17,8.99,5.99,19.29,12.86,2.06,1.37,49.89,32.27,72.35,48.23,12.39,8.7,58.88,38.26,3,1,2025,"Sydney, Australia",ENABLON,14.98,32.15,3.43,82.16,120.58,21.09,97.14,152.73,24.52,91.64,61.09,14.45,10.07
19.27,9.8,6.54,21.04,14.03,2.25,1.5,50.37,34.09,78.9,52.6,20.78,13.56,60.17,40.63,4,2,2025,"Sydney, Australia",ENABLON,16.34,35.07,3.75,84.46,131.5,34.34,100.8,166.57,38.09,99.94,66.63,23.03,15.06
15.89,8.11,5.41,17.41,11.6,1.86,1.24,45.88,29.85,65.28,43.53,11.15,7.77,53.99,35.26,5,2,2025,"Sydney, Australia",ENABLON,13.52,29.01,3.1,75.73,108.81,18.92,89.25,137.82,22.02,82.69,55.13,13.01,9.01
18.53,9.48,6.32,20.34,13.56,2.17,1.45,50.63,34.77,76.31,50.87,11.15,7.06,60.11,41.09,6,2,2025,"Sydney, Australia",ENABLON,15.8,33.9,3.62,85.4,127.18,18.21,101.2,161.08,21.83,96.65,64.43,13.32,8.51
9.44,8.13,5.42,17.45,11.63,1.86,1.24,43.63,30.36,65.44,43.63,16.8,10.44,51.76,35.78,7,3,2025,"Sydney, Australia",ENABLON,13.55,29.08,3.1,73.99,109.07,27.24,87.54,138.15,30.34,82.89,55.26,18.66,11.68
13.98,8.26,5.5,17.72,11.81,1.89,1.26,43.43,31.61,66.47,44.31,12.77,7.31,51.69,37.11,8,3,2025,"Sydney, Australia",ENABLON,13.76,29.53,3.15,75.04,110.78,20.08,88.8,140.31,23.23,84.19,56.12,14.66,8.57
15.93,9.59,6.4,20.59,13.73,2.2,1.47,53.78,34.48,77.22,51.48,16.89,12.02,63.37,40.88,9,3,2025,"Sydney, Australia",ENABLON,15.99,34.32,3.67,88.26,128.7,28.91,104.25,163.02,32.58,97.81,65.21,19.09,13.49
11.17,8.18,5.46,17.56,11.71,1.88,1.25,44.72,29.62,65.88,43.92,11.32,7.63,52.9,35.08,10,4,2025,"Sydney, Australia",ENABLON,13.64,29.27,3.13,74.34,109.8,18.95,87.98,139.07,22.08,83.44,55.63,13.2,8.88
19.28,10.41,6.94,22.34,14.89,2.39,1.59,54.89,36.82,83.79,55.86,12.84,8.48,65.3,43.76,11,4,2025,"Sydney, Australia",ENABLON,17.35,37.23,3.98,91.71,139.65,21.32,109.06,176.88,25.3,106.13,70.75,15.23,10.07
12.26,9.06,6.04,19.45,12.97,2.08,1.39,50.91,32.74,72.97,48.64,8.78,6.25,59.97,38.78,12,4,2025,"Sydney, Australia",ENABLON,15.1,32.42,3.47,83.65,121.61,15.03,98.75,154.03,18.5,92.42,61.61,10.86,7.64
14.56,10.78,7.19,25.31,16.87,2.91,1.94,44.54,28.17,66.38,44.26,15.13,10.84,55.32,35.36,1,1,2022,"Sodertalje, Sweden",ENABLON,17.97,42.18,4.85,72.71,110.64,25.97,90.68,152.82,30.82,91.69,61.13,18.04,12.78
10.25,11.11,7.41,26.08,17.39,2.99,2.0,43.91,28.7,68.4,45.6,18.64,12.73,55.02,36.11,2,1,2022,"Sodertalje, Sweden",ENABLON,18.52,43.47,4.99,72.61,114.0,31.37,91.13,157.47,36.36,94.48,62.99,21.63,14.73
10.7,11.41,7.61,26.78,17.86,3.07,2.05,44.14,30.88,70.25,46.83,16.65,10.41,55.55,38.49,3,1,2022,"Sodertalje, Sweden",ENABLON,19.02,44.64,5.12,75.02,117.08,27.06,94.04,161.72,32.18,97.03,64.69,19.72,12.46
11.94,10.47,6.98,24.58,16.39,2.82,1.88,40.0,26.57,64.47,42.98,9.7,6.5,50.47,33.55,4,2,2022,"Sodertalje, Sweden",ENABLON,17.45,40.97,4.7,66.57,107.45,16.2,84.02,148.42,20.9,89.05,59.37,12.52,8.38
20.34,12.92,8.61,30.33,20.22,3.48,2.32,51.48,34.07,79.53,53.02,20.7,13.93,64.4,42.68,5,2,2022,"Sodertalje, Sweden",ENABLON,21.53,50.55,5.8,85.55,132.55,34.63,107.08,183.1,40.43,109.86,73.24,24.18,16.25
15.29,12.56,8.37,29.48,19.65,3.38,2.26,46.71,30.69,77.31,51.54,14.63,9.92,59.27,39.06,6,2,2022,"Sodertalje, Sweden",ENABLON,20.93,49.13,5.64,77.4,128.85,24.55,98.33,177.98,30.19,106.79,71.19,18.01,12.18
14.74,12.74,8.49,29.9,19.94,3.43,2.29,47.43,34.33,78.43,52.28,11.51,6.83,60.17,42.82,7,3,2022,"Sodertalje, Sweden",ENABLON,21.23,49.84,5.72,81.76,130.71,18.34,102.99,180.55,24.06,108.33,72.22,14.94,9.12
18.7,11.93,7.95,28.0,18.66,3.21,2.14,44.44,33.15,73.42,48.95,22.02,12.71,56.37,41.1,8,3,2022,"Sodertalje, Sweden",ENABLON,19.88,46.66,5.35,77.59,122.37,34.73,97.47,169.03,40.08,101.42,67.61,25.23,14.85
17.53,12.65,8.43,29.7,19.8,3.41,2.27,48.91,32.4,77.89,51.93,18.09,12.16,61.56,40.83,9,3,2022,"Sodertalje, Sweden",ENABLON,21.08,49.5,5.68,81.31,129.82,30.25,102.39,179.32,35.93,107.59,71.73,21.5,14.43
13.79,9.99,6.66,23.46,15.64,2.69,1.8,41.21,27.47,61.53,41.02,13.44,8.96,51.2,34.13,10,4,2022,"Sodertalje, Sweden",ENABLON,16.65,39.1,4.49,68.68,102.55,22.4,85.33,141.65,26.89,84.99,56.66,16.13,10.76
15.32,12.95,8.64,30.41,20.28,3.49,2.33,52.35,31.79,79.77,53.17,14.75,11.09,65.3,40.43,11,4,2022,"Sodertalje, Sweden",ENABLON,21.59,50.69,5.82,84.14,132.94,25.84,105.73,183.63,31.66,110.18,73.45,18.24,13.42
13.54,10.97,7.32,25.76,17.18,2.96,1.97,44.89,28.46,67.57,45.04,11.53,8.26,55.86,35.78,12,4,2022,"Sodertalje, Sweden",ENABLON,18.29,42.94,4.93,73.35,112.61,19.79,91.64,155.55,24.72,93.33,62.22,14.49,10.23
17.31,10.87,7.25,23.58,15.72,2.54,1.69,44.07,27.2,61.85,41.24,14.99,11.25,54.94,34.45,1,1,2023,"Sodertalje, Sweden",ENABLON,18.12,39.3,4.23,71.27,103.09,26.24,89.39,142.39,30.47,85.43,56.96,17.53,12.94
14.77,10.69,7.12,23.18,15.45,2.5,1.67,42.36,29.36,60.79,40.53,10.21,6.34,53.05,36.48,2,1,2023,"Sodertalje, Sweden",ENABLON,17.81,38.63,4.17,71.72,101.32,16.55,89.53,139.95,20.72,83.97,55.98,12.71,8.01
18.71,11.77,7.85,25.53,17.02,2.75,1.83,46.14,30.47,66.95,44.63,13.72,9.28,57.91,38.32,3,1,2023,"Sodertalje, Sweden",ENABLON,19.62,42.55,4.58,76.61,111.58,23.0,96.23,154.13,27.58,92.48,61.65,16.47,11.11
16.38,10.73,7.15,23.28,15.52,2.51,1.67,41.16,27.28,61.07,40.71,12.72,8.56,51.89,34.43,4,2,2023,"Sodertalje, Sweden",ENABLON,17.88,38.8,4.18,68.44,101.78,21.28,86.32,140.58,25.46,84.35,56.23,15.23,10.23
13.64,12.5,8.33,27.12,18.08,2.92,1.95,48.49,34.13,71.13,47.42,11.87,7.19,60.99,42.46,5,2,2023,"Sodertalje, Sweden",ENABLON,20.83,45.2,4.87,82.62,118.55,19.06,103.45,163.75,23.93,98.25,65.5,14.79,9.14
18.07,11.03,7.36,23.93,15.96,2.58,1.72,45.0,27.44,62.76,41.84,13.38,10.25,56.03,34.8,6,2,2023,"Sodertalje, Sweden",ENABLON,18.39,39.89,4.3,72.44,104.6,23.63,90.83,144.49,27.93,86.69,57.8,15.96,11.97
10.1,11.15,7.44,24.19,16.13,2.61,1.74,44.1,29.18,63.43,42.29,13.08,8.83,55.25,36.62,7,3,2023,"Sodertalje, Sweden",ENABLON,18.59,40.32,4.35,73.28,105.72,21.91,91.87,146.04,26.26,87.62,58.42,15.69,10.57
17.11,11.42,7.62,24.78,16.52,2.67,1.78,43.4,28.31,64.98,43.32,12.41,8.54,54.82,35.93,8,3,2023,"Sodertalje, Sweden",ENABLON,19.04,41.3,4.45,71.71,108.3,20.95,90.75,149.6,25.4,89.76,59.84,15.08,10.32
18.91,11.44,7.62,24.81,16.54,2.67,1.78,47.67,31.51,65.05,43.37,13.51,9.15,59.11,39.13,9,3,2023,"Sodertalje, Sweden",ENABLON,19.06,41.35,4.45,79.18,108.42,22.66,98.24,149.77,27.11,89.86,59.91,16.18,10.93
17.81,12.82,8.55,27.81,18.54,3.0,2.0,48.26,31.88,72.93,48.62,18.88,12.75,61.08,40.43,10,4,2023,"Sodertalje, Sweden",ENABLON,21.37,46.35,5.0,80.14,121.55,31.63,101.51,167.9,36.63,100.74,67.16,21.88,14.75
16.16,10.48,6.98,22.73,15.15,2.45,1.63,43.54,28.82,59.62,39.75,10.64,7.19,54.02,35.8,11,4,2023,"Sodertalje, Sweden",ENABLON,17.46,37.88,4.08,72.36,99.37,17.83,89.82,137.25,21.91,82.35,54.9,13.09,8.82
16.29,10.4,6.93,22.57,15.04,2.43,1.62,38.19,28.36,59.18,39.46,9.54,5.31,48.59,35.29,12,4,2023,"Sodertalje, Sweden",ENABLON,17.33,37.61,4.05,66.55,98.64,14.85,83.88,136.25,18.9,81.75,54.5,11.97,6.93
14.39,13.42,8.94,27.05,18.03,2.73,1.82,52.69,36.11,70.95,47.3,14.79,9.32,66.11,45.05,1,1,2024,"Sodertalje, Sweden",ENABLON,22.36,45.08,4.55,88.8,118.25,24.11,111.16,163.33,28.66,98.0,65.33,17.52,11.14
14.03,11.6,7.73,23.38,15.59,2.36,1.57,47.49,31.11,61.33,40.89,8.74,6.07,59.09,38.84,2,1,2024,"Sodertalje, Sweden",ENABLON,19.33,38.97,3.93,78.6,102.22,14.81,97.93,141.19,18.74,84.71,56.48,11.1,7.64
11.68,12.2,8.13,24.6,16.4,2.48,1.65,50.91,33.4,64.53,43.02,11.04,7.64,63.11,41.53,3,1,2024,"Sodertalje, Sweden",ENABLON,20.33,41.0,4.13,84.31,107.55,18.68,104.64,148.55,22.81,89.13,59.42,13.52,9.29
13.67,12.56,8.37,25.32,16.88,2.55,1.7,51.1,30.97,66.42,44.28,12.0,9.61,63.66,39.34,4,2,2024,"Sodertalje, Sweden",ENABLON,20.93,42.2,4.25,82.07,110.7,21.61,103.0,152.9,25.86,91.74,61.16,14.55,11.31
19.15,13.16,8.77,26.54,17.69,2.68,1.78,52.46,33.36,69.62,46.41,11.18,8.19,65.62,42.13,5,2,2024,"Sodertalje, Sweden",ENABLON,21.93,44.23,4.46,85.82,116.03,19.37,107.75,160.26,23.83,96.16,64.1,13.86,9.97
22.51,13.95,9.3,28.13,18.75,2.84,1.89,57.71,35.54,73.77,49.19,10.16,8.04,71.66,44.84,6,2,2024,"Sodertalje, Sweden",ENABLON,23.25,46.88,4.73,93.25,122.96,18.2,116.5,169.84,22.93,101.9,67.94,13.0,9.93
22.3,14.29,9.53,28.82,19.22,2.91,1.94,58.53,36.43,75.6,50.39,12.84,9.85,72.82,45.96,7,3,2024,"Sodertalje, Sweden",ENABLON,23.82,48.04,4.85,94.96,125.99,22.69,118.78,174.03,27.54,104.42,69.61,15.75,11.79
12.43,11.31,7.54,22.8,15.2,2.3,1.53,41.4,30.05,59.78,39.86,7.89,4.43,52.71,37.59,8,3,2024,"Sodertalje, Sweden",ENABLON,18.85,38.0,3.83,71.45,99.64,12.32,90.3,137.64,16.15,82.58,55.06,10.19,5.96
21.96,14.88,9.92,30.01,20.01,3.03,2.02,56.49,39.75,78.7,52.46,9.87,5.86,71.37,49.67,9,3,2024,"Sodertalje, Sweden",ENABLON,24.8,50.02,5.05,96.24,131.16,15.73,121.04,181.18,20.78,108.71,72.47,12.9,7.88
21.84,14.06,9.37,28.34,18.9,2.86,1.91,52.86,35.65,74.34,49.55,17.26,11.28,66.92,45.02,10,4,2024,"Sodertalje, Sweden",ENABLON,23.43,47.24,4.77,88.51,123.89,28.54,111.94,171.13,33.31,102.68,68.45,20.12,13.19
18.18,14.54,9.7,29.32,19.55,2.96,1.97,53.23,39.22,76.91,51.27,9.35,5.04,67.77,48.92,11,4,2024,"Sodertalje, Sweden",ENABLON,24.24,48.87,4.93,92.45,128.18,14.39,116.69,177.05,19.32,106.23,70.82,12.31,7.01
13.3,11.99,7.99,24.17,16.11,2.44,1.62,46.44,29.97,63.39,42.26,8.6,6.11,58.43,37.96,12,4,2024,"Sodertalje, Sweden",ENABLON,19.98,40.28,4.06,76.41,105.65,14.71,96.39,145.93,18.77,87.56,58.37,11.04,7.73
14.01,14.42,9.61,27.15,18.1,2.55,1.7,56.35,38.33,71.22,47.48,11.17,7.07,70.77,47.94,1,1,2025,"Sodertalje, Sweden",ENABLON,24.03,45.25,4.25,94.68,118.7,18.24,118.71,163.95,22.49,98.37,65.58,13.72,8.77
18.99,13.22,8.81,24.9,16.6,2.34,1.56,50.36,33.3,65.3,43.53,9.52,6.47,63.58,42.11,2,1,2025,"Sodertalje, Sweden",ENABLON,22.03,41.5,3.9,83.66,108.83,15.99,105.69,150.33,19.89,90.2,60.13,11.86,8.03
12.32,13.61,9.07,25.63,17.09,2.4,1.6,53.17,34.87,67.22,44.81,6.18,4.31,66.78,43.94,3,1,2025,"Sodertalje, Sweden",ENABLON,22.68,42.72,4.0,88.04,112.03,10.49,110.72,154.75,14.49,92.85,61.9,8.58,5.91
16.98,15.67,10.45,29.51,19.68,2.77,1.85,59.66,42.3,77.41,51.6,15.89,9.1,75.33,52.75,4,2,2025,"Sodertalje, Sweden",ENABLON,26.12,49.19,4.62,101.96,129.01,24.99,128.08,178.2,29.61,106.92,71.28,18.66,10.95
13.21,14.75,9.83,27.78,18.52,2.61,1.74,57.5,36.56,72.85,48.56,8.62,6.45,72.25,46.39,5,2,2025,"Sodertalje, Sweden",ENABLON,24.58,46.3,4.35,94.06,121.41,15.07,118.64,167.71,19.42,100.63,67.08,11.23,8.19
22.6,14.89,9.93,28.05,18.7,2.63,1.75,60.45,39.95,73.57,49.05,9.07,6.2,75.34,49.88,6,2,2025,"Sodertalje, Sweden",ENABLON,24.82,46.75,4.38,100.4,122.62,15.27,125.22,169.37,19.65,101.62,67.75,11.7,7.95
16.96,14.02,9.35,26.4,17.6,2.48,1.65,52.98,36.17,69.24,46.16,8.61,5.41,67.0,45.52,7,3,2025,"Sodertalje, Sweden",ENABLON,23.37,44.0,4.13,89.15,115.4,14.02,112.52,159.4,18.15,95.64,63.76,11.09,7.06
15.98,15.71,10.47,29.58,19.72,2.77,1.85,57.95,42.55,77.59,51.73,15.04,7.95,73.66,53.02,8,3,2025,"Sodertalje, Sweden",ENABLON,26.18,49.3,4.62,100.5,129.32,22.99,126.68,178.62,27.61,107.17,71.45,17.81,9.8
20.66,13.3,8.86,25.04,16.69,2.35,1.57,51.66,34.22,65.66,43.78,8.45,5.73,64.96,43.08,9,3,2025,"Sodertalje, Sweden",ENABLON,22.16,41.73,3.92,85.88,109.44,14.18,108.04,151.17,18.1,90.7,60.47,10.8,7.3
14.02,13.09,8.72,24.65,16.43,2.31,1.54,50.16,35.2,64.63,43.09,11.89,6.97,63.25,43.92,10,4,2025,"Sodertalje, Sweden",ENABLON,21.81,41.08,3.85,85.36,107.72,18.86,107.17,148.8,22.71,89.28,59.52,14.2,8.51
17.9,13.68,9.12,25.77,17.18,2.42,1.61,51.24,36.07,67.59,45.06,7.87,4.56,64.92,45.19,11,4,2025,"Sodertalje, Sweden",ENABLON,22.8,42.95,4.03,87.31,112.65,12.43,110.11,155.6,16.46,93.36,62.24,10.29,6.17
13.25,15.95,10.64,30.04,20.03,2.82,1.88,61.08,42.27,78.8,52.53,12.5,7.58,77.03,52.91,12,4,2025,"Sodertalje, Sweden",ENABLON,26.59,50.07,4.7,103.35,131.33,20.08,129.94,181.4,24.78,108.84,72.56,15.32,9.46
14.4,9.69,6.46,26.27,17.51,3.32,2.21,42.22,28.66,74.57,49.71,19.47,12.74,51.91,35.12,1,1,2022,"Newark, USA",ENABLON,16.15,43.78,5.53,70.88,124.28,32.21,87.03,168.06,37.74,100.84,67.22,22.79,14.95
11.94,9.18,6.12,24.88,16.59,3.14,2.09,37.14,25.31,70.65,47.1,13.94,9.11,46.32,31.43,2,1,2022,"Newark, USA",ENABLON,15.3,41.47,5.23,62.45,117.75,23.05,77.75,159.22,28.28,95.53,63.69,17.08,11.2
11.78,10.12,6.74,27.42,18.28,3.46,2.31,44.25,27.39,77.83,51.89,25.7,18.35,54.37,34.13,3,1,2022,"Newark, USA",ENABLON,16.86,45.7,5.77,71.64,129.72,44.05,88.5,175.42,49.82,105.25,70.17,29.16,20.66
7.68,8.35,5.57,22.64,15.09,2.86,1.9,37.18,24.15,64.26,42.84,10.0,6.87,45.53,29.72,4,2,2022,"Newark, USA",ENABLON,13.92,37.73,4.76,61.33,107.1,16.87,75.25,144.83,21.63,86.9,57.93,12.86,8.77
10.14,10.33,6.89,28.01,18.68,3.54,2.36,42.94,27.51,79.54,53.02,20.64,14.26,53.27,34.4,5,2,2022,"Newark, USA",ENABLON,17.22,46.69,5.9,70.45,132.56,34.9,87.67,179.25,40.8,107.55,71.7,24.18,16.62
9.54,8.59,5.72,23.27,15.51,2.94,1.96,37.43,23.26,66.07,44.05,13.27,9.48,46.02,28.98,6,2,2022,"Newark, USA",ENABLON,14.31,38.78,4.9,60.69,110.12,22.75,75.0,148.9,27.65,89.34,59.56,16.21,11.44
12.51,8.1,5.4,21.95,14.63,2.77,1.85,34.79,23.57,62.32,41.55,11.27,7.38,42.89,28.97,7,3,2022,"Newark, USA",ENABLON,13.5,36.58,4.62,58.36,103.87,18.65,71.86,140.45,23.27,84.27,56.18,14.04,9.23
12.43,8.5,5.67,23.04,15.36,2.91,1.94,33.8,22.56,65.41,43.6,20.93,13.94,42.3,28.23,8,3,2022,"Newark, USA",ENABLON,14.17,38.4,4.85,56.36,109.01,34.87,70.53,147.41,39.72,88.45,58.96,23.84,15.88
8.9,8.9,5.93,24.12,16.08,3.04,2.03,39.07,23.4,68.47,45.65,18.44,13.57,47.97,29.33,9,3,2022,"Newark, USA",ENABLON,14.83,40.2,5.07,62.47,114.12,32.01,77.3,154.32,37.08,92.59,61.73,21.48,15.6
11.06,9.78,6.52,26.5,17.67,3.34,2.23,39.51,28.48,75.22,50.15,21.92,13.58,49.29,35.0,10,4,2022,"Newark, USA",ENABLON,16.3,44.17,5.57,67.99,125.37,35.5,84.29,169.54,41.07,101.72,67.82,25.26,15.81
8.76,8.65,5.76,23.44,15.62,2.96,1.97,34.14,24.31,66.54,44.36,15.08,9.46,42.79,30.07,11,4,2022,"Newark, USA",ENABLON,14.41,39.06,4.93,58.45,110.9,24.54,72.86,149.96,29.47,89.98,59.98,18.04,11.43
8.09,8.49,5.66,23.0,15.33,2.9,1.93,35.58,24.29,65.28,43.52,14.23,9.27,44.07,29.95,12,4,2022,"Newark, USA",ENABLON,14.15,38.33,4.83,59.87,108.8,23.5,74.02,147.13,28.33,88.28,58.85,17.13,11.2
15.2,11.4,7.6,28.21,18.81,3.36,2.24,47.87,32.24,80.1,53.39,24.71,16.28,59.27,39.84,1,1,2023,"Newark, USA",ENABLON,19.0,47.02,5.6,80.11,133.49,40.99,99.11,180.51,46.59,108.31,72.2,28.07,18.52
10.78,9.23,6.15,22.85,15.23,2.72,1.82,38.85,24.28,64.87,43.25,13.85,9.91,48.08,30.43,2,1,2023,"Newark, USA",ENABLON,15.38,38.08,4.54,63.13,108.12,23.76,78.51,146.2,28.3,87.72,58.48,16.57,11.73
11.88,10.14,6.76,25.09,16.73,2.99,1.99,41.14,27.0,71.24,47.49,23.7,16.06,51.28,33.76,3,1,2023,"Newark, USA",ENABLON,16.9,41.82,4.98,68.14,118.73,39.76,85.04,160.55,44.74,96.33,64.22,26.69,18.05
10.62,9.19,6.13,22.76,15.17,2.71,1.81,39.03,25.36,64.61,43.07,16.58,11.37,48.22,31.49,4,2,2023,"Newark, USA",ENABLON,15.32,37.93,4.52,64.39,107.68,27.95,79.71,145.61,32.47,87.37,58.24,19.29,13.18
17.59,10.93,7.28,27.05,18.03,3.22,2.15,43.57,32.57,76.78,51.19,14.08,8.15,54.5,39.85,5,2,2023,"Newark, USA",ENABLON,18.21,45.08,5.37,76.14,127.97,22.23,94.35,173.05,27.6,103.83,69.22,17.3,10.3
12.33,9.97,6.65,24.67,16.45,2.94,1.96,39.99,27.05,70.04,46.69,18.76,12.32,49.96,33.7,6,2,2023,"Newark, USA",ENABLON,16.62,41.12,4.9,67.04,116.73,31.08,83.66,157.85,35.98,94.71,63.14,21.7,14.28
11.43,10.66,7.11,26.4,17.6,3.15,2.1,43.34,30.19,74.96,49.97,21.96,13.95,54.0,37.3,7,3,2023,"Newark, USA",ENABLON,17.77,44.0,5.25,73.53,124.93,35.91,91.3,168.93,41.16,101.36,67.57,25.11,16.05
12.45,9.43,6.29,23.35,15.56,2.78,1.85,37.9,25.91,66.28,44.19,13.99,9.07,47.33,32.2,8,3,2023,"Newark, USA",ENABLON,15.72,38.91,4.63,63.81,110.47,23.06,79.53,149.38,27.69,89.63,59.75,16.77,10.92
15.01,9.72,6.48,24.05,16.04,2.87,1.91,41.92,25.51,68.29,45.52,18.56,13.66,51.64,31.99,9,3,2023,"Newark, USA",ENABLON,16.2,40.09,4.78,67.43,113.81,32.22,83.63,153.9,37.0,92.34,61.56,21.43,15.57
15.06,10.13,6.75,25.08,16.72,2.99,1.99,43.51,27.75,71.22,47.48,13.93,9.79,53.64,34.5,10,4,2023,"Newark, USA",ENABLON,16.88,41.8,4.98,71.26,118.7,23.72,88.14,160.5,28.7,96.3,64.2,16.92,11.78
10.08,10.04,6.69,24.85,16.57,2.96,1.98,44.98,29.5,70.56,47.04,10.14,6.92,55.02,36.19,11,4,2023,"Newark, USA",ENABLON,16.73,41.42,4.94,74.48,117.6,17.06,91.21,159.02,22.0,95.41,63.61,13.1,8.9
16.26,10.6,7.06,26.23,17.48,3.13,2.08,46.09,29.26,74.45,49.64,12.21,8.66,56.69,36.32,12,4,2023,"Newark, USA",ENABLON,17.66,43.71,5.21,75.35,124.09,20.87,93.01,167.8,26.08,100.68,67.12,15.34,10.74
12.42,9.78,6.51,22.27,14.84,2.5,1.67,43.68,27.22,63.22,42.15,7.48,5.58,53.46,33.73,1,1,2024,"Newark, USA",ENABLON,16.29,37.11,4.17,70.9,105.37,13.06,87.19,142.48,17.23,85.49,56.99,9.98,7.25
13.31,9.79,6.53,22.3,14.87,2.5,1.67,41.15,28.56,63.32,42.21,15.7,9.87,50.94,35.09,2,1,2024,"Newark, USA",ENABLON,16.32,37.17,4.17,69.71,105.53,25.57,86.03,142.7,29.74,85.62,57.08,18.2,11.54
17.36,10.53,7.02,24.0,16.0,2.69,1.8,43.98,28.79,68.13,45.42,11.92,8.14,54.51,35.81,3,1,2024,"Newark, USA",ENABLON,17.55,40.0,4.49,72.77,113.55,20.06,90.32,153.55,24.55,92.13,61.42,14.61,9.94
16.53,11.44,7.62,26.06,17.37,2.92,1.95,48.88,32.2,73.98,49.32,13.42,9.11,60.32,39.82,4,2,2024,"Newark, USA",ENABLON,19.06,43.43,4.87,81.08,123.3,22.53,100.14,166.73,27.4,100.04,66.69,16.34,11.06
14.18,9.69,6.46,22.08,14.72,2.48,1.65,39.24,27.29,62.7,41.8,14.88,9.38,48.93,33.75,5,2,2024,"Newark, USA",ENABLON,16.15,36.8,4.13,66.53,104.5,24.26,82.68,141.3,28.39,84.78,56.52,17.36,11.03
18.05,10.93,7.28,24.89,16.59,2.79,1.86,45.77,29.67,70.66,47.11,19.78,13.68,56.7,36.95,6,2,2024,"Newark, USA",ENABLON,18.21,41.48,4.65,75.44,117.77,33.46,93.65,159.25,38.11,95.55,63.7,22.57,15.54
18.24,11.58,7.72,26.38,17.59,2.96,1.97,46.43,34.0,74.89,49.93,16.82,9.83,58.01,41.72,7,3,2024,"Newark, USA",ENABLON,19.3,43.97,4.93,80.43,124.82,26.65,99.73,168.79,31.58,101.27,67.52,19.78,11.8
15.5,9.27,6.18,21.11,14.07,2.37,1.58,37.22,25.72,59.92,39.95,8.69,5.5,46.49,31.9,8,3,2024,"Newark, USA",ENABLON,15.45,35.18,3.95,62.94,99.87,14.19,78.39,135.05,18.14,81.03,54.02,11.06,7.08
11.84,10.25,6.83,23.35,15.57,2.62,1.75,44.24,27.6,66.29,44.19,13.6,9.94,54.49,34.43,9,3,2024,"Newark, USA",ENABLON,17.08,38.92,4.37,71.84,110.48,23.54,88.92,149.4,27.91,89.64,59.76,16.22,11.69
12.47,9.43,6.29,21.49,14.32,2.41,1.61,37.93,26.36,61.0,40.67,11.82,7.44,47.36,32.65,10,4,2024,"Newark, USA",ENABLON,15.72,35.81,4.02,64.29,101.67,19.26,80.01,137.48,23.28,82.49,54.99,14.23,9.05
16.27,9.97,6.65,22.71,15.14,2.55,1.7,44.31,28.45,64.48,42.99,10.03,7.11,54.28,35.1,11,4,2024,"Newark, USA",ENABLON,16.62,37.85,4.25,72.76,107.47,17.14,89.38,145.32,21.39,87.19,58.13,12.58,8.81
14.57,12.06,8.04,27.48,18.32,3.08,2.06,49.5,34.23,78.01,52.01,18.33,11.62,61.56,42.27,12,4,2024,"Newark, USA",ENABLON,20.1,45.8,5.14,83.73,130.02,29.95,103.83,175.82,35.09,105.49,70.33,21.41,13.68
11.0,10.87,7.24,22.93,15.28,2.41,1.61,46.69,30.66,65.08,43.39,7.43,5.1,57.56,37.9,1,1,2025,"Newark, USA",ENABLON,18.11,38.21,4.02,77.35,108.47,12.53,95.46,146.68,16.55,88.01,58.67,9.84,6.71
19.09,12.54,8.36,26.46,17.64,2.78,1.86,51.16,34.19,75.11,50.08,9.74,6.46,63.7,42.55,2,1,2025,"Newark, USA",ENABLON,20.9,44.1,4.64,85.35,125.19,16.2,106.25,169.29,20.84,101.57,67.72,12.52,8.32
16.65,12.03,8.02,25.39,16.93,2.67,1.78,49.56,34.95,72.1,48.06,16.41,9.93,61.59,42.97,3,1,2025,"Newark, USA",ENABLON,20.05,42.32,4.45,84.51,120.16,26.34,104.56,162.48,30.79,97.49,64.99,19.08,11.71
14.51,10.94,7.29,23.09,15.39,2.43,1.62,48.31,31.95,65.56,43.71,12.29,8.32,59.25,39.24,4,2,2025,"Newark, USA",ENABLON,18.23,38.48,4.05,80.26,109.27,20.61,98.49,147.75,24.66,88.65,59.1,14.72,9.94
17.25,10.56,7.04,22.28,14.86,2.34,1.56,47.29,30.74,63.26,42.17,6.73,4.74,57.85,37.78,5,2,2025,"Newark, USA",ENABLON,17.6,37.14,3.9,78.03,105.43,11.47,95.63,142.57,15.37,85.54,57.03,9.07,6.3
17.43,10.48,6.99,22.12,14.75,2.33,1.55,46.3,28.14,62.81,41.87,8.85,6.98,56.78,35.13,6,2,2025,"Newark, USA",ENABLON,17.47,36.87,3.88,74.44,104.68,15.83,91.91,141.55,19.71,84.93,56.62,11.18,8.53
11.66,10.15,6.77,21.42,14.28,2.25,1.5,42.41,28.54,60.82,40.55,12.57,8.25,52.56,35.31,7,3,2025,"Newark, USA",ENABLON,16.92,35.7,3.75,70.95,101.37,20.82,87.87,137.07,24.57,82.24,54.83,14.82,9.75
13.94,11.73,7.82,24.75,16.5,2.6,1.74,49.77,31.28,70.26,46.84,11.25,8.28,61.5,39.1,8,3,2025,"Newark, USA",ENABLON,19.55,41.25,4.34,81.05,117.1,19.53,100.6,158.35,23.87,95.01,63.34,13.85,10.02
18.91,11.64,7.76,24.56,16.37,2.58,1.72,49.14,31.87,69.71,46.48,12.8,8.94,60.78,39.63,9,3,2025,"Newark, USA",ENABLON,19.4,40.93,4.3,81.01,116.19,21.74,100.41,157.12,26.04,94.27,62.85,15.38,10.66
20.13,12.93,8.62,27.29,18.19,2.87,1.91,57.61,38.46,77.46,51.65,15.95,10.61,70.54,47.08,10,4,2025,"Newark, USA",ENABLON,21.55,45.48,4.78,96.07,129.11,26.56,117.62,174.59,31.34,104.75,69.84,18.82,12.52
18.95,12.92,8.62,27.27,18.18,2.87,1.91,54.35,36.56,77.42,51.61,17.21,11.3,67.27,45.18,11,4,2025,"Newark, USA",ENABLON,21.54,45.45,4.78,90.91,129.03,28.51,112.45,174.48,33.29,104.69,69.79,20.08,13.21
13.98,11.93,7.95,25.18,16.78,2.65,1.77,49.24,33.21,71.47,47.65,8.26,5.39,61.17,41.16,12,4,2025,"Newark, USA",ENABLON,19.88,41.96,4.42,82.45,119.12,13.65,102.33,161.08,18.07,96.65,64.43,10.91,7.16
10.7,7.74,5.16,15.39,10.26,1.53,1.02,39.51,24.96,50.38,33.59,9.25,6.97,47.25,30.12,1,1,2022,"Milan, Italy",ENABLON,12.9,25.65,2.55,64.47,83.97,16.22,77.37,109.62,18.77,65.77,43.85,10.78,7.99
11.06,7.66,5.1,15.22,10.14,1.51,1.01,34.44,25.26,49.8,33.21,8.41,4.61,42.1,30.36,2,1,2022,"Milan, Italy",ENABLON,12.76,25.36,2.52,59.7,83.01,13.02,72.46,108.37,15.54,65.02,43.35,9.92,5.62
8.45,7.21,4.81,14.34,9.56,1.43,0.95,32.83,22.52,46.94,31.29,7.29,4.6,40.04,27.33,3,1,2022,"Milan, Italy",ENABLON,12.02,23.9,2.38,55.35,78.23,11.89,67.37,102.13,14.27,61.28,40.85,8.72,5.55
13.3,9.54,6.36,18.97,12.64,1.89,1.26,43.07,30.94,62.08,41.39,8.99,5.14,52.61,37.3,4,2,2022,"Milan, Italy",ENABLON,15.9,31.61,3.15,74.01,103.47,14.13,89.91,135.08,17.28,81.05,54.03,10.88,6.4
13.82,7.31,4.87,14.53,9.69,1.44,0.96,33.98,23.97,47.57,31.71,8.71,5.16,41.29,28.84,5,2,2022,"Milan, Italy",ENABLON,12.18,24.22,2.4,57.95,79.28,13.87,70.13,103.5,16.27,62.1,41.4,10.15,6.12
15.28,9.29,6.19,18.47,12.31,1.84,1.22,47.01,31.1,60.46,40.31,11.72,7.97,56.3,37.29,6,2,2022,"Milan, Italy",ENABLON,15.48,30.78,3.06,78.11,100.77,19.69,93.59,131.55,22.75,78.93,52.62,13.56,9.19
15.08,8.45,5.63,16.79,11.19,1.67,1.11,42.45,26.92,54.95,36.63,9.27,6.91,50.9,32.55,7,3,2022,"Milan, Italy",ENABLON,14.08,27.98,2.78,69.37,91.58,16.18,83.45,119.56,18.96,71.74,47.82,10.94,8.02
12.3,7.29,4.86,14.5,9.67,1.44,0.96,36.77,21.95,47.48,31.65,4.76,4.06,44.06,26.81,8,3,2022,"Milan, Italy",ENABLON,12.15,24.17,2.4,58.72,79.13,8.82,70.87,103.3,11.22,61.98,41.32,6.2,5.02
9.41,9.41,6.27,18.71,12.47,1.86,1.24,44.7,28.7,61.24,40.83,12.45,8.91,54.11,34.97,9,3,2022,"Milan, Italy",ENABLON,15.68,31.18,3.1,73.4,102.07,21.36,89.08,133.25,24.46,79.95,53.3,14.31,10.15
16.16,8.82,5.88,17.53,11.69,1.74,1.16,40.15,26.64,57.38,38.25,10.28,6.91,48.97,32.52,10,4,2022,"Milan, Italy",ENABLON,14.7,29.22,2.9,66.79,95.63,17.19,81.49,124.85,20.09,74.91,49.94,12.02,8.07
13.39,7.69,5.13,15.29,10.19,1.52,1.01,34.65,24.96,50.06,33.37,11.16,6.41,42.34,30.09,11,4,2022,"Milan, Italy",ENABLON,12.82,25.48,2.53,59.61,83.43,17.57,72.43,108.91,20.1,65.35,43.56,12.68,7.42
15.56,8.0,5.34,15.91,10.61,1.58,1.05,40.39,26.28,52.08,34.71,7.75,5.47,48.39,31.62,12,4,2022,"Milan, Italy",ENABLON,13.34,26.52,2.63,66.67,86.79,13.22,80.01,113.31,15.85,67.99,45.32,9.33,6.52
14.87,9.1,6.07,16.92,11.28,1.56,1.04,43.15,30.75,55.38,36.92,9.49,5.23,52.25,36.82,1,1,2023,"Milan, Italy",ENABLON,15.17,28.2,2.6,73.9,92.3,14.72,89.07,120.5,17.32,72.3,48.2,11.05,6.27
8.36,7.88,5.25,14.64,9.76,1.35,0.9,37.8,26.24,47.92,31.94,7.41,4.4,45.68,31.49,2,1,2023,"Milan, Italy",ENABLON,13.13,24.4,2.25,64.04,79.86,11.81,77.17,104.26,14.06,62.56,41.7,8.76,5.3
9.81,8.9,5.93,16.55,11.03,1.53,1.02,41.1,27.68,54.18,36.12,7.83,5.1,50.0,33.61,3,1,2023,"Milan, Italy",ENABLON,14.83,27.58,2.55,68.78,90.3,12.93,83.61,117.88,15.48,70.73,47.15,9.36,6.12
12.48,9.73,6.49,18.08,12.06,1.67,1.11,43.74,32.46,59.19,39.46,7.42,3.69,53.47,38.95,4,2,2023,"Milan, Italy",ENABLON,16.22,30.14,2.78,76.2,98.65,11.11,92.42,128.79,13.89,77.27,51.52,9.09,4.8
12.38,8.62,5.75,16.03,10.69,1.48,0.99,42.44,27.84,52.49,34.99,6.72,4.69,51.06,33.59,5,2,2023,"Milan, Italy",ENABLON,14.37,26.72,2.47,70.28,87.48,11.41,84.65,114.2,13.88,68.52,45.68,8.2,5.68
12.29,8.02,5.34,14.9,9.93,1.38,0.92,39.58,24.31,48.76,32.51,4.33,3.63,47.6,29.65,6,2,2023,"Milan, Italy",ENABLON,13.36,24.83,2.3,63.89,81.27,7.96,77.25,106.1,10.26,63.66,42.44,5.71,4.55
14.12,10.32,6.88,19.19,12.79,1.77,1.18,51.37,34.16,62.81,41.88,5.65,3.8,61.69,41.04,7,3,2023,"Milan, Italy",ENABLON,17.2,31.98,2.95,85.53,104.69,9.45,102.73,136.67,12.4,82.0,54.67,7.42,4.98
12.49,7.92,5.28,14.72,9.81,1.36,0.91,36.79,26.06,48.19,32.13,8.67,4.93,44.71,31.34,8,3,2023,"Milan, Italy",ENABLON,13.2,24.53,2.27,62.85,80.32,13.6,76.05,104.85,15.87,62.91,41.94,10.03,5.84
10.36,10.15,6.77,18.86,12.58,1.74,1.16,50.29,31.19,61.75,41.16,5.11,4.2,60.44,37.96,9,3,2023,"Milan, Italy",ENABLON,16.92,31.44,2.9,81.48,102.91,9.31,98.4,134.35,12.21,80.61,53.74,6.85,5.36
10.98,9.62,6.41,17.88,11.92,1.65,1.1,44.04,29.51,58.51,39.01,7.32,4.82,53.66,35.92,10,4,2023,"Milan, Italy",ENABLON,16.03,29.8,2.75,73.55,97.52,12.14,89.58,127.32,14.89,76.39,50.93,8.97,5.92
13.42,8.21,5.47,15.26,10.17,1.41,0.94,37.79,27.56,49.96,33.31,6.06,3.12,46.0,33.03,11,4,2023,"Milan, Italy",ENABLON,13.68,25.43,2.35,65.35,83.27,9.18,79.03,108.7,11.53,65.22,43.48,7.47,4.06
13.42,8.42,5.61,15.65,10.43,1.45,0.96,40.8,26.9,51.21,34.15,5.69,3.92,49.22,32.51,12,4,2023,"Milan, Italy",ENABLON,14.03,26.08,2.41,67.7,85.36,9.61,81.73,111.44,12.02,66.86,44.58,7.14,4.88
17.3,9.5,6.33,16.58,11.05,1.42,0.94,47.53,30.91,54.28,36.19,2.88,2.17,57.03,37.24,1,1,2024,"Milan, Italy",ENABLON,15.83,27.63,2.36,78.44,90.47,5.05,94.27,118.1,7.41,70.86,47.24,4.3,3.11
11.93,9.32,6.21,16.26,10.84,1.39,0.93,43.06,29.95,53.22,35.48,7.34,4.26,52.38,36.16,2,1,2024,"Milan, Italy",ENABLON,15.53,27.1,2.32,73.01,88.7,11.6,88.54,115.8,13.92,69.48,46.32,8.73,5.19
15.24,10.55,7.03,18.41,12.27,1.57,1.05,48.73,35.02,60.25,40.17,8.31,4.25,59.28,42.05,3,1,2024,"Milan, Italy",ENABLON,17.58,30.68,2.62,83.75,100.42,12.56,101.33,131.1,15.18,78.66,52.44,9.88,5.3
12.72,10.6,7.06,18.5,12.33,1.58,1.05,48.24,35.2,60.57,40.38,9.18,4.51,58.84,42.26,4,2,2024,"Milan, Italy",ENABLON,17.66,30.83,2.63,83.44,100.95,13.69,101.1,131.78,16.32,79.07,52.71,10.76,5.56
10.47,9.55,6.37,16.67,11.12,1.42,0.95,43.61,28.75,54.58,36.38,7.58,5.21,53.16,35.12,5,2,2024,"Milan, Italy",ENABLON,15.92,27.79,2.37,72.36,90.96,12.79,88.28,118.75,15.16,71.25,47.5,9.0,6.16
13.15,8.61,5.74,15.02,10.01,1.28,0.85,40.62,27.83,49.15,32.77,4.9,2.96,49.23,33.57,6,2,2024,"Milan, Italy",ENABLON,14.35,25.03,2.13,68.45,81.92,7.86,82.8,106.95,9.99,64.17,42.78,6.18,3.81
8.22,8.3,5.54,14.48,9.66,1.24,0.82,40.48,27.22,47.41,31.6,6.11,3.95,48.78,32.76,7,3,2024,"Milan, Italy",ENABLON,13.84,24.14,2.06,67.7,79.01,10.06,81.54,103.15,12.12,61.89,41.26,7.35,4.77
17.46,9.42,6.28,16.44,10.96,1.4,0.94,46.06,29.5,53.81,35.87,3.48,2.71,55.48,35.78,8,3,2024,"Milan, Italy",ENABLON,15.7,27.4,2.34,75.56,89.68,6.19,91.26,117.08,8.53,70.25,46.83,4.88,3.65
15.55,9.09,6.06,15.86,10.57,1.35,0.9,41.87,28.95,51.91,34.61,3.8,2.22,50.96,35.01,9,3,2024,"Milan, Italy",ENABLON,15.15,26.43,2.25,70.82,86.52,6.02,85.97,112.95,8.27,67.77,45.18,5.15,3.12
16.86,9.52,6.35,16.62,11.08,1.42,0.95,45.32,30.76,54.39,36.26,5.37,3.34,54.84,37.11,10,4,2024,"Milan, Italy",ENABLON,15.87,27.7,2.37,76.08,90.65,8.71,91.95,118.35,11.08,71.01,47.34,6.79,4.29
11.05,8.93,5.95,15.59,10.39,1.33,0.89,41.98,28.12,51.02,34.01,6.58,4.31,50.91,34.07,11,4,2024,"Milan, Italy",ENABLON,14.88,25.98,2.22,70.1,85.03,10.89,84.98,111.01,13.11,66.61,44.4,7.91,5.2
16.56,11.01,7.34,19.21,12.81,1.64,1.09,54.61,36.92,62.9,41.93,7.76,4.89,65.62,44.26,12,4,2024,"Milan, Italy",ENABLON,18.35,32.02,2.73,91.53,104.83,12.65,109.88,136.85,15.38,82.11,54.74,9.4,5.98
10.34,10.0,6.66,16.44,10.96,1.29,0.86,50.73,33.1,53.8,35.87,2.71,2.11,60.73,39.76,1,1,2025,"Milan, Italy",ENABLON,16.66,27.4,2.15,83.83,89.67,4.82,100.49,117.07,6.97,70.24,46.83,4.0,2.97
20.11,10.27,6.85,16.9,11.27,1.33,0.88,51.74,34.64,55.31,36.87,4.68,3.04,62.01,41.49,2,1,2025,"Milan, Italy",ENABLON,17.12,28.17,2.21,86.38,92.18,7.72,103.5,120.35,9.93,72.21,48.14,6.01,3.92
12.43,9.31,6.21,15.31,10.21,1.2,0.8,46.12,31.58,50.13,33.42,2.19,1.18,55.43,37.79,3,1,2025,"Milan, Italy",ENABLON,15.52,25.52,2.0,77.7,83.55,3.37,93.22,109.07,5.37,65.44,43.63,3.39,1.98
20.44,11.65,7.76,19.16,12.77,1.5,1.0,54.55,39.5,62.71,41.81,6.8,2.88,66.2,47.26,4,2,2025,"Milan, Italy",ENABLON,19.41,31.93,2.5,94.05,104.52,9.68,113.46,136.45,12.18,81.87,54.58,8.3,3.88
17.56,10.11,6.74,16.63,11.08,1.3,0.87,45.44,30.97,54.43,36.29,4.04,2.46,55.55,37.71,5,2,2025,"Milan, Italy",ENABLON,16.85,27.71,2.17,76.41,90.72,6.5,93.26,118.43,8.67,71.06,47.37,5.34,3.33
9.8,9.62,6.42,15.83,10.56,1.24,0.83,44.66,29.16,51.83,34.55,3.59,2.61,54.28,35.58,6,2,2025,"Milan, Italy",ENABLON,16.04,26.39,2.07,73.82,86.38,6.2,89.86,112.77,8.27,67.66,45.11,4.83,3.44
13.9,9.45,6.3,15.55,10.36,1.22,0.81,47.37,30.96,50.89,33.93,2.75,2.09,56.82,37.26,7,3,2025,"Milan, Italy",ENABLON,15.75,25.91,2.03,78.33,84.82,4.84,94.08,110.73,6.87,66.44,44.29,3.97,2.9
18.24,9.76,6.51,16.05,10.7,1.26,0.84,47.96,31.11,52.55,35.03,4.28,3.29,57.72,37.62,8,3,2025,"Milan, Italy",ENABLON,16.27,26.75,2.1,79.07,87.58,7.57,95.34,114.33,9.67,68.6,45.73,5.54,4.13
11.7,10.76,7.17,17.69,11.79,1.39,0.92,52.96,35.86,57.89,38.6,4.88,2.97,63.72,43.03,9,3,2025,"Milan, Italy",ENABLON,17.93,29.48,2.31,88.82,96.49,7.85,106.75,125.97,10.16,75.58,50.39,6.27,3.89
16.49,9.1,6.06,14.96,9.97,1.17,0.78,41.62,30.08,48.97,32.65,5.86,2.67,50.72,36.14,10,4,2025,"Milan, Italy",ENABLON,15.16,24.93,1.95,71.7,81.62,8.53,86.86,106.55,10.48,63.93,42.62,7.03,3.45
11.68,11.22,7.48,18.45,12.3,1.45,0.96,53.32,36.95,60.4,40.27,4.53,2.44,64.54,44.43,11,4,2025,"Milan, Italy",ENABLON,18.7,30.75,2.41,90.27,100.67,6.97,108.97,131.42,9.38,78.85,52.57,5.98,3.4
16.11,10.2,6.8,16.78,11.19,1.32,0.88,49.49,33.64,54.91,36.61,3.08,1.82,59.69,40.44,12,4,2025,"Milan, Italy",ENABLON,17.0,27.97,2.2,83.13,91.52,4.9,100.13,119.49,7.1,71.69,47.8,4.4,2.7
