CHEMICAL_OXYGEN_DEMAND_EFFLUENT_TONNES_QUANTITY,DIRECT_FROM_FRESH_SURFACE_MILLION_M3_QUANTITY,GROUNDWATER_MILLION_M3_QUANTITY,MUNICIPAL_SUPPLY_MILLION_M3_QUANTITY,RAINWATER_HARVESTING_MILLION_M3_QUANTITY,REPORTING_MONTH_NUMBER,REPORTING_QUARTER_NUMBER,REPORTING_YEAR_NUMBER,SHE_SITE_NAME,SRC_SYS_NM,TOTAL_WATER_WITHDRAWN_MILLION_M3_QUANTITY
0.1814,5.8e-05,0.000488,0.00073,8.1e-05,1,1,2022,"Macclesfield, UK",ENABLON,0.001357
0.1436,5e-05,0.000464,0.000694,3e-05,2,1,2022,"Macclesfield, UK",ENABLON,0.001238
0.0704,4.1e-05,0.000494,0.000739,0.000118,3,1,2022,"Macclesfield, UK",ENABLON,0.001392
0.1257,6.5e-05,0.000546,0.000815,9.8e-05,4,2,2022,"Macclesfield, UK",ENABLON,0.001524
0.1567,6.2e-05,0.000522,0.00078,0.000102,5,2,2022,"Macclesfield, UK",ENABLON,0.001466
0.1125,4.6e-05,0.000517,0.000773,3.1e-05,6,2,2022,"Macclesfield, UK",ENABLON,0.001367
0.1179,5.9e-05,0.0005,0.000747,3.2e-05,7,3,2022,"Macclesfield, UK",ENABLON,0.001338
0.1983,6.5e-05,0.000538,0.000803,4.6e-05,8,3,2022,"Macclesfield, UK",ENABLON,0.001452
0.1613,1.9e-05,0.000458,0.000684,0.0001,9,3,2022,"Macclesfield, UK",ENABLON,0.001261
0.0824,4.3e-05,0.000477,0.000713,9.5e-05,10,4,2022,"Macclesfield, UK",ENABLON,0.001328
0.1103,5.2e-05,0.000498,0.000744,6.7e-05,11,4,2022,"Macclesfield, UK",ENABLON,0.001361
0.1833,4.7e-05,0.000517,0.000773,3.9e-05,12,4,2022,"Macclesfield, UK",ENABLON,0.001376
0.1304,5.4e-05,0.000485,0.000725,7.1e-05,1,1,2023,"Macclesfield, UK",ENABLON,0.001335
0.1751,4.9e-05,0.00049,0.000732,6.5e-05,2,1,2023,"Macclesfield, UK",ENABLON,0.001336
0.0721,3.3e-05,0.000495,0.000739,6.7e-05,3,1,2023,"Macclesfield, UK",ENABLON,0.001334
0.1491,2.2e-05,0.000469,0.0007,6.6e-05,4,2,2023,"Macclesfield, UK",ENABLON,0.001257
0.1259,3.9e-05,0.000451,0.000673,6.6e-05,5,2,2023,"Macclesfield, UK",ENABLON,0.001229
0.1368,5.8e-05,0.00051,0.000762,6.9e-05,6,2,2023,"Macclesfield, UK",ENABLON,0.001399
0.178,5.6e-05,0.000495,0.000739,3.7e-05,7,3,2023,"Macclesfield, UK",ENABLON,0.001327
0.0812,1.6e-05,0.000535,0.000799,5.8e-05,8,3,2023,"Macclesfield, UK",ENABLON,0.001408
0.0688,2.9e-05,0.00044,0.000657,3.1e-05,9,3,2023,"Macclesfield, UK",ENABLON,0.001157
0.102,2.5e-05,0.000499,0.000746,8.1e-05,10,4,2023,"Macclesfield, UK",ENABLON,0.001351
0.138,1.6e-05,0.000443,0.000663,6.6e-05,11,4,2023,"Macclesfield, UK",ENABLON,0.001188
0.0699,2.9e-05,0.000453,0.000677,3.9e-05,12,4,2023,"Macclesfield, UK",ENABLON,0.001198
0.1293,4.2e-05,0.000504,0.000753,5.5e-05,1,1,2024,"Macclesfield, UK",ENABLON,0.001354
0.1935,2.5e-05,0.000485,0.000725,8.4e-05,2,1,2024,"Macclesfield, UK",ENABLON,0.001319
0.165,2.2e-05,0.000504,0.000753,4.4e-05,3,1,2024,"Macclesfield, UK",ENABLON,0.001323
0.1362,1.7e-05,0.000479,0.000715,0.000106,4,2,2024,"Macclesfield, UK",ENABLON,0.001317
0.1078,1.8e-05,0.000423,0.000631,3.1e-05,5,2,2024,"Macclesfield, UK",ENABLON,0.001103
0.1674,6.4e-05,0.000536,0.0008,0.000119,6,2,2024,"Macclesfield, UK",ENABLON,0.001519
0.1233,6.2e-05,0.000514,0.000769,8.8e-05,7,3,2024,"Macclesfield, UK",ENABLON,0.001433
0.1175,3.4e-05,0.000534,0.000797,9.9e-05,8,3,2024,"Macclesfield, UK",ENABLON,0.001464
0.0578,1.6e-05,0.000434,0.000648,2.3e-05,9,3,2024,"Macclesfield, UK",ENABLON,0.001121
0.1626,2.3e-05,0.000513,0.000767,0.000113,10,4,2024,"Macclesfield, UK",ENABLON,0.001416
0.1694,4.2e-05,0.000483,0.000722,6.6e-05,11,4,2024,"Macclesfield, UK",ENABLON,0.001313
0.1145,3.1e-05,0.00044,0.000657,4.8e-05,12,4,2024,"Macclesfield, UK",ENABLON,0.001176
0.1292,1.6e-05,0.000411,0.000613,3.4e-05,1,1,2025,"Macclesfield, UK",ENABLON,0.001074
0.1478,5.4e-05,0.000496,0.000741,7.1e-05,2,1,2025,"Macclesfield, UK",ENABLON,0.001362
0.065,4.6e-05,0.000427,0.000638,6.9e-05,3,1,2025,"Macclesfield, UK",ENABLON,0.00118
0.1673,3.9e-05,0.000409,0.000612,7.1e-05,4,2,2025,"Macclesfield, UK",ENABLON,0.001131
0.1421,4.1e-05,0.000486,0.000726,9.5e-05,5,2,2025,"Macclesfield, UK",ENABLON,0.001348
0.1416,3.5e-05,0.000478,0.000715,7e-05,6,2,2025,"Macclesfield, UK",ENABLON,0.001298
0.1405,5.4e-05,0.000511,0.000763,9.4e-05,7,3,2025,"Macclesfield, UK",ENABLON,0.001422
0.1154,3.5e-05,0.000521,0.000778,8e-05,8,3,2025,"Macclesfield, UK",ENABLON,0.001414
0.1123,2.7e-05,0.000414,0.000619,9.4e-05,9,3,2025,"Macclesfield, UK",ENABLON,0.001154
0.1516,2.7e-05,0.000454,0.000678,0.000107,10,4,2025,"Macclesfield, UK",ENABLON,0.001266
0.0916,1.8e-05,0.00041,0.000613,4.4e-05,11,4,2025,"Macclesfield, UK",ENABLON,0.001085
0.0974,4.9e-05,0.00043,0.000642,4e-05,12,4,2025,"Macclesfield, UK",ENABLON,0.001161
0.9823,0.000229,0.002692,0.00355,0.000258,1,1,2022,"Gothenburg, Sweden",ENABLON,0.006729
1.0321,0.00027,0.0031,0.004088,0.000506,2,1,2022,"Gothenburg, Sweden",ENABLON,0.007964
0.624,0.000237,0.00308,0.004062,0.000596,3,1,2022,"Gothenburg, Sweden",ENABLON,0.007975
0.5366,0.000102,0.003051,0.004024,0.000494,4,2,2022,"Gothenburg, Sweden",ENABLON,0.007671
1.0816,0.000175,0.002968,0.003914,0.000184,5,2,2022,"Gothenburg, Sweden",ENABLON,0.007241
0.3861,8.1e-05,0.003071,0.00405,0.000249,6,2,2022,"Gothenburg, Sweden",ENABLON,0.007451
1.1248,0.000124,0.00344,0.004537,0.000369,7,3,2022,"Gothenburg, Sweden",ENABLON,0.00847
0.7693,9.6e-05,0.003449,0.004549,0.000172,8,3,2022,"Gothenburg, Sweden",ENABLON,0.008266
0.5469,0.000125,0.002974,0.003923,0.000195,9,3,2022,"Gothenburg, Sweden",ENABLON,0.007217
0.9503,7.4e-05,0.002813,0.00371,0.000301,10,4,2022,"Gothenburg, Sweden",ENABLON,0.006898
0.6956,0.00023,0.002771,0.003654,0.000196,11,4,2022,"Gothenburg, Sweden",ENABLON,0.006851
0.7304,0.000312,0.003005,0.003963,0.000508,12,4,2022,"Gothenburg, Sweden",ENABLON,0.007788
0.4307,8.9e-05,0.002795,0.003686,0.000539,1,1,2023,"Gothenburg, Sweden",ENABLON,0.007109
0.9942,0.000305,0.002881,0.0038,0.000525,2,1,2023,"Gothenburg, Sweden",ENABLON,0.007511
0.8634,0.000199,0.002561,0.003377,0.000161,3,1,2023,"Gothenburg, Sweden",ENABLON,0.006298
0.7004,0.000146,0.003051,0.004023,0.000219,4,2,2023,"Gothenburg, Sweden",ENABLON,0.007439
0.8168,8.7e-05,0.002822,0.003722,0.00049,5,2,2023,"Gothenburg, Sweden",ENABLON,0.007121
0.6994,0.000291,0.002998,0.003954,0.000205,6,2,2023,"Gothenburg, Sweden",ENABLON,0.007448
1.0148,0.000133,0.003049,0.004021,0.000549,7,3,2023,"Gothenburg, Sweden",ENABLON,0.007752
0.6501,8.9e-05,0.003002,0.00396,0.000401,8,3,2023,"Gothenburg, Sweden",ENABLON,0.007452
0.4841,0.000239,0.002963,0.003907,0.00032,9,3,2023,"Gothenburg, Sweden",ENABLON,0.007429
0.9561,0.000125,0.002962,0.003906,0.000352,10,4,2023,"Gothenburg, Sweden",ENABLON,0.007345
0.9357,0.000173,0.00277,0.003653,0.000323,11,4,2023,"Gothenburg, Sweden",ENABLON,0.006919
0.4725,7.4e-05,0.002985,0.003937,0.000323,12,4,2023,"Gothenburg, Sweden",ENABLON,0.007319
0.3762,0.00026,0.002464,0.00325,0.00046,1,1,2024,"Gothenburg, Sweden",ENABLON,0.006434
0.3801,9.6e-05,0.002631,0.003469,0.000573,2,1,2024,"Gothenburg, Sweden",ENABLON,0.006769
1.0308,0.000226,0.002873,0.003789,0.000462,3,1,2024,"Gothenburg, Sweden",ENABLON,0.00735
0.7396,0.000212,0.00249,0.003284,0.000388,4,2,2024,"Gothenburg, Sweden",ENABLON,0.006374
0.8009,0.000158,0.002743,0.003617,0.000264,5,2,2024,"Gothenburg, Sweden",ENABLON,0.006782
1.0717,0.000266,0.003037,0.004005,0.000297,6,2,2024,"Gothenburg, Sweden",ENABLON,0.007605
0.9548,0.000186,0.002709,0.003573,0.000254,7,3,2024,"Gothenburg, Sweden",ENABLON,0.006722
0.8102,0.000126,0.003125,0.004122,0.000384,8,3,2024,"Gothenburg, Sweden",ENABLON,0.007757
1.0272,0.000242,0.002889,0.00381,0.000461,9,3,2024,"Gothenburg, Sweden",ENABLON,0.007402
0.5723,0.000114,0.002886,0.003806,0.000334,10,4,2024,"Gothenburg, Sweden",ENABLON,0.00714
0.7711,0.000214,0.002479,0.003269,0.000256,11,4,2024,"Gothenburg, Sweden",ENABLON,0.006218
0.3873,0.000119,0.002527,0.003333,0.000555,12,4,2024,"Gothenburg, Sweden",ENABLON,0.006534
0.4487,0.000238,0.002672,0.003524,0.000364,1,1,2025,"Gothenburg, Sweden",ENABLON,0.006798
0.4577,0.000178,0.002395,0.003158,0.000443,2,1,2025,"Gothenburg, Sweden",ENABLON,0.006174
0.4429,0.000305,0.00279,0.003679,0.000481,3,1,2025,"Gothenburg, Sweden",ENABLON,0.007255
0.5165,0.000187,0.002412,0.003181,0.000265,4,2,2025,"Gothenburg, Sweden",ENABLON,0.006045
0.482,8e-05,0.002405,0.003172,0.000383,5,2,2025,"Gothenburg, Sweden",ENABLON,0.00604
1.0151,0.000332,0.003047,0.004018,0.000379,6,2,2025,"Gothenburg, Sweden",ENABLON,0.007776
0.9235,0.000323,0.003194,0.004212,0.00046,7,3,2025,"Gothenburg, Sweden",ENABLON,0.008189
0.5792,0.000155,0.002928,0.003862,0.000438,8,3,2025,"Gothenburg, Sweden",ENABLON,0.007383
0.8726,0.000228,0.002795,0.003686,0.000477,9,3,2025,"Gothenburg, Sweden",ENABLON,0.007186
0.7062,0.000136,0.002655,0.003501,0.000233,10,4,2025,"Gothenburg, Sweden",ENABLON,0.006525
0.8383,8.7e-05,0.002815,0.003713,0.000304,11,4,2025,"Gothenburg, Sweden",ENABLON,0.006919
0.9411,7.8e-05,0.002818,0.003717,0.000165,12,4,2025,"Gothenburg, Sweden",ENABLON,0.006778
0.448,0.000163,0.001774,0.002714,0.000356,1,1,2022,"Gaithersburg, USA",ENABLON,0.005007
0.4411,0.000136,0.001681,0.002573,0.000302,2,1,2022,"Gaithersburg, USA",ENABLON,0.004692
0.7243,0.000281,0.001917,0.002933,0.00034,3,1,2022,"Gaithersburg, USA",ENABLON,0.005471
0.2822,0.000189,0.001639,0.002508,0.000148,4,2,2022,"Gaithersburg, USA",ENABLON,0.004484
0.3719,8.1e-05,0.001837,0.002811,0.00049,5,2,2022,"Gaithersburg, USA",ENABLON,0.005219
0.4887,0.000276,0.001931,0.002954,0.000461,6,2,2022,"Gaithersburg, USA",ENABLON,0.005622
0.3697,0.000167,0.002117,0.003239,0.000432,7,3,2022,"Gaithersburg, USA",ENABLON,0.005955
0.4544,9.5e-05,0.001969,0.003013,0.000137,8,3,2022,"Gaithersburg, USA",ENABLON,0.005214
0.6883,0.000171,0.001938,0.002965,0.000257,9,3,2022,"Gaithersburg, USA",ENABLON,0.005331
0.6323,5.9e-05,0.001639,0.002507,0.00033,10,4,2022,"Gaithersburg, USA",ENABLON,0.004535
0.5209,0.000244,0.001902,0.00291,0.000212,11,4,2022,"Gaithersburg, USA",ENABLON,0.005268
0.4203,0.000219,0.001632,0.002496,0.000234,12,4,2022,"Gaithersburg, USA",ENABLON,0.004581
0.6372,0.000239,0.001737,0.002657,0.00034,1,1,2023,"Gaithersburg, USA",ENABLON,0.004973
0.6158,0.000175,0.001703,0.002606,0.000396,2,1,2023,"Gaithersburg, USA",ENABLON,0.00488
0.4529,0.000144,0.001714,0.002622,0.000292,3,1,2023,"Gaithersburg, USA",ENABLON,0.004772
0.5976,0.000231,0.001837,0.002811,0.000253,4,2,2023,"Gaithersburg, USA",ENABLON,0.005132
0.4765,0.00013,0.001681,0.002572,0.000194,5,2,2023,"Gaithersburg, USA",ENABLON,0.004577
0.6882,0.000243,0.002056,0.003145,0.000562,6,2,2023,"Gaithersburg, USA",ENABLON,0.006006
0.7487,0.000199,0.002021,0.003092,0.000464,7,3,2023,"Gaithersburg, USA",ENABLON,0.005776
0.5753,8.8e-05,0.001961,0.003001,0.000381,8,3,2023,"Gaithersburg, USA",ENABLON,0.005431
0.252,0.000159,0.001607,0.002458,0.000334,9,3,2023,"Gaithersburg, USA",ENABLON,0.004558
0.6602,0.000151,0.001736,0.002656,0.000183,10,4,2023,"Gaithersburg, USA",ENABLON,0.004726
0.2353,8.1e-05,0.001582,0.00242,0.00045,11,4,2023,"Gaithersburg, USA",ENABLON,0.004533
0.694,0.000207,0.00181,0.002769,0.000215,12,4,2023,"Gaithersburg, USA",ENABLON,0.005001
0.4268,0.000168,0.00164,0.00251,0.000415,1,1,2024,"Gaithersburg, USA",ENABLON,0.004733
0.3997,4.9e-05,0.001508,0.002307,0.000402,2,1,2024,"Gaithersburg, USA",ENABLON,0.004266
0.3537,0.000111,0.001631,0.002495,0.000434,3,1,2024,"Gaithersburg, USA",ENABLON,0.004671
0.2627,7.7e-05,0.001531,0.002343,0.000128,4,2,2024,"Gaithersburg, USA",ENABLON,0.004079
0.3833,0.000105,0.001578,0.002414,0.000128,5,2,2024,"Gaithersburg, USA",ENABLON,0.004225
0.252,0.000117,0.001704,0.002607,0.000353,6,2,2024,"Gaithersburg, USA",ENABLON,0.004781
0.4179,0.000114,0.001664,0.002545,0.000255,7,3,2024,"Gaithersburg, USA",ENABLON,0.004578
0.3071,0.000227,0.001761,0.002694,0.000264,8,3,2024,"Gaithersburg, USA",ENABLON,0.004946
0.4447,0.000156,0.00156,0.002387,0.000375,9,3,2024,"Gaithersburg, USA",ENABLON,0.004478
0.2663,7.6e-05,0.001743,0.002666,0.000265,10,4,2024,"Gaithersburg, USA",ENABLON,0.00475
0.4148,0.000145,0.001647,0.00252,0.000259,11,4,2024,"Gaithersburg, USA",ENABLON,0.004571
0.6586,9.8e-05,0.001571,0.002403,0.000428,12,4,2024,"Gaithersburg, USA",ENABLON,0.0045
0.5864,0.00016,0.001662,0.002543,0.000198,1,1,2025,"Gaithersburg, USA",ENABLON,0.004563
0.4781,6.2e-05,0.001543,0.002361,0.000243,2,1,2025,"Gaithersburg, USA",ENABLON,0.004209
0.65,0.000113,0.001511,0.002311,0.000441,3,1,2025,"Gaithersburg, USA",ENABLON,0.004376
0.6705,0.000137,0.001697,0.002596,0.00032,4,2,2025,"Gaithersburg, USA",ENABLON,0.00475
0.5656,0.000136,0.00159,0.002433,9.6e-05,5,2,2025,"Gaithersburg, USA",ENABLON,0.004255
0.6921,5.1e-05,0.001692,0.002589,0.000496,6,2,2025,"Gaithersburg, USA",ENABLON,0.004828
0.4437,0.00023,0.00176,0.002693,0.000358,7,3,2025,"Gaithersburg, USA",ENABLON,0.005041
0.4921,0.000172,0.001714,0.002623,0.000362,8,3,2025,"Gaithersburg, USA",ENABLON,0.004871
0.3348,0.000142,0.00146,0.002234,0.000346,9,3,2025,"Gaithersburg, USA",ENABLON,0.004182
0.4429,7.3e-05,0.001572,0.002406,0.000141,10,4,2025,"Gaithersburg, USA",ENABLON,0.004192
0.6257,0.000158,0.001535,0.002349,0.000251,11,4,2025,"Gaithersburg, USA",ENABLON,0.004293
0.3329,0.00011,0.001548,0.002368,0.000346,12,4,2025,"Gaithersburg, USA",ENABLON,0.004372
0.8299,0.000242,0.002863,0.004039,0.000404,1,1,2022,"Cambridge, UK",ENABLON,0.007548
0.3246,0.000252,0.002358,0.003327,0.000529,2,1,2022,"Cambridge, UK",ENABLON,0.006466
0.6632,0.000286,0.002598,0.003666,0.000713,3,1,2022,"Cambridge, UK",ENABLON,0.007263
0.8067,0.00034,0.002817,0.003974,0.00064,4,2,2022,"Cambridge, UK",ENABLON,0.007771
0.3905,0.000108,0.002761,0.003895,0.000591,5,2,2022,"Cambridge, UK",ENABLON,0.007355
0.7158,0.000336,0.003063,0.004321,0.000672,6,2,2022,"Cambridge, UK",ENABLON,0.008392
0.5661,0.000221,0.003051,0.004305,0.000783,7,3,2022,"Cambridge, UK",ENABLON,0.00836
0.777,9.3e-05,0.003026,0.004269,0.000683,8,3,2022,"Cambridge, UK",ENABLON,0.008071
0.3884,0.000159,0.002838,0.004005,0.00047,9,3,2022,"Cambridge, UK",ENABLON,0.007472
0.4068,0.000181,0.002496,0.003522,0.000697,10,4,2022,"Cambridge, UK",ENABLON,0.006896
0.5211,0.000308,0.00267,0.003767,0.000352,11,4,2022,"Cambridge, UK",ENABLON,0.007097
0.9596,0.000165,0.002607,0.003679,0.000381,12,4,2022,"Cambridge, UK",ENABLON,0.006832
0.8965,0.00014,0.002637,0.003721,0.000288,1,1,2023,"Cambridge, UK",ENABLON,0.006786
0.6842,0.000242,0.00248,0.003499,0.000662,2,1,2023,"Cambridge, UK",ENABLON,0.006883
0.8245,0.000249,0.002559,0.00361,0.000555,3,1,2023,"Cambridge, UK",ENABLON,0.006973
0.3669,0.000116,0.002565,0.003619,0.000193,4,2,2023,"Cambridge, UK",ENABLON,0.006493
0.6568,0.000137,0.002411,0.003401,0.000471,5,2,2023,"Cambridge, UK",ENABLON,0.00642
1.1533,0.000325,0.002943,0.004152,0.00031,6,2,2023,"Cambridge, UK",ENABLON,0.00773
0.815,0.000173,0.002893,0.004082,0.00054,7,3,2023,"Cambridge, UK",ENABLON,0.007688
1.1152,0.000293,0.00276,0.003894,0.000781,8,3,2023,"Cambridge, UK",ENABLON,0.007728
0.9566,0.000187,0.002305,0.003253,0.000653,9,3,2023,"Cambridge, UK",ENABLON,0.006398
0.5661,0.000206,0.002418,0.003411,0.000536,10,4,2023,"Cambridge, UK",ENABLON,0.006571
0.5673,0.000151,0.002664,0.003758,0.000719,11,4,2023,"Cambridge, UK",ENABLON,0.007292
0.4514,7.6e-05,0.002492,0.003516,0.000415,12,4,2023,"Cambridge, UK",ENABLON,0.006499
0.7345,7.4e-05,0.002249,0.003173,0.00044,1,1,2024,"Cambridge, UK",ENABLON,0.005936
0.5263,0.000104,0.002689,0.003793,0.000432,2,1,2024,"Cambridge, UK",ENABLON,0.007018
0.3619,0.000239,0.002289,0.00323,0.000306,3,1,2024,"Cambridge, UK",ENABLON,0.006064
0.7606,0.000245,0.002444,0.003448,0.000616,4,2,2024,"Cambridge, UK",ENABLON,0.006753
0.4508,0.000101,0.002373,0.003348,0.000283,5,2,2024,"Cambridge, UK",ENABLON,0.006105
0.8636,0.000182,0.002614,0.003687,0.00019,6,2,2024,"Cambridge, UK",ENABLON,0.006673
1.0248,0.000304,0.002939,0.004146,0.000718,7,3,2024,"Cambridge, UK",ENABLON,0.008107
0.4109,0.000111,0.002767,0.003904,0.000546,8,3,2024,"Cambridge, UK",ENABLON,0.007328
0.3364,0.000291,0.002225,0.003139,0.000299,9,3,2024,"Cambridge, UK",ENABLON,0.005954
0.5045,0.000187,0.002271,0.003204,0.000633,10,4,2024,"Cambridge, UK",ENABLON,0.006295
0.692,0.000278,0.002516,0.00355,0.000189,11,4,2024,"Cambridge, UK",ENABLON,0.006533
0.7667,9.7e-05,0.002353,0.00332,0.000354,12,4,2024,"Cambridge, UK",ENABLON,0.006124
0.3125,0.000244,0.002249,0.003173,0.000455,1,1,2025,"Cambridge, UK",ENABLON,0.006121
0.7258,0.000312,0.002321,0.003274,0.000578,2,1,2025,"Cambridge, UK",ENABLON,0.006485
0.6181,0.000283,0.0023,0.003244,0.000651,3,1,2025,"Cambridge, UK",ENABLON,0.006478
0.6428,9.6e-05,0.002294,0.003237,0.000242,4,2,2025,"Cambridge, UK",ENABLON,0.005869
0.6315,0.000115,0.00217,0.003062,0.000537,5,2,2025,"Cambridge, UK",ENABLON,0.005884
0.8587,0.000215,0.002685,0.003788,0.000324,6,2,2025,"Cambridge, UK",ENABLON,0.007012
0.3843,0.000322,0.002584,0.003646,0.000304,7,3,2025,"Cambridge, UK",ENABLON,0.006856
0.8575,0.000362,0.002515,0.003548,0.000411,8,3,2025,"Cambridge, UK",ENABLON,0.006836
0.4149,0.000279,0.002286,0.003225,0.000618,9,3,2025,"Cambridge, UK",ENABLON,0.006408
0.3048,0.000168,0.002285,0.003224,0.000323,10,4,2025,"Cambridge, UK",ENABLON,0.006
0.6495,8.8e-05,0.002417,0.00341,0.000534,11,4,2025,"Cambridge, UK",ENABLON,0.006449
0.4857,0.000203,0.002535,0.003576,0.00067,12,4,2025,"Cambridge, UK",ENABLON,0.006984
0.4905,0.000103,0.001283,0.001725,0.000199,1,1,2022,"Shanghai, China",ENABLON,0.00331
0.4969,9.5e-05,0.001351,0.001817,0.000133,2,1,2022,"Shanghai, China",ENABLON,0.003396
0.3224,4.7e-05,0.001355,0.001823,0.000153,3,1,2022,"Shanghai, China",ENABLON,0.003378
0.1718,5.6e-05,0.001401,0.001885,6.9e-05,4,2,2022,"Shanghai, China",ENABLON,0.003411
0.2312,9.3e-05,0.001251,0.001683,0.000102,5,2,2022,"Shanghai, China",ENABLON,0.003129
0.4916,7.5e-05,0.001526,0.002052,0.000311,6,2,2022,"Shanghai, China",ENABLON,0.003964
0.2985,0.000144,0.001371,0.001844,0.000101,7,3,2022,"Shanghai, China",ENABLON,0.00346
0.2554,4.1e-05,0.001333,0.001793,6.3e-05,8,3,2022,"Shanghai, China",ENABLON,0.00323
0.174,0.000107,0.001244,0.001673,0.000176,9,3,2022,"Shanghai, China",ENABLON,0.0032
0.4084,4.3e-05,0.0012,0.001614,9.1e-05,10,4,2022,"Shanghai, China",ENABLON,0.002948
0.2358,9.4e-05,0.001383,0.00186,0.000138,11,4,2022,"Shanghai, China",ENABLON,0.003475
0.1641,0.000118,0.001198,0.001611,0.000222,12,4,2022,"Shanghai, China",ENABLON,0.003149
0.2065,0.000117,0.001331,0.00179,0.000142,1,1,2023,"Shanghai, China",ENABLON,0.00338
0.4537,5.8e-05,0.001397,0.001879,0.000131,2,1,2023,"Shanghai, China",ENABLON,0.003465
0.5264,0.000138,0.001326,0.001784,0.000267,3,1,2023,"Shanghai, China",ENABLON,0.003515
0.2284,3.7e-05,0.001383,0.00186,0.000264,4,2,2023,"Shanghai, China",ENABLON,0.003544
0.3133,5.2e-05,0.001394,0.001875,0.000247,5,2,2023,"Shanghai, China",ENABLON,0.003568
0.266,0.000143,0.001378,0.001853,0.000198,6,2,2023,"Shanghai, China",ENABLON,0.003572
0.3365,4.8e-05,0.001285,0.001729,0.000188,7,3,2023,"Shanghai, China",ENABLON,0.00325
0.4781,3.8e-05,0.001495,0.002011,0.000146,8,3,2023,"Shanghai, China",ENABLON,0.00369
0.504,0.000142,0.001381,0.001857,0.000257,9,3,2023,"Shanghai, China",ENABLON,0.003637
0.3467,7.4e-05,0.00121,0.001628,6.8e-05,10,4,2023,"Shanghai, China",ENABLON,0.00298
0.3436,9.9e-05,0.001173,0.001578,0.000151,11,4,2023,"Shanghai, China",ENABLON,0.003001
0.2678,7.8e-05,0.001287,0.001731,0.000163,12,4,2023,"Shanghai, China",ENABLON,0.003259
0.3124,9.9e-05,0.001214,0.001633,0.000194,1,1,2024,"Shanghai, China",ENABLON,0.00314
0.3289,0.000118,0.001188,0.001597,0.000131,2,1,2024,"Shanghai, China",ENABLON,0.003034
0.3794,4.3e-05,0.00113,0.00152,9e-05,3,1,2024,"Shanghai, China",ENABLON,0.002783
0.3313,0.000118,0.001219,0.00164,0.000115,4,2,2024,"Shanghai, China",ENABLON,0.003092
0.2163,9.2e-05,0.001354,0.001821,0.000143,5,2,2024,"Shanghai, China",ENABLON,0.00341
0.3422,6.4e-05,0.001256,0.001689,0.000148,6,2,2024,"Shanghai, China",ENABLON,0.003157
0.3356,7.8e-05,0.00136,0.00183,0.000201,7,3,2024,"Shanghai, China",ENABLON,0.003469
0.3052,6.5e-05,0.001345,0.001809,0.00024,8,3,2024,"Shanghai, China",ENABLON,0.003459
0.2505,8.8e-05,0.001165,0.001568,9.5e-05,9,3,2024,"Shanghai, China",ENABLON,0.002916
0.3386,7.4e-05,0.001141,0.001535,0.000211,10,4,2024,"Shanghai, China",ENABLON,0.002961
0.1936,3.9e-05,0.001316,0.001771,0.000262,11,4,2024,"Shanghai, China",ENABLON,0.003388
0.2304,4.3e-05,0.00113,0.00152,8.6e-05,12,4,2024,"Shanghai, China",ENABLON,0.002779
0.2336,9.2e-05,0.001158,0.001557,0.000209,1,1,2025,"Shanghai, China",ENABLON,0.003016
0.4184,0.000133,0.001255,0.001688,0.000265,2,1,2025,"Shanghai, China",ENABLON,0.003341
0.2589,2.8e-05,0.001263,0.001699,0.000249,3,1,2025,"Shanghai, China",ENABLON,0.003239
0.2993,7.1e-05,0.001283,0.001726,0.000224,4,2,2025,"Shanghai, China",ENABLON,0.003304
0.3175,7.5e-05,0.001225,0.001647,0.000188,5,2,2025,"Shanghai, China",ENABLON,0.003135
0.2502,7.6e-05,0.001395,0.001877,9.4e-05,6,2,2025,"Shanghai, China",ENABLON,0.003442
0.4533,9e-05,0.001392,0.001872,0.000171,7,3,2025,"Shanghai, China",ENABLON,0.003525
0.4629,8.4e-05,0.001394,0.001875,0.00023,8,3,2025,"Shanghai, China",ENABLON,0.003583
0.3482,0.0001,0.00116,0.001561,8.6e-05,9,3,2025,"Shanghai, China",ENABLON,0.002907
0.2515,7.8e-05,0.001135,0.001527,0.000135,10,4,2025,"Shanghai, China",ENABLON,0.002875
0.1566,0.000124,0.001224,0.001647,7.8e-05,11,4,2025,"Shanghai, China",ENABLON,0.003073
0.3034,6.4e-05,0.00128,0.001722,0.000235,12,4,2025,"Shanghai, China",ENABLON,0.003301
0.9396,7.9e-05,0.00232,0.004578,0.000333,1,1,2022,"Osaka, Japan",ENABLON,0.00731
0.6684,0.000374,0.002497,0.004928,0.000251,2,1,2022,"Osaka, Japan",ENABLON,0.00805
1.0632,0.000252,0.002362,0.004662,0.000502,3,1,2022,"Osaka, Japan",ENABLON,0.007778
0.8266,0.000201,0.002523,0.00498,0.000286,4,2,2022,"Osaka, Japan",ENABLON,0.00799
0.6502,0.00022,0.002159,0.004261,0.000193,5,2,2022,"Osaka, Japan",ENABLON,0.006833
0.8929,0.000121,0.002732,0.005393,0.000234,6,2,2022,"Osaka, Japan",ENABLON,0.00848
0.5201,0.000211,0.002295,0.004531,0.000537,7,3,2022,"Osaka, Japan",ENABLON,0.007574
0.5671,0.000154,0.002314,0.004568,0.0007,8,3,2022,"Osaka, Japan",ENABLON,0.007736
0.7481,9.1e-05,0.002376,0.004689,0.000189,9,3,2022,"Osaka, Japan",ENABLON,0.007345
0.471,0.000177,0.002151,0.004246,0.000595,10,4,2022,"Osaka, Japan",ENABLON,0.007169
0.3937,0.000193,0.002123,0.00419,0.000416,11,4,2022,"Osaka, Japan",ENABLON,0.006922
0.5848,0.000119,0.002512,0.004958,0.000698,12,4,2022,"Osaka, Japan",ENABLON,0.008287
0.8032,0.000199,0.002203,0.004348,0.000527,1,1,2023,"Osaka, Japan",ENABLON,0.007277
0.943,0.000228,0.002429,0.004795,0.000507,2,1,2023,"Osaka, Japan",ENABLON,0.007959
0.3713,0.000104,0.002133,0.00421,0.000137,3,1,2023,"Osaka, Japan",ENABLON,0.006584
1.029,0.000212,0.002188,0.004319,0.000577,4,2,2023,"Osaka, Japan",ENABLON,0.007296
0.9672,0.000247,0.002403,0.004742,0.000425,5,2,2023,"Osaka, Japan",ENABLON,0.007817
0.944,0.000207,0.002352,0.004643,0.000663,6,2,2023,"Osaka, Japan",ENABLON,0.007865
1.0792,0.000275,0.00256,0.005054,0.000349,7,3,2023,"Osaka, Japan",ENABLON,0.008238
0.9182,0.000329,0.002297,0.004533,0.000286,8,3,2023,"Osaka, Japan",ENABLON,0.007445
0.785,0.00012,0.002214,0.004371,0.000641,9,3,2023,"Osaka, Japan",ENABLON,0.007346
0.9983,0.000133,0.002186,0.004314,0.000651,10,4,2023,"Osaka, Japan",ENABLON,0.007284
0.9845,0.000144,0.002132,0.004208,0.000467,11,4,2023,"Osaka, Japan",ENABLON,0.006951
0.7552,0.000135,0.002322,0.004582,0.000563,12,4,2023,"Osaka, Japan",ENABLON,0.007602
0.4563,0.000369,0.002377,0.004692,0.000476,1,1,2024,"Osaka, Japan",ENABLON,0.007914
0.6252,0.000143,0.001993,0.003934,0.000505,2,1,2024,"Osaka, Japan",ENABLON,0.006575
0.3834,0.000183,0.002057,0.00406,0.000388,3,1,2024,"Osaka, Japan",ENABLON,0.006688
0.9249,0.000177,0.002248,0.004438,0.00056,4,2,2024,"Osaka, Japan",ENABLON,0.007423
0.4513,7.5e-05,0.002318,0.004575,0.000374,5,2,2024,"Osaka, Japan",ENABLON,0.007342
0.8235,0.000321,0.002579,0.005091,0.000371,6,2,2024,"Osaka, Japan",ENABLON,0.008362
1.0199,0.000133,0.002175,0.004293,0.000433,7,3,2024,"Osaka, Japan",ENABLON,0.007034
0.5001,0.0003,0.002209,0.00436,0.000589,8,3,2024,"Osaka, Japan",ENABLON,0.007458
0.6332,0.000133,0.001956,0.00386,0.000171,9,3,2024,"Osaka, Japan",ENABLON,0.00612
0.793,0.000267,0.002117,0.004178,0.000173,10,4,2024,"Osaka, Japan",ENABLON,0.006735
0.3426,0.000117,0.002014,0.003975,0.000305,11,4,2024,"Osaka, Japan",ENABLON,0.006411
0.9603,0.000264,0.00224,0.004421,0.00026,12,4,2024,"Osaka, Japan",ENABLON,0.007185
1.0311,0.000268,0.002226,0.004393,0.000494,1,1,2025,"Osaka, Japan",ENABLON,0.007381
0.3258,7.7e-05,0.002049,0.004045,0.000285,2,1,2025,"Osaka, Japan",ENABLON,0.006456
0.652,0.000325,0.002209,0.00436,0.00056,3,1,2025,"Osaka, Japan",ENABLON,0.007454
0.9292,0.000166,0.001985,0.003919,0.000169,4,2,2025,"Osaka, Japan",ENABLON,0.006239
0.4671,0.000232,0.002027,0.004,0.000223,5,2,2025,"Osaka, Japan",ENABLON,0.006482
0.5582,0.000334,0.002481,0.004896,0.000647,6,2,2025,"Osaka, Japan",ENABLON,0.008358
0.5666,9.6e-05,0.002151,0.004246,0.000357,7,3,2025,"Osaka, Japan",ENABLON,0.00685
0.7633,0.000133,0.002333,0.004605,0.000256,8,3,2025,"Osaka, Japan",ENABLON,0.007327
0.6099,0.000132,0.002279,0.004498,0.000211,9,3,2025,"Osaka, Japan",ENABLON,0.00712
0.5583,0.000138,0.001958,0.003865,0.000318,10,4,2025,"Osaka, Japan",ENABLON,0.006279
0.7611,0.000276,0.002078,0.004101,0.000164,11,4,2025,"Osaka, Japan",ENABLON,0.006619
0.5087,0.000119,0.00204,0.004027,0.000161,12,4,2025,"Osaka, Japan",ENABLON,0.006347
0.4618,0.000283,0.003185,0.002771,0.000639,1,1,2022,"Sydney, Australia",ENABLON,0.006878
0.8703,0.000344,0.003453,0.003004,0.000474,2,1,2022,"Sydney, Australia",ENABLON,0.007275
0.5842,0.00025,0.003275,0.002849,0.000647,3,1,2022,"Sydney, Australia",ENABLON,0.007021
0.9215,0.000149,0.003248,0.002826,0.000595,4,2,2022,"Sydney, Australia",ENABLON,0.006818
0.6954,0.000219,0.003151,0.002741,0.000298,5,2,2022,"Sydney, Australia",ENABLON,0.006409
0.7583,0.000132,0.003397,0.002955,0.000489,6,2,2022,"Sydney, Australia",ENABLON,0.006973
1.0764,0.000267,0.003819,0.003322,0.000298,7,3,2022,"Sydney, Australia",ENABLON,0.007706
0.7909,0.000272,0.003346,0.002911,0.000534,8,3,2022,"Sydney, Australia",ENABLON,0.007063
0.3787,0.000127,0.002884,0.002509,0.000291,9,3,2022,"Sydney, Australia",ENABLON,0.005811
0.6571,0.000282,0.002976,0.002588,0.000138,10,4,2022,"Sydney, Australia",ENABLON,0.005984
0.5566,0.000161,0.003445,0.002996,0.000551,11,4,2022,"Sydney, Australia",ENABLON,0.007153
1.0073,0.000203,0.003253,0.00283,0.000531,12,4,2022,"Sydney, Australia",ENABLON,0.006817
0.842,7e-05,0.003158,0.002748,0.000275,1,1,2023,"Sydney, Australia",ENABLON,0.006251
0.8395,0.000189,0.002964,0.002579,0.000236,2,1,2023,"Sydney, Australia",ENABLON,0.005968
0.783,0.00024,0.003169,0.002757,0.000255,3,1,2023,"Sydney, Australia",ENABLON,0.006421
0.596,0.000145,0.003134,0.002726,0.00032,4,2,2023,"Sydney, Australia",ENABLON,0.006325
0.3975,7.1e-05,0.002765,0.002405,0.0005,5,2,2023,"Sydney, Australia",ENABLON,0.005741
0.4039,0.000127,0.003465,0.003014,0.000219,6,2,2023,"Sydney, Australia",ENABLON,0.006825
0.5416,0.000328,0.003437,0.00299,0.000601,7,3,2023,"Sydney, Australia",ENABLON,0.007356
0.7825,0.00014,0.00309,0.002688,0.000487,8,3,2023,"Sydney, Australia",ENABLON,0.006405
0.4524,0.000117,0.002911,0.002532,0.000201,9,3,2023,"Sydney, Australia",ENABLON,0.005761
0.7995,0.000128,0.003036,0.002641,0.000435,10,4,2023,"Sydney, Australia",ENABLON,0.00624
0.3977,0.000147,0.00281,0.002444,0.000555,11,4,2023,"Sydney, Australia",ENABLON,0.005956
0.7915,0.000241,0.003032,0.002637,0.00037,12,4,2023,"Sydney, Australia",ENABLON,0.00628
0.5743,6.9e-05,0.003163,0.002751,0.000533,1,1,2024,"Sydney, Australia",ENABLON,0.006516
0.7417,0.000301,0.003183,0.002769,0.000519,2,1,2024,"Sydney, Australia",ENABLON,0.006772
0.5514,0.000113,0.002766,0.002406,0.000437,3,1,2024,"Sydney, Australia",ENABLON,0.005722
0.3437,0.000204,0.002945,0.002562,0.000298,4,2,2024,"Sydney, Australia",ENABLON,0.006009
0.3838,9e-05,0.002757,0.002398,0.00032,5,2,2024,"Sydney, Australia",ENABLON,0.005565
0.6057,0.000233,0.002951,0.002567,0.000358,6,2,2024,"Sydney, Australia",ENABLON,0.006109
0.6695,0.00035,0.003548,0.003087,0.000683,7,3,2024,"Sydney, Australia",ENABLON,0.007668
0.6173,0.000221,0.003263,0.002839,0.00047,8,3,2024,"Sydney, Australia",ENABLON,0.006793
0.607,0.000138,0.002699,0.002348,0.000511,9,3,2024,"Sydney, Australia",ENABLON,0.005696
0.7974,0.000114,0.002791,0.002428,0.00031,10,4,2024,"Sydney, Australia",ENABLON,0.005643
0.7573,0.000185,0.003105,0.002701,0.000381,11,4,2024,"Sydney, Australia",ENABLON,0.006372
0.8059,0.000294,0.00309,0.002688,0.00045,12,4,2024,"Sydney, Australia",ENABLON,0.006522
0.6181,0.000235,0.00273,0.002374,0.000126,1,1,2025,"Sydney, Australia",ENABLON,0.005465
0.4753,0.000216,0.002979,0.002592,0.000456,2,1,2025,"Sydney, Australia",ENABLON,0.006243
0.6478,0.000116,0.002852,0.002481,0.000429,3,1,2025,"Sydney, Australia",ENABLON,0.005878
0.8247,6.7e-05,0.003138,0.00273,0.000554,4,2,2025,"Sydney, Australia",ENABLON,0.006489
0.6789,0.000155,0.002961,0.002576,0.000558,5,2,2025,"Sydney, Australia",ENABLON,0.00625
0.6406,0.000121,0.00342,0.002975,0.000425,6,2,2025,"Sydney, Australia",ENABLON,0.006941
0.9883,0.000151,0.003374,0.002935,0.000274,7,3,2025,"Sydney, Australia",ENABLON,0.006734
0.6006,0.000147,0.003266,0.002841,0.000334,8,3,2025,"Sydney, Australia",ENABLON,0.006588
0.7227,8.5e-05,0.003095,0.002692,0.000489,9,3,2025,"Sydney, Australia",ENABLON,0.006361
0.7576,9.6e-05,0.003037,0.002642,0.000292,10,4,2025,"Sydney, Australia",ENABLON,0.006067
0.9386,0.000141,0.003125,0.002719,0.000327,11,4,2025,"Sydney, Australia",ENABLON,0.006312
0.7088,7.9e-05,0.00306,0.002662,0.000124,12,4,2025,"Sydney, Australia",ENABLON,0.005925
0.4123,0.000204,0.00212,0.003315,0.000267,1,1,2022,"Sodertalje, Sweden",ENABLON,0.005906
0.8033,0.00015,0.002125,0.003323,0.000514,2,1,2022,"Sodertalje, Sweden",ENABLON,0.006112
0.715,9.3e-05,0.002126,0.003326,0.000133,3,1,2022,"Sodertalje, Sweden",ENABLON,0.005678
0.6968,0.000144,0.00216,0.003378,0.000502,4,2,2022,"Sodertalje, Sweden",ENABLON,0.006184
0.5223,9.8e-05,0.002325,0.003637,0.000525,5,2,2022,"Sodertalje, Sweden",ENABLON,0.006585
0.7217,0.000146,0.002435,0.003808,0.000259,6,2,2022,"Sodertalje, Sweden",ENABLON,0.006648
0.3884,8.8e-05,0.002485,0.003886,0.000463,7,3,2022,"Sodertalje, Sweden",ENABLON,0.006922
1.0529,0.00022,0.002622,0.0041,0.000136,8,3,2022,"Sodertalje, Sweden",ENABLON,0.007078
0.6318,5.4e-05,0.002086,0.003263,0.000325,9,3,2022,"Sodertalje, Sweden",ENABLON,0.005728
0.6997,0.000297,0.00249,0.003894,0.000508,10,4,2022,"Sodertalje, Sweden",ENABLON,0.007189
0.8434,0.000138,0.002195,0.003433,0.000301,11,4,2022,"Sodertalje, Sweden",ENABLON,0.006067
0.8431,0.0003,0.002496,0.003903,0.000537,12,4,2022,"Sodertalje, Sweden",ENABLON,0.007236
0.4791,0.000131,0.002147,0.003359,0.000133,1,1,2023,"Sodertalje, Sweden",ENABLON,0.00577
0.6953,0.000194,0.002025,0.003167,0.000289,2,1,2023,"Sodertalje, Sweden",ENABLON,0.005675
0.8859,0.000204,0.002372,0.003709,0.000186,3,1,2023,"Sodertalje, Sweden",ENABLON,0.006471
0.5231,0.000226,0.002104,0.00329,0.000403,4,2,2023,"Sodertalje, Sweden",ENABLON,0.006023
0.5803,0.000165,0.002253,0.003524,0.000413,5,2,2023,"Sodertalje, Sweden",ENABLON,0.006355
0.8746,0.000277,0.00227,0.00355,0.000566,6,2,2023,"Sodertalje, Sweden",ENABLON,0.006663
0.7768,6.5e-05,0.002187,0.00342,0.000269,7,3,2023,"Sodertalje, Sweden",ENABLON,0.005941
0.5869,0.000202,0.002337,0.003654,0.000327,8,3,2023,"Sodertalje, Sweden",ENABLON,0.00652
0.8696,0.000154,0.00225,0.00352,0.000151,9,3,2023,"Sodertalje, Sweden",ENABLON,0.006075
0.9828,0.000267,0.002391,0.003739,0.000597,10,4,2023,"Sodertalje, Sweden",ENABLON,0.006994
0.4029,0.000103,0.002304,0.003604,0.000253,11,4,2023,"Sodertalje, Sweden",ENABLON,0.006264
0.6309,0.000247,0.00221,0.003456,0.000367,12,4,2023,"Sodertalje, Sweden",ENABLON,0.00628
0.6556,0.00011,0.001974,0.003088,0.000417,1,1,2024,"Sodertalje, Sweden",ENABLON,0.005589
0.5774,9.1e-05,0.002154,0.003368,0.000489,2,1,2024,"Sodertalje, Sweden",ENABLON,0.006102
0.392,9.8e-05,0.001969,0.003079,0.000363,3,1,2024,"Sodertalje, Sweden",ENABLON,0.005509
0.5828,7.7e-05,0.002241,0.003505,0.000411,4,2,2024,"Sodertalje, Sweden",ENABLON,0.006234
0.8632,0.000265,0.002225,0.00348,0.000184,5,2,2024,"Sodertalje, Sweden",ENABLON,0.006154
0.6539,0.000127,0.002471,0.003865,0.000235,6,2,2024,"Sodertalje, Sweden",ENABLON,0.006698
0.7018,9.9e-05,0.002533,0.003961,0.000191,7,3,2024,"Sodertalje, Sweden",ENABLON,0.006784
0.9176,0.000233,0.002452,0.003835,0.000168,8,3,2024,"Sodertalje, Sweden",ENABLON,0.006688
0.7567,0.000199,0.002317,0.003624,0.000475,9,3,2024,"Sodertalje, Sweden",ENABLON,0.006615
0.5243,0.000207,0.00208,0.003254,0.000406,10,4,2024,"Sodertalje, Sweden",ENABLON,0.005947
0.8149,0.000245,0.002193,0.003431,0.000359,11,4,2024,"Sodertalje, Sweden",ENABLON,0.006228
0.3172,6.9e-05,0.002015,0.003151,0.000149,12,4,2024,"Sodertalje, Sweden",ENABLON,0.005384
0.3872,0.000217,0.002164,0.003385,0.000519,1,1,2025,"Sodertalje, Sweden",ENABLON,0.006285
0.6296,0.000244,0.00201,0.003144,0.000448,2,1,2025,"Sodertalje, Sweden",ENABLON,0.005846
0.6777,0.000147,0.001859,0.002908,0.000117,3,1,2025,"Sodertalje, Sweden",ENABLON,0.005031
0.7314,0.00014,0.002263,0.003539,0.00026,4,2,2025,"Sodertalje, Sweden",ENABLON,0.006202
0.4431,0.000188,0.002187,0.003421,0.00034,5,2,2025,"Sodertalje, Sweden",ENABLON,0.006136
0.4007,0.000159,0.002224,0.003478,0.000354,6,2,2025,"Sodertalje, Sweden",ENABLON,0.006215
0.6756,0.000187,0.002472,0.003867,0.000543,7,3,2025,"Sodertalje, Sweden",ENABLON,0.007069
0.825,0.000214,0.002317,0.003624,0.000185,8,3,2025,"Sodertalje, Sweden",ENABLON,0.00634
0.8939,0.000121,0.002149,0.00336,0.000368,9,3,2025,"Sodertalje, Sweden",ENABLON,0.005998
0.5438,0.000184,0.001909,0.002986,0.00048,10,4,2025,"Sodertalje, Sweden",ENABLON,0.005559
0.5423,0.000212,0.002201,0.003442,0.000331,11,4,2025,"Sodertalje, Sweden",ENABLON,0.006186
0.4488,0.000246,0.002263,0.00354,0.000266,12,4,2025,"Sodertalje, Sweden",ENABLON,0.006315
0.7919,0.000119,0.003064,0.004219,0.000617,1,1,2022,"Newark, USA",ENABLON,0.008019
1.1906,0.00027,0.003292,0.004533,0.000734,2,1,2022,"Newark, USA",ENABLON,0.008829
1.1204,0.000196,0.003696,0.005088,0.000532,3,1,2022,"Newark, USA",ENABLON,0.009512
0.9938,0.000214,0.003695,0.005088,0.000672,4,2,2022,"Newark, USA",ENABLON,0.009669
1.1298,0.000129,0.003219,0.004432,0.00055,5,2,2022,"Newark, USA",ENABLON,0.00833
0.9927,0.000328,0.003623,0.004988,0.000249,6,2,2022,"Newark, USA",ENABLON,0.009188
1.0011,0.00034,0.003927,0.005408,0.00078,7,3,2022,"Newark, USA",ENABLON,0.010455
0.6917,0.000295,0.003453,0.004754,0.000242,8,3,2022,"Newark, USA",ENABLON,0.008744
0.9853,0.000282,0.003126,0.004304,0.000264,9,3,2022,"Newark, USA",ENABLON,0.007976
0.9396,0.000226,0.003035,0.004178,0.000535,10,4,2022,"Newark, USA",ENABLON,0.007974
0.8757,0.0004,0.003694,0.005086,0.000265,11,4,2022,"Newark, USA",ENABLON,0.009445
1.3887,0.000112,0.003595,0.00495,0.000763,12,4,2022,"Newark, USA",ENABLON,0.00942
0.8933,0.000339,0.003055,0.004206,0.000167,1,1,2023,"Newark, USA",ENABLON,0.007767
0.8044,0.000263,0.003325,0.004578,0.000732,2,1,2023,"Newark, USA",ENABLON,0.008898
0.8903,0.000197,0.00296,0.004075,0.000262,3,1,2023,"Newark, USA",ENABLON,0.007494
1.1018,0.000201,0.003561,0.004903,0.00058,4,2,2023,"Newark, USA",ENABLON,0.009245
1.2427,0.000321,0.003457,0.00476,0.000567,5,2,2023,"Newark, USA",ENABLON,0.009105
0.819,0.000302,0.003698,0.005092,0.000351,6,2,2023,"Newark, USA",ENABLON,0.009443
0.9708,0.000221,0.003318,0.004568,0.000199,7,3,2023,"Newark, USA",ENABLON,0.008306
0.9648,0.000267,0.003598,0.004953,0.000177,8,3,2023,"Newark, USA",ENABLON,0.008995
0.5627,0.000294,0.003116,0.004291,0.00056,9,3,2023,"Newark, USA",ENABLON,0.008261
0.9065,0.000201,0.003254,0.00448,0.000526,10,4,2023,"Newark, USA",ENABLON,0.008461
0.9871,0.000314,0.003003,0.004134,0.00017,11,4,2023,"Newark, USA",ENABLON,0.007621
0.8375,7.4e-05,0.003058,0.004211,0.000587,12,4,2023,"Newark, USA",ENABLON,0.00793
0.8555,0.000212,0.003186,0.004387,0.000611,1,1,2024,"Newark, USA",ENABLON,0.008396
0.531,0.000302,0.003217,0.004429,0.00056,2,1,2024,"Newark, USA",ENABLON,0.008508
0.6107,0.000344,0.003323,0.004576,0.000729,3,1,2024,"Newark, USA",ENABLON,0.008972
1.0602,0.000234,0.003226,0.004442,0.00025,4,2,2024,"Newark, USA",ENABLON,0.008152
0.4808,0.00012,0.002925,0.004027,0.0002,5,2,2024,"Newark, USA",ENABLON,0.007272
1.3565,9.1e-05,0.003523,0.004851,0.000701,6,2,2024,"Newark, USA",ENABLON,0.009166
0.8231,0.00025,0.003484,0.004797,0.000386,7,3,2024,"Newark, USA",ENABLON,0.008917
1.3544,0.000188,0.003789,0.005217,0.000171,8,3,2024,"Newark, USA",ENABLON,0.009365
0.7937,0.000261,0.003175,0.004372,0.000592,9,3,2024,"Newark, USA",ENABLON,0.0084
1.2491,0.000224,0.003212,0.004422,0.000548,10,4,2024,"Newark, USA",ENABLON,0.008406
0.4708,0.000127,0.00307,0.004226,0.000437,11,4,2024,"Newark, USA",ENABLON,0.00786
0.674,0.000133,0.003365,0.004634,0.000296,12,4,2024,"Newark, USA",ENABLON,0.008428
0.6248,0.000251,0.003266,0.004497,0.000712,1,1,2025,"Newark, USA",ENABLON,0.008726
0.4313,0.000234,0.002976,0.004097,0.000203,2,1,2025,"Newark, USA",ENABLON,0.00751
0.6802,0.000303,0.002912,0.00401,0.000332,3,1,2025,"Newark, USA",ENABLON,0.007557
0.8479,0.000171,0.002807,0.003865,0.000255,4,2,2025,"Newark, USA",ENABLON,0.007098
1.1638,0.000274,0.003084,0.004247,0.000178,5,2,2025,"Newark, USA",ENABLON,0.007783
1.0182,0.000197,0.003501,0.00482,0.00028,6,2,2025,"Newark, USA",ENABLON,0.008798
0.607,0.000217,0.003584,0.004935,0.000553,7,3,2025,"Newark, USA",ENABLON,0.009289
1.0312,9.2e-05,0.0037,0.005095,0.000457,8,3,2025,"Newark, USA",ENABLON,0.009344
0.728,9.1e-05,0.002803,0.00386,0.00019,9,3,2025,"Newark, USA",ENABLON,0.006944
0.6043,0.000155,0.002796,0.00385,0.000449,10,4,2025,"Newark, USA",ENABLON,0.00725
0.3908,0.000126,0.002923,0.004025,0.00059,11,4,2025,"Newark, USA",ENABLON,0.007664
0.4795,0.000169,0.002987,0.004113,0.000657,12,4,2025,"Newark, USA",ENABLON,0.007926
0.9105,0.000265,0.002267,0.005548,0.000769,1,1,2022,"Milan, Italy",ENABLON,0.008849
1.0667,0.000311,0.002453,0.006002,0.000866,2,1,2022,"Milan, Italy",ENABLON,0.009632
0.8535,0.000482,0.002545,0.006229,0.000339,3,1,2022,"Milan, Italy",ENABLON,0.009595
0.9321,0.000441,0.002285,0.005592,0.000717,4,2,2022,"Milan, Italy",ENABLON,0.009035
0.5896,0.000276,0.002403,0.00588,0.000836,5,2,2022,"Milan, Italy",ENABLON,0.009395
0.5499,0.00015,0.002339,0.005725,0.000565,6,2,2022,"Milan, Italy",ENABLON,0.008779
1.1808,0.000121,0.002531,0.006194,0.00079,7,3,2022,"Milan, Italy",ENABLON,0.009636
1.2058,0.000224,0.00284,0.006951,0.000861,8,3,2022,"Milan, Italy",ENABLON,0.010876
1.2054,0.00048,0.002456,0.00601,0.000337,9,3,2022,"Milan, Italy",ENABLON,0.009283
1.2656,0.000253,0.002359,0.005774,0.000393,10,4,2022,"Milan, Italy",ENABLON,0.008779
1.3344,0.000223,0.002538,0.006211,0.000855,11,4,2022,"Milan, Italy",ENABLON,0.009827
0.5677,0.000229,0.002569,0.006287,0.000534,12,4,2022,"Milan, Italy",ENABLON,0.009619
0.5499,0.000396,0.002095,0.005127,0.00065,1,1,2023,"Milan, Italy",ENABLON,0.008268
0.805,0.000265,0.002085,0.005102,0.000656,2,1,2023,"Milan, Italy",ENABLON,0.008108
0.9765,0.000262,0.002459,0.006017,0.000943,3,1,2023,"Milan, Italy",ENABLON,0.009681
1.3619,0.00029,0.002393,0.005856,0.000553,4,2,2023,"Milan, Italy",ENABLON,0.009092
1.0597,0.000256,0.002465,0.006032,0.00074,5,2,2023,"Milan, Italy",ENABLON,0.009493
1.2821,0.000416,0.002723,0.006664,0.000858,6,2,2023,"Milan, Italy",ENABLON,0.010661
1.4413,0.000414,0.002642,0.006465,0.000413,7,3,2023,"Milan, Italy",ENABLON,0.009934
1.1672,0.00033,0.002679,0.006556,0.000958,8,3,2023,"Milan, Italy",ENABLON,0.010523
1.2844,0.000342,0.002336,0.005718,0.000898,9,3,2023,"Milan, Italy",ENABLON,0.009294
1.1232,0.000118,0.002298,0.005624,0.000346,10,4,2023,"Milan, Italy",ENABLON,0.008386
0.7933,0.000244,0.002294,0.005613,0.000873,11,4,2023,"Milan, Italy",ENABLON,0.009024
0.6262,0.000411,0.002229,0.005456,0.000256,12,4,2023,"Milan, Italy",ENABLON,0.008352
0.6833,0.00013,0.002234,0.005467,0.000719,1,1,2024,"Milan, Italy",ENABLON,0.00855
0.8519,0.000332,0.002125,0.005201,0.000312,2,1,2024,"Milan, Italy",ENABLON,0.00797
0.9107,0.000392,0.002091,0.005118,0.000367,3,1,2024,"Milan, Italy",ENABLON,0.007968
0.9633,0.000266,0.002361,0.005778,0.000213,4,2,2024,"Milan, Italy",ENABLON,0.008618
0.6918,0.000303,0.002211,0.005412,0.000424,5,2,2024,"Milan, Italy",ENABLON,0.00835
0.6023,0.000427,0.002367,0.005793,0.000191,6,2,2024,"Milan, Italy",ENABLON,0.008778
0.5088,0.000278,0.002367,0.005794,0.000263,7,3,2024,"Milan, Italy",ENABLON,0.008702
0.8774,0.000145,0.002445,0.005984,0.000312,8,3,2024,"Milan, Italy",ENABLON,0.008886
0.704,0.000156,0.002064,0.005051,0.000592,9,3,2024,"Milan, Italy",ENABLON,0.007863
1.0411,0.000146,0.002128,0.005207,0.000457,10,4,2024,"Milan, Italy",ENABLON,0.007938
0.5189,0.000352,0.002043,0.005,0.000445,11,4,2024,"Milan, Italy",ENABLON,0.00784
1.1089,0.000207,0.002152,0.005266,0.000466,12,4,2024,"Milan, Italy",ENABLON,0.008091
0.6553,9.3e-05,0.002016,0.004935,0.000281,1,1,2025,"Milan, Italy",ENABLON,0.007325
0.6099,0.000146,0.002251,0.005508,0.00082,2,1,2025,"Milan, Italy",ENABLON,0.008725
0.7516,0.000174,0.002137,0.00523,0.000619,3,1,2025,"Milan, Italy",ENABLON,0.00816
0.703,0.000331,0.002167,0.005304,0.00072,4,2,2025,"Milan, Italy",ENABLON,0.008522
1.2621,0.000269,0.002259,0.005529,0.000809,5,2,2025,"Milan, Italy",ENABLON,0.008866
0.5683,0.000144,0.002522,0.006173,0.00051,6,2,2025,"Milan, Italy",ENABLON,0.009349
0.9993,0.000253,0.002134,0.005224,0.000274,7,3,2025,"Milan, Italy",ENABLON,0.007885
1.266,0.00021,0.002236,0.005472,0.000657,8,3,2025,"Milan, Italy",ENABLON,0.008575
0.8309,0.000192,0.002248,0.005501,0.000487,9,3,2025,"Milan, Italy",ENABLON,0.008428
0.8377,0.000144,0.002258,0.005526,0.000356,10,4,2025,"Milan, Italy",ENABLON,0.008284
1.2017,0.000359,0.002038,0.004989,0.000656,11,4,2025,"Milan, Italy",ENABLON,0.008042
0.948,0.000145,0.002037,0.004986,0.00069,12,4,2025,"Milan, Italy",ENABLON,0.007858
